%OpenBCI Raw EXG Data
%Number of channels = 8
%Sample Rate = 250 Hz
%Board = OpenBCI_GUI$BoardCytonSerial
Sample Index, EXG Channel 0, EXG Channel 1, EXG Channel 2, EXG Channel 3, EXG Channel 4, EXG Channel 5, EXG Channel 6, EXG Channel 7, Accel Channel 0, Accel Channel 1, Accel Channel 2, Not Used, Digital Channel 0 (D11), Digital Channel 1 (D12), Digital Channel 2 (D13), Digital Channel 3 (D17), Not Used, Digital Channel 4 (D18), Analog Channel 0, Analog Channel 1, Analog Channel 2, Timestamp, Marker Channel, Timestamp (Formatted)
206.0, 50308.83703337157, -75302.78120074049, 50420.59575564811, -132315.15226544766, -127321.03494656504, -80421.82241938383, -84067.23547783321, -74366.01959061857, 0.0, 0.0, 0.0, 192.0, 0.0, 0.0, 0.0, 0.0, 0.0, 0.0, 0.0, 0.0, 0.0, 1.769680279896653E9, 0.0, 2026-01-29 15:21:19.896
207.0, 50496.81520424071, -87009.10502780737, 40281.19627013162, -145403.6632661418, -127329.81918213597, -80431.27720728841, -84070.02944589013, -74372.03220987704, 0.0, 0.0, 0.0, 192.0, 0.0, 0.0, 0.0, 0.0, 0.0, 0.0, 0.0, 0.0, 0.0, 1.769680279896804E9, 0.0, 2026-01-29 15:21:19.896
208.0, 50683.228752997966, -98501.16503252566, -5506.173432609253, -155884.50799995757, -127338.1563828178, -80441.22373357102, -84073.2480970917, -74378.6036227469, 0.0, 0.0, 0.0, 192.0, 0.0, 0.0, 0.0, 0.0, 0.0, 0.0, 0.0, 0.0, 0.0, 1.769680279896893E9, 0.0, 2026-01-29 15:21:19.896
209.0, 50629.763380260876, -94875.93559931942, 23271.116408242753, -150349.5902239788, -127332.0543565815, -80437.62510271372, -84070.27531507914, -74377.7989599465, 0.0, 0.0, 0.0, 192.0, 0.0, 0.0, 0.0, 0.0, 0.0, 0.0, 0.0, 0.0, 0.0, 1.769680279896979E9, 0.0, 2026-01-29 15:21:19.896
210.0, 50396.43351989192, -80113.36834590058, 49867.524190845994, -135165.22320094387, -127320.61026342039, -80428.2373700425, -84066.81079468856, -74375.49673026762, 0.0, 0.0, 0.0, 192.0, 0.0, 0.0, 0.0, 0.0, 0.0, 0.0, 0.0, 0.0, 0.0, 1.769680279897077E9, 0.0, 2026-01-29 15:21:19.897
211.0, 50326.04787660216, -75365.76841661554, 50437.560729689685, -132412.29294685042, -127316.92222558525, -80425.42105024113, -84065.06735862105, -74375.74259945663, 0.0, 0.0, 0.0, 192.0, 0.0, 0.0, 0.0, 0.0, 0.0, 0.0, 0.0, 0.0, 0.0, 1.769680279897165E9, 0.0, 2026-01-29 15:21:19.897
212.0, 50516.86471901712, -87191.65172477385, 40013.13179887913, -145572.86597166848, -127326.9581588457, -80436.12753583521, -84069.13537611191, -74383.07397163796, -0.498, -0.352, 0.786, 192.0, 240.0, 112.0, 245.0, 0.0, 24.0, 144.0, 0.0, 0.0, 0.0, 1.769680279897249E9, 0.0, 2026-01-29 15:21:19.897
213.0, 50703.61354394121, -98570.90247522623, -5264.618130280749, -155893.31458727297, -127337.59758920642, -80448.59980924128, -84074.72331222575, -74392.10407639791, -0.498, -0.352, 0.786, 192.0, 0.0, 0.0, 0.0, 0.0, 0.0, 0.0, 0.0, 0.0, 0.0, 1.769680279897342E9, 0.0, 2026-01-29 15:21:19.897
214.0, 50649.00823223689, -94768.08843232256, 24228.955713386025, -150191.63044591315, -127333.35075775991, -80446.81166968486, -84073.53866976961, -74393.13225664286, -0.498, -0.352, 0.786, 192.0, 0.0, 0.0, 0.0, 0.0, 0.0, 0.0, 0.0, 0.0, 0.0, 1.769680279897448E9, 0.0, 2026-01-29 15:21:19.897
215.0, 50414.73959860082, -79971.50182384274, 49951.52204650904, -135029.83868477808, -127321.16905703177, -80436.6416259577, -84069.51535576765, -74390.1147711414, -0.498, -0.352, 0.786, 192.0, 0.0, 0.0, 0.0, 0.0, 0.0, 0.0, 0.0, 0.0, 0.0, 1.769680279897559E9, 0.0, 2026-01-29 15:21:19.897
216.0, 50349.29369083568, -75419.054975397, 50460.292453800736, -132502.8845671278, -127319.38091747534, -80435.61344571275, -84069.64946623439, -74392.12642814236, -0.498, -0.352, 0.786, 192.0, 0.0, 0.0, 0.0, 0.0, 0.0, 0.0, 0.0, 0.0, 0.0, 1.769680279897646E9, 0.0, 2026-01-29 15:21:19.897
217.0, 50542.83744607418, -87358.90982853292, 39770.74948200578, -145735.6537265365, -127330.53443795854, -80447.48222201852, -84074.81271920356, -74400.48598056866, -0.498, -0.352, 0.786, 192.0, 0.0, 0.0, 0.0, 0.0, 0.0, 0.0, 0.0, 0.0, 0.0, 1.769680279897744E9, 0.0, 2026-01-29 15:21:19.897
218.0, 50727.30639306383, -98642.40570573875, -5226.150778073165, -155925.4563957997, -127340.36920551887, -80459.0380739019, -84079.64069600591, -74408.66671903929, -0.498, -0.352, 0.786, 192.0, 0.0, 0.0, 0.0, 0.0, 0.0, 0.0, 0.0, 0.0, 0.0, 1.769680279897831E9, 0.0, 2026-01-29 15:21:19.897
219.0, 50669.12480224667, -94656.77674493514, 24988.311527766175, -150049.00396454384, -127335.22830429416, -80456.35586456727, -84077.80785296057, -74409.04669869503, -0.498, -0.352, 0.786, 192.0, 0.0, 0.0, 0.0, 0.0, 0.0, 0.0, 0.0, 0.0, 0.0, 1.76968027989796E9, 0.0, 2026-01-29 15:21:19.897
220.0, 50433.76093313229, -79838.10661293348, 50025.64043112283, -134921.38802068093, -127322.21958902116, -80445.29175106189, -84072.77871045814, -74405.09043992644, -0.498, -0.352, 0.786, 192.0, 0.0, 0.0, 0.0, 0.0, 0.0, 0.0, 0.0, 0.0, 0.0, 1.769680279898119E9, 0.0, 2026-01-29 15:21:19.898
221.0, 50371.01958644624, -75491.00524079862, 50481.43720405546, -132610.30705098, -127320.051469809, -80444.08475686131, -84072.3987308024, -74406.63271029387, -0.498, -0.352, 0.786, 192.0, 0.0, 0.0, 0.0, 0.0, 0.0, 0.0, 0.0, 0.0, 0.0, 1.769680279898266E9, 0.0, 2026-01-29 15:21:19.898
222.0, 50563.64692016208, -87535.93564461895, 39593.388389752916, -145906.39870243057, -127328.8580571244, -80453.60659999927, -84075.05858839257, -74412.62297780789, -0.498, -0.352, 0.79, 192.0, 240.0, 112.0, 245.0, 0.0, 24.0, 176.0, 0.0, 0.0, 0.0, 1.769680279898383E9, 0.0, 2026-01-29 15:21:19.898
223.0, 50743.46670430502, -98683.97995042562, -4698.940181605838, -155907.9996833801, -127336.30118802801, -80462.7931669704, -84077.62903900493, -74418.47913485517, -0.498, -0.352, 0.79, 192.0, 0.0, 0.0, 0.0, 0.0, 0.0, 0.0, 0.0, 0.0, 0.0, 1.769680279898494E9, 0.0, 2026-01-29 15:21:19.898
224.0, 50687.006197810915, -94525.84022591595, 25970.447179132367, -149870.86056123502, -127335.8541531389, -80464.6930652491, -84080.37830357293, -74423.39651863535, -0.498, -0.352, 0.79, 192.0, 0.0, 0.0, 0.0, 0.0, 0.0, 0.0, 0.0, 0.0, 0.0, 1.769680279898583E9, 0.0, 2026-01-29 15:21:19.898
0.0, 0.0, 0.0, 0.0, 0.0, 0.0, 0.0, 0.0, 0.0, -0.498, -0.352, 0.79, 192.0, 0.0, 0.0, 0.0, 0.0, 0.0, 0.0, 0.0, 0.0, 0.0, 1.769680279983419E9, 0.0, 2026-01-29 15:21:19.983
1.0, 71601.1982084749, -116891.15219010737, -50238.540797059635, -182547.97101592674, -128227.35348073882, -83732.80867729291, -85622.80513320031, -78885.34115378156, -0.646, -0.322, 0.67, 192.0, 235.0, 208.0, 245.0, 240.0, 20.0, 240.0, 0.0, 0.0, 0.0, 1.769680280051254E9, 0.0, 2026-01-29 15:21:20.051
2.0, 71455.08485497056, -103748.70643004257, 49189.57342977208, -168443.99791288353, -128217.69752713414, -83726.93016850116, -85620.99464189944, -78885.5199677372, -0.646, -0.322, 0.67, 192.0, 0.0, 0.0, 0.0, 0.0, 0.0, 0.0, 0.0, 0.0, 0.0, 1.769680280051387E9, 0.0, 2026-01-29 15:21:20.051
3.0, 71403.51938051217, -100643.3562211223, 67430.69796928143, -166099.03169858834, -128215.4623526886, -83725.56671208939, -85620.68171747705, -78887.4198660159, -0.646, -0.322, 0.67, 192.0, 0.0, 0.0, 0.0, 0.0, 0.0, 0.0, 0.0, 0.0, 0.0, 1.769680280051488E9, 0.0, 2026-01-29 15:21:20.051
4.0, 71531.75133845226, -111671.19284524833, -4791.319941439622, -178318.4398196268, -128225.09595454884, -83734.2615406825, -85624.92854892356, -78893.9242236524, -0.646, -0.322, 0.67, 192.0, 0.0, 0.0, 0.0, 0.0, 0.0, 0.0, 0.0, 0.0, 0.0, 1.769680280051627E9, 0.0, 2026-01-29 15:21:20.051
5.0, 71670.89094768655, -121067.35212413695, -79393.06102908385, -187500.02235174447, -128230.68389066267, -83740.72119483008, -85626.47081929097, -78897.76872369871, -0.646, -0.322, 0.67, 192.0, 0.0, 0.0, 0.0, 0.0, 0.0, 0.0, 0.0, 0.0, 0.0, 1.769680280051762E9, 0.0, 2026-01-29 15:21:20.051
6.0, 71656.31761030169, -116759.4110082878, -48093.08625377253, -182280.95707666365, -128229.43219297317, -83742.6657965977, -85628.48247629196, -78901.92614816739, -0.646, -0.322, 0.67, 192.0, 0.0, 0.0, 0.0, 0.0, 0.0, 0.0, 0.0, 0.0, 0.0, 1.769680280051844E9, 0.0, 2026-01-29 15:21:20.051
7.0, 71513.35585276554, -103696.91743813962, 50712.375427767685, -168239.8147272843, -128222.65961440321, -83739.53655237396, -85629.53300828136, -78905.05539239114, -0.646, -0.322, 0.67, 192.0, 0.0, 0.0, 0.0, 0.0, 0.0, 0.0, 0.0, 0.0, 0.0, 1.769680280051934E9, 0.0, 2026-01-29 15:21:20.051
8.0, 71464.00320100824, -100811.93307780422, 67507.16328706304, -166106.3630707697, -128219.73153587956, -83737.59195060635, -85628.48247629196, -78906.1729796139, -0.718, -0.302, 0.618, 192.0, 233.0, 144.0, 246.0, 144.0, 19.0, 80.0, 0.0, 0.0, 0.0, 1.769680280052014E9, 0.0, 2026-01-29 15:21:20.052
9.0, 71594.26916769375, -111881.8580367396, -4730.813769199106, -178369.13357605145, -128229.63335867327, -83746.75616583302, -85632.88576994966, -78912.90085469495, -0.718, -0.302, 0.618, 192.0, 0.0, 0.0, 0.0, 0.0, 0.0, 0.0, 0.0, 0.0, 0.0, 1.769680280052104E9, 0.0, 2026-01-29 15:21:20.052
10.0, 71734.2357914729, -121091.42495291532, -79177.27728811232, -187500.02235174447, -128237.36706225481, -83755.38393919278, -85636.48440080696, -78918.91347395343, -0.718, -0.302, 0.618, 192.0, 0.0, 0.0, 0.0, 0.0, 0.0, 0.0, 0.0, 0.0, 0.0, 1.769680280052185E9, 0.0, 2026-01-29 15:21:20.052
11.0, 71717.18141045349, -116628.27332356852, -46112.98991596579, -182047.51545757242, -128235.24364653155, -83756.65798862673, -85637.84785721873, -78922.48975306627, -0.718, -0.302, 0.618, 192.0, 0.0, 0.0, 0.0, 0.0, 0.0, 0.0, 0.0, 0.0, 0.0, 1.769680280052279E9, 0.0, 2026-01-29 15:21:20.052
12.0, 71572.47621684984, -103641.59687061273, 52037.520949545025, -168036.34679750763, -128226.52646619397, -83751.74060484655, -85636.88673220716, -78923.5849885446, -0.718, -0.302, 0.618, 192.0, 0.0, 0.0, 0.0, 0.0, 0.0, 0.0, 0.0, 0.0, 0.0, 1.769680280052376E9, 0.0, 2026-01-29 15:21:20.052
13.0, 71526.65514071645, -101005.56624002055, 67559.15344466608, -166118.07538486426, -128225.27476850449, -83751.53943914645, -85637.5125810519, -78926.22249439031, -0.718, -0.302, 0.618, 192.0, 0.0, 0.0, 0.0, 0.0, 0.0, 0.0, 0.0, 0.0, 0.0, 1.769680280052477E9, 0.0, 2026-01-29 15:21:20.052
14.0, 71656.60818297962, -112106.22484758197, -4724.97996389627, -178434.110097183, -128234.72955640907, -83760.27897122849, -85641.55824679832, -78932.45863109334, -0.718, -0.302, 0.618, 192.0, 0.0, 0.0, 0.0, 0.0, 0.0, 0.0, 0.0, 0.0, 0.0, 1.769680280052777E9, 0.0, 2026-01-29 15:21:20.052
15.0, 71793.0432311348, -121135.14496506989, -78964.15340473097, -187500.02235174447, -128240.96569311211, -83767.40917770972, -85643.77106949939, -78937.13014568451, -0.718, -0.302, 0.618, 192.0, 0.0, 0.0, 0.0, 0.0, 0.0, 0.0, 0.0, 0.0, 0.0, 1.769680280052885E9, 0.0, 2026-01-29 15:21:20.052
16.0, 71772.25610879136, -116522.79544148392, -44068.81112680568, -181790.91743122548, -128237.45646923262, -83767.16330852071, -85643.6593107771, -78939.34296838558, -0.718, -0.302, 0.618, 192.0, 0.0, 0.0, 0.0, 0.0, 0.0, 0.0, 0.0, 0.0, 0.0, 1.769680280111575E9, 0.0, 2026-01-29 15:21:20.111
17.0, 71627.37210123207, -103608.2033643965, 53335.41969483134, -167832.23066714176, -128228.73928889506, -83762.08946252936, -85642.72053750999, -78940.4829073528, -0.718, -0.302, 0.618, 192.0, 0.0, 0.0, 0.0, 0.0, 0.0, 0.0, 0.0, 0.0, 0.0, 1.769680280111826E9, 0.0, 2026-01-29 15:21:20.111
18.0, 71583.22740593283, -101187.84471605357, 67529.24681058488, -166128.89362918065, -128226.90644584972, -83761.12833751779, -85642.78759274335, -78942.65102656497, -0.746, -0.296, 0.584, 192.0, 232.0, 176.0, 246.0, 192.0, 18.0, 64.0, 0.0, 0.0, 0.0, 1.769680280112E9, 0.0, 2026-01-29 15:21:20.112
19.0, 71715.19210519697, -112331.41867296919, -5143.046992188334, -178518.30911854617, -128237.79174539946, -83771.03016031148, -85647.99554920144, -78950.1388609575, -0.746, -0.296, 0.584, 192.0, 0.0, 0.0, 0.0, 0.0, 0.0, 0.0, 0.0, 0.0, 0.0, 1.769680280112175E9, 0.0, 2026-01-29 15:21:20.112
20.0, 71852.94590627502, -121181.6589452814, -78869.80669138512, -187471.47917407504, -128247.15712632623, -83781.40136973874, -85653.35996787071, -78957.85021279457, -0.746, -0.296, 0.584, 192.0, 0.0, 0.0, 0.0, 0.0, 0.0, 0.0, 0.0, 0.0, 0.0, 1.769680280112288E9, 0.0, 2026-01-29 15:21:20.112
21.0, 71832.22583916495, -116422.01142573493, -42209.48126429096, -181577.88295482195, -128246.017187359, -83783.63654418428, -85655.72925278297, -78962.32056168563, -0.746, -0.296, 0.584, 192.0, 0.0, 0.0, 0.0, 0.0, 0.0, 0.0, 0.0, 0.0, 0.0, 1.769680280112373E9, 0.0, 2026-01-29 15:21:20.112
22.0, 71687.31947986121, -103578.56495124877, 54474.97868239626, -167656.65771444532, -128237.41176574372, -83778.71916040411, -85654.92458998259, -78963.68401809741, -0.746, -0.296, 0.584, 192.0, 0.0, 0.0, 0.0, 0.0, 0.0, 0.0, 0.0, 0.0, 0.0, 1.769680280112483E9, 0.0, 2026-01-29 15:21:20.112
23.0, 71645.52171772977, -101384.45066028245, 67484.8338943522, -166169.5291006004, -128235.71303316511, -83777.73568364808, -85654.81283126031, -78965.69567509838, -0.746, -0.296, 0.584, 192.0, 0.0, 0.0, 0.0, 0.0, 0.0, 0.0, 0.0, 0.0, 0.0, 1.769680280112569E9, 0.0, 2026-01-29 15:21:20.112
24.0, 71777.95580362747, -112564.30149844903, -5664.222617652728, -178620.65775640702, -128245.99483561455, -83787.10106457485, -85659.46199410701, -78972.60236413508, -0.746, -0.296, 0.584, 192.0, 0.0, 0.0, 0.0, 0.0, 0.0, 0.0, 0.0, 0.0, 0.0, 1.769680280112662E9, 0.0, 2026-01-29 15:21:20.112
25.0, 71911.55218023685, -121228.64231212644, -78819.64937682741, -187427.46858924255, -128252.16391708421, -83794.14186407828, -85661.78657553036, -78977.11741651504, -0.746, -0.296, 0.584, 192.0, 0.0, 0.0, 0.0, 0.0, 0.0, 0.0, 0.0, 0.0, 0.0, 1.769680280112749E9, 0.0, 2026-01-29 15:21:20.112
26.0, 71888.17225553658, -116320.1545262521, -40582.0283987556, -181395.5150718111, -128249.19113507165, -83794.49949198955, -85662.5688865863, -78980.0901985276, -0.746, -0.296, 0.584, 192.0, 0.0, 0.0, 0.0, 0.0, 0.0, 0.0, 0.0, 0.0, 0.0, 1.769680280112848E9, 0.0, 2026-01-29 15:21:20.112
27.0, 71741.52246016532, -103535.96252631696, 55414.06487394153, -167501.26838699204, -128237.81409714391, -83786.8775471303, -85658.85849700672, -78978.5926316491, -0.746, -0.296, 0.584, 192.0, 0.0, 0.0, 0.0, 0.0, 0.0, 0.0, 0.0, 0.0, 0.0, 1.769680280112945E9, 0.0, 2026-01-29 15:21:20.112
28.0, 71701.15520967904, -101553.85453150923, 67458.59294636166, -166219.90993260263, -128234.99777734253, -83784.7764831515, -85657.49504059495, -78979.21848049384, -0.764, -0.29, 0.5680000000000001, 192.0, 232.0, 32.0, 246.0, 240.0, 17.0, 192.0, 0.0, 0.0, 0.0, 1.769680280113041E9, 0.0, 2026-01-29 15:21:20.113
29.0, 71832.15878393159, -112749.73157045027, -6004.058540351217, -178708.7236295609, -128242.88794313527, -83791.68317218819, -85659.7749185294, -78983.75588461828, -0.764, -0.29, 0.5680000000000001, 192.0, 0.0, 0.0, 0.0, 0.0, 0.0, 0.0, 0.0, 0.0, 0.0, 1.769680280113136E9, 0.0, 2026-01-29 15:21:20.113
30.0, 71965.59869832978, -121235.43724244085, -78677.7157995362, -187365.8224780348, -128250.97927462809, -83800.69092520367, -85664.11115695372, -78990.41670446596, -0.764, -0.29, 0.5680000000000001, 192.0, 0.0, 0.0, 0.0, 0.0, 0.0, 0.0, 0.0, 0.0, 0.0, 1.769680280113233E9, 0.0, 2026-01-29 15:21:20.113
31.0, 71939.87184046171, -116175.33757392617, -38618.65116580143, -181174.29985693694, -128247.78297517098, -83800.9814978816, -85664.60289533173, -78993.32243124515, -0.764, -0.29, 0.5680000000000001, 192.0, 0.0, 0.0, 0.0, 0.0, 0.0, 0.0, 0.0, 0.0, 0.0, 1.769680280171844E9, 0.0, 2026-01-29 15:21:20.171
32.0, 71793.89259742411, -103465.30866209372, 56469.40248839885, -167336.29016116742, -128237.34471051034, -83794.16421582273, -85661.80892727482, -78992.65187891149, -0.764, -0.29, 0.5680000000000001, 192.0, 0.0, 0.0, 0.0, 0.0, 0.0, 0.0, 0.0, 0.0, 0.0, 1.769680280171985E9, 0.0, 2026-01-29 15:21:20.171
33.0, 71760.02970457432, -101707.52277463947, 67413.37536732857, -166259.18194761063, -128238.97638785558, -83796.55585247945, -85664.89346800966, -78997.70337315838, -0.764, -0.29, 0.5680000000000001, 192.0, 0.0, 0.0, 0.0, 0.0, 0.0, 0.0, 0.0, 0.0, 0.0, 1.769680280172101E9, 0.0, 2026-01-29 15:21:20.172
34.0, 71893.73783990597, -112944.07998848916, -6448.612385822819, -178811.02756393285, -128249.30289379394, -83806.07769561741, -85669.58733434527, -79004.61006219508, -0.764, -0.29, 0.5680000000000001, 192.0, 0.0, 0.0, 0.0, 0.0, 0.0, 0.0, 0.0, 0.0, 0.0, 1.769680280172246E9, 0.0, 2026-01-29 15:21:20.172
35.0, 72024.71906241406, -121225.66953011388, -78526.95328318517, -187297.2473260459, -128257.01424563101, -83814.95133816617, -85673.5212413694, -79010.98030936484, -0.764, -0.29, 0.5680000000000001, 192.0, 0.0, 0.0, 0.0, 0.0, 0.0, 0.0, 0.0, 0.0, 0.0, 1.769680280172385E9, 0.0, 2026-01-29 15:21:20.172
36.0, 71997.94167255661, -115997.75296422876, -36456.07518626156, -180936.6114063992, -128255.2708095635, -83816.67242248922, -85675.51054662593, -79015.2941960447, -0.764, -0.29, 0.5680000000000001, 192.0, 0.0, 0.0, 0.0, 0.0, 0.0, 0.0, 0.0, 0.0, 0.0, 1.769680280172502E9, 0.0, 2026-01-29 15:21:20.172
37.0, 71852.05183649682, -103352.38764910551, 57573.33279530201, -167116.66192014958, -128245.50309723653, -83810.54804450847, -85673.49888962494, -79015.62947221154, -0.764, -0.29, 0.5680000000000001, 192.0, 0.0, 0.0, 0.0, 0.0, 0.0, 0.0, 0.0, 0.0, 0.0, 1.769680280172601E9, 0.0, 2026-01-29 15:21:20.172
38.0, 71821.04996693731, -101832.42432265573, 67407.42980330346, -166253.21403184105, -128248.02884435999, -83813.67728873221, -85677.25398269344, -79021.48562925884, -0.778, -0.28, 0.562, 192.0, 231.0, 176.0, 247.0, 64.0, 17.0, 144.0, 0.0, 0.0, 0.0, 1.769680280172681E9, 0.0, 2026-01-29 15:21:20.172
39.0, 71953.99814295747, -113137.78020593885, -6734.804121828571, -178904.0778761003, -128256.4778037641, -83821.27688184702, -85679.95854377253, -79026.47006827236, -0.778, -0.28, 0.562, 192.0, 0.0, 0.0, 0.0, 0.0, 0.0, 0.0, 0.0, 0.0, 0.0, 1.769680280172824E9, 0.0, 2026-01-29 15:21:20.172
40.0, 72082.54302531994, -121236.95716106382, -78323.17242898613, -187244.9442440205, -128263.60801024533, -83829.41291682875, -85683.57952637429, -79032.3038735752, -0.778, -0.28, 0.562, 192.0, 0.0, 0.0, 0.0, 0.0, 0.0, 0.0, 0.0, 0.0, 0.0, 1.769680280172974E9, 0.0, 2026-01-29 15:21:20.172
41.0, 72051.6082109938, -115824.77281388913, -34163.36735050289, -180709.47297924437, -128260.36700729931, -83829.54702729548, -85684.2277269635, -79035.14254512102, -0.778, -0.28, 0.562, 192.0, 0.0, 0.0, 0.0, 0.0, 0.0, 0.0, 0.0, 0.0, 0.0, 1.769680280173104E9, 0.0, 2026-01-29 15:21:20.173
42.0, 71904.69019468906, -103224.64742954343, 58663.40502064288, -166891.84807441809, -128249.86168740533, -83822.81915221443, -85681.50081413994, -79034.56139976518, -0.778, -0.28, 0.562, 192.0, 0.0, 0.0, 0.0, 0.0, 0.0, 0.0, 0.0, 0.0, 0.0, 1.769680280173198E9, 0.0, 2026-01-29 15:21:20.173
43.0, 71869.93323206106, -101929.74381801413, 67453.22852769238, -166245.45797651506, -128246.6206844593, -83820.36046032434, -85679.4668053945, -79034.71786197637, -0.778, -0.28, 0.562, 192.0, 0.0, 0.0, 0.0, 0.0, 0.0, 0.0, 0.0, 0.0, 0.0, 1.769680280173294E9, 0.0, 2026-01-29 15:21:20.173
44.0, 72003.61901564825, -113270.97425114803, -6675.527295533097, -178960.11369944975, -128255.51667875251, -83828.22827437261, -85682.50664264044, -79039.88111494554, -0.778, -0.28, 0.562, 192.0, 0.0, 0.0, 0.0, 0.0, 0.0, 0.0, 0.0, 0.0, 0.0, 1.769680280173376E9, 0.0, 2026-01-29 15:21:20.173
45.0, 72129.92872356519, -121200.56852109058, -77956.51441294127, -187162.71217616944, -128262.35631255584, -83836.1854953987, -85685.81470081981, -79045.40199582602, -0.778, -0.28, 0.562, 192.0, 0.0, 0.0, 0.0, 0.0, 0.0, 0.0, 0.0, 0.0, 0.0, 1.769680280173482E9, 0.0, 2026-01-29 15:21:20.173
46.0, 72098.25630167202, -115630.64791329479, -31486.053047901758, -180442.77196440363, -128260.43406253267, -83837.8395244884, -85687.93811654307, -79049.8052894837, -0.778, -0.28, 0.562, 192.0, 0.0, 0.0, 0.0, 0.0, 0.0, 0.0, 0.0, 0.0, 0.0, 1.769680280232019E9, 0.0, 2026-01-29 15:21:20.232
47.0, 71955.07102669132, -103111.77112004414, 59818.476118859784, -166664.39672284087, -128253.86264966281, -83834.95614945366, -85689.01100027694, -79053.04629242973, -0.778, -0.28, 0.562, 192.0, 0.0, 0.0, 0.0, 0.0, 0.0, 0.0, 0.0, 0.0, 0.0, 1.769680280232139E9, 0.0, 2026-01-29 15:21:20.232
48.0, 71925.43261354358, -102055.15945615286, 67488.4325252095, -166235.86907814373, -128253.46031826263, -83835.22437038712, -85689.59214563276, -79055.77320525327, -0.778, -0.28400000000000003, 0.556, 192.0, 231.0, 176.0, 247.0, 32.0, 17.0, 96.0, 0.0, 0.0, 0.0, 1.76968028023225E9, 0.0, 2026-01-29 15:21:20.232
49.0, 72061.66649599868, -113448.00006723405, -6658.942301147259, -179040.62468297777, -128263.6750654787, -83844.50034433608, -85694.04014277937, -79062.4116733565, -0.778, -0.28400000000000003, 0.556, 192.0, 0.0, 0.0, 0.0, 0.0, 0.0, 0.0, 0.0, 0.0, 0.0, 1.769680280232377E9, 0.0, 2026-01-29 15:21:20.232
50.0, 72186.3892300593, -121183.04475343761, -77549.9585330437, -187087.87853573306, -128271.05114114896, -83852.97165548464, -85698.08580852578, -79068.49134784834, -0.778, -0.28400000000000003, 0.556, 192.0, 0.0, 0.0, 0.0, 0.0, 0.0, 0.0, 0.0, 0.0, 0.0, 1.769680280232505E9, 0.0, 2026-01-29 15:21:20.232
51.0, 72150.15705229725, -115444.7037511711, -28695.661270101224, -180180.2283740316, -128267.34075156937, -83852.81519327345, -85698.35402945925, -79071.10650194962, -0.778, -0.28400000000000003, 0.556, 192.0, 0.0, 0.0, 0.0, 0.0, 0.0, 0.0, 0.0, 0.0, 0.0, 1.769680280232617E9, 0.0, 2026-01-29 15:21:20.232
52.0, 72003.68607088162, -102986.60135109442, 60927.748492687766, -166398.65683301174, -128257.86361192031, -83847.02609145953, -85696.6776486251, -79071.77705428327, -0.778, -0.28400000000000003, 0.556, 192.0, 0.0, 0.0, 0.0, 0.0, 0.0, 0.0, 0.0, 0.0, 0.0, 1.769680280232709E9, 0.0, 2026-01-29 15:21:20.232
53.0, 71975.8357972903, -102153.19420733383, 67548.26814511635, -166171.45135062354, -128257.48363226459, -83847.18255367072, -85697.19173874757, -79074.414560129, -0.778, -0.28400000000000003, 0.556, 192.0, 0.0, 0.0, 0.0, 0.0, 0.0, 0.0, 0.0, 0.0, 0.0, 1.769680280232794E9, 0.0, 2026-01-29 15:21:20.232
54.0, 72110.2144849556, -113615.5710954155, -6517.589869211897, -179088.2786021565, -128265.39614980176, -83854.06689096295, -85699.1810440041, -79078.54963285323, -0.778, -0.28400000000000003, 0.556, 192.0, 0.0, 0.0, 0.0, 0.0, 0.0, 0.0, 0.0, 0.0, 0.0, 1.769680280232903E9, 0.0, 2026-01-29 15:21:20.232
55.0, 72234.73605331613, -121186.9563087173, -77113.00428068689, -187009.33450571712, -128273.93451618368, -83863.67814107874, -85704.36664871773, -79085.8139498012, -0.778, -0.28400000000000003, 0.556, 192.0, 0.0, 0.0, 0.0, 0.0, 0.0, 0.0, 0.0, 0.0, 0.0, 1.769680280233009E9, 0.0, 2026-01-29 15:21:20.233
56.0, 72196.67103250873, -115298.52334243339, -26044.789081190716, -179939.27656880338, -128270.20177485966, -83863.56638235645, -85704.94779407357, -79088.60791785811, -0.778, -0.28400000000000003, 0.556, 192.0, 0.0, 0.0, 0.0, 0.0, 0.0, 0.0, 0.0, 0.0, 0.0, 1.769680280233122E9, 0.0, 2026-01-29 15:21:20.233
57.0, 72048.56837374787, -102916.05924559347, 61909.124184742475, -166172.5242343574, -128258.8694404208, -83856.01149273057, -85701.37151496072, -79087.37857191308, -0.778, -0.28400000000000003, 0.556, 192.0, 0.0, 0.0, 0.0, 0.0, 0.0, 0.0, 0.0, 0.0, 0.0, 1.769680280233235E9, 0.0, 2026-01-29 15:21:20.233
58.0, 72022.72975715755, -102313.67973252294, 67598.76073584089, -166165.90811799862, -128257.9753706426, -83855.7432717971, -85701.32681147181, -79089.45728414741, -0.784, -0.28400000000000003, 0.552, 192.0, 231.0, 128.0, 247.0, 32.0, 17.0, 64.0, 0.0, 0.0, 0.0, 1.769680280233328E9, 0.0, 2026-01-29 15:21:20.233
59.0, 72160.32709602441, -113796.73198422576, -6354.578596899342, -179132.49035268908, -128268.0783591364, -83864.90748702378, -85705.39482896267, -79095.73812433936, -0.784, -0.28400000000000003, 0.552, 192.0, 0.0, 0.0, 0.0, 0.0, 0.0, 0.0, 0.0, 0.0, 0.0, 1.769680280233429E9, 0.0, 2026-01-29 15:21:20.233
60.0, 72281.49590271663, -121186.82219825056, -76630.67598708582, -186907.7234754233, -128275.20856561764, -83873.06587374996, -85709.23932900898, -79101.63898487556, -0.784, -0.28400000000000003, 0.552, 192.0, 0.0, 0.0, 0.0, 0.0, 0.0, 0.0, 0.0, 0.0, 0.0, 1.769680280233523E9, 0.0, 2026-01-29 15:21:20.233
61.0, 72241.39687316382, -115174.85114036217, -23503.999233722596, -179689.89815591552, -128271.00643766003, -83872.5964871164, -85709.37343947572, -79104.07532502119, -0.784, -0.28400000000000003, 0.552, 192.0, 0.0, 0.0, 0.0, 0.0, 0.0, 0.0, 0.0, 0.0, 0.0, 1.769680280292632E9, 0.0, 2026-01-29 15:21:20.292
62.0, 72095.50703710402, -102896.21089651715, 62768.23583462666, -165999.8793601846, -128261.68576022217, -83866.91914402475, -85707.74176213048, -79104.76822909931, -0.784, -0.28400000000000003, 0.552, 192.0, 0.0, 0.0, 0.0, 0.0, 0.0, 0.0, 0.0, 0.0, 0.0, 1.769680280292752E9, 0.0, 2026-01-29 15:21:20.292
63.0, 72071.81418798139, -102489.16327824155, 67595.13975323913, -166203.41434519464, -128260.90344916625, -83866.67327483575, -85707.69705864157, -79106.84694133366, -0.784, -0.28400000000000003, 0.552, 192.0, 0.0, 0.0, 0.0, 0.0, 0.0, 0.0, 0.0, 0.0, 0.0, 1.769680280292842E9, 0.0, 2026-01-29 15:21:20.292
64.0, 72207.80220124748, -113964.1018467071, -6401.025521877471, -179199.76910349957, -128269.37476031481, -83873.98229527262, -85710.15575053165, -79111.49610418035, -0.784, -0.28400000000000003, 0.552, 192.0, 0.0, 0.0, 0.0, 0.0, 0.0, 0.0, 0.0, 0.0, 0.0, 1.769680280292986E9, 0.0, 2026-01-29 15:21:20.292
65.0, 72326.80288872754, -121192.11956168647, -76229.77509853544, -186830.0511634411, -128276.01322841803, -83881.78305408753, -85713.68732615559, -79116.99463331635, -0.784, -0.28400000000000003, 0.552, 192.0, 0.0, 0.0, 0.0, 0.0, 0.0, 0.0, 0.0, 0.0, 0.0, 1.76968028029309E9, 0.0, 2026-01-29 15:21:20.293
66.0, 72285.7650859076, -115066.15460707601, -21304.721689787115, -179480.0599789691, -128272.68281849418, -83881.98421978763, -85714.60374767825, -79120.28033975129, -0.784, -0.28400000000000003, 0.552, 192.0, 0.0, 0.0, 0.0, 0.0, 0.0, 0.0, 0.0, 0.0, 0.0, 1.769680280293187E9, 0.0, 2026-01-29 15:21:20.293
67.0, 72141.46222370413, -102880.51997190953, 63477.59079666028, -165854.16833808046, -128265.01617014602, -83877.75974008557, -85714.44728546707, -79122.426107219, -0.784, -0.28400000000000003, 0.552, 192.0, 0.0, 0.0, 0.0, 0.0, 0.0, 0.0, 0.0, 0.0, 0.0, 1.769680280293285E9, 0.0, 2026-01-29 15:21:20.293
68.0, 72125.34661595186, -102671.37469904122, 67498.7813828923, -166251.78352019592, -128269.95590567063, -83883.41473143277, -85720.19168379209, -79130.11510731162, -0.784, -0.28800000000000003, 0.544, 192.0, 231.0, 128.0, 247.0, 0.0, 17.0, 0.0, 0.0, 0.0, 0.0, 1.769680280293372E9, 0.0, 2026-01-29 15:21:20.293
69.0, 72262.6086786519, -114176.62223298816, -7075.489410816362, -179323.55306429305, -128278.94130694168, -83891.50606292559, -85723.231521038, -79135.32306376971, -0.784, -0.28800000000000003, 0.544, 192.0, 0.0, 0.0, 0.0, 0.0, 0.0, 0.0, 0.0, 0.0, 0.0, 1.769680280293487E9, 0.0, 2026-01-29 15:21:20.293
70.0, 72379.97768878672, -121237.22538199728, -76084.66757353158, -186801.10565437147, -128285.69153376718, -83899.3068217405, -85726.7407449175, -79141.00040686136, -0.784, -0.28800000000000003, 0.544, 192.0, 0.0, 0.0, 0.0, 0.0, 0.0, 0.0, 0.0, 0.0, 0.0, 1.769680280293575E9, 0.0, 2026-01-29 15:21:20.293
71.0, 72335.52006906511, -114956.11696912254, -19427.30926600805, -179286.1809475638, -128281.04237092048, -83898.2562897511, -85726.5842827063, -79143.10147084016, -0.784, -0.28800000000000003, 0.544, 192.0, 0.0, 0.0, 0.0, 0.0, 0.0, 0.0, 0.0, 0.0, 0.0, 1.769680280293672E9, 0.0, 2026-01-29 15:21:20.293
72.0, 72191.35131732837, -102811.22956409807, 64106.725347843814, -165681.07642901855, -128273.35337082784, -83894.25532749359, -85726.5395792174, -79145.51545924133, -0.784, -0.28800000000000003, 0.544, 192.0, 0.0, 0.0, 0.0, 0.0, 0.0, 0.0, 0.0, 0.0, 0.0, 1.769680280293771E9, 0.0, 2026-01-29 15:21:20.293
73.0, 72172.37468628582, -102807.94385766315, 67382.5076082358, -166304.33247141034, -128273.04044640547, -83894.41178970478, -85726.67368968412, -79147.84004066468, -0.784, -0.28800000000000003, 0.544, 192.0, 0.0, 0.0, 0.0, 0.0, 0.0, 0.0, 0.0, 0.0, 0.0, 1.769680280293869E9, 0.0, 2026-01-29 15:21:20.293
74.0, 72310.48611527517, -114364.57805211283, -7799.551820701578, -179448.94635068733, -128281.8246819764, -83902.21254851969, -85729.60176820777, -79152.80212793376, -0.784, -0.28800000000000003, 0.544, 192.0, 0.0, 0.0, 0.0, 0.0, 0.0, 0.0, 0.0, 0.0, 0.0, 1.769680280293952E9, 0.0, 2026-01-29 15:21:20.293
75.0, 72423.67534919684, -121257.14078630696, -75857.149166721, -186761.94539808578, -128286.29503086748, -83907.7557811446, -85730.94287287508, -79156.17724134651, -0.784, -0.28800000000000003, 0.544, 192.0, 0.0, 0.0, 0.0, 0.0, 0.0, 0.0, 0.0, 0.0, 0.0, 1.769680280294043E9, 0.0, 2026-01-29 15:21:20.294
76.0, 72379.86593006444, -114818.51963025566, -17249.35528628293, -179053.54399127295, -128284.90922271124, -83909.94625210122, -85733.96035837656, -79161.5863635047, -0.784, -0.28800000000000003, 0.544, 192.0, 0.0, 0.0, 0.0, 0.0, 0.0, 0.0, 0.0, 0.0, 0.0, 1.76968028035275E9, 0.0, 2026-01-29 15:21:20.352
77.0, 72233.59611434891, -102731.21031894807, 64747.4828061441, -165480.13424636534, -128275.52149004002, -83903.97833633165, -85732.17221882012, -79162.189860605, -0.784, -0.28800000000000003, 0.544, 192.0, 0.0, 0.0, 0.0, 0.0, 0.0, 0.0, 0.0, 0.0, 0.0, 1.769680280352861E9, 0.0, 2026-01-29 15:21:20.352
78.0, 72215.55825657348, -102944.06598139596, 67274.10164762755, -166346.9125445977, -128274.15803362823, -83902.99485957561, -85731.16639031963, -79163.4415582945, -0.786, -0.28800000000000003, 0.55, 192.0, 231.0, 112.0, 247.0, 0.0, 17.0, 48.0, 0.0, 0.0, 0.0, 1.769680280352947E9, 0.0, 2026-01-29 15:21:20.352
79.0, 72353.53557509609, -114534.04897857297, -8396.902191269659, -179559.7439479523, -128282.11525465433, -83909.94625210122, -85733.2898060429, -79167.46487229645, -0.786, -0.28800000000000003, 0.55, 192.0, 0.0, 0.0, 0.0, 0.0, 0.0, 0.0, 0.0, 0.0, 0.0, 1.769680280353087E9, 0.0, 2026-01-29 15:21:20.353
80.0, 72466.18836715083, -121255.33029500608, -75522.6776626918, -186721.15346445484, -128288.30668786845, -83917.36703126038, -85736.48610550001, -79172.71753224343, -0.786, -0.28800000000000003, 0.55, 192.0, 0.0, 0.0, 0.0, 0.0, 0.0, 0.0, 0.0, 0.0, 0.0, 1.769680280353181E9, 0.0, 2026-01-29 15:21:20.353
81.0, 72418.0427095941, -114654.3684189759, -14834.74103626502, -178809.3064796098, -128284.90922271124, -83917.59054870493, -85737.62604446722, -79176.27145961183, -0.786, -0.28800000000000003, 0.55, 192.0, 0.0, 0.0, 0.0, 0.0, 0.0, 0.0, 0.0, 0.0, 0.0, 1.769680280353273E9, 0.0, 2026-01-29 15:21:20.353
82.0, 72272.19757702322, -102632.59442241126, 65415.62115140214, -165270.02784848545, -128276.30380109594, -83912.49435096912, -85736.6872712001, -79177.72432300143, -0.786, -0.28800000000000003, 0.55, 192.0, 0.0, 0.0, 0.0, 0.0, 0.0, 0.0, 0.0, 0.0, 0.0, 1.769680280353364E9, 0.0, 2026-01-29 15:21:20.353
83.0, 72259.81471059498, -103071.47092479121, 67155.12331189195, -166371.74533268754, -128278.49427205257, -83915.02009809257, -85739.07890785682, -79182.30643061477, -0.786, -0.28800000000000003, 0.55, 192.0, 0.0, 0.0, 0.0, 0.0, 0.0, 0.0, 0.0, 0.0, 0.0, 1.76968028035346E9, 0.0, 2026-01-29 15:21:20.353
84.0, 72400.0942587965, -114722.92121922031, -9045.415704895939, -179692.24508908333, -128288.37374310181, -83923.78198191905, -85742.92340790313, -79188.02847719533, -0.786, -0.28800000000000003, 0.55, 192.0, 0.0, 0.0, 0.0, 0.0, 0.0, 0.0, 0.0, 0.0, 0.0, 1.769680280353542E9, 0.0, 2026-01-29 15:21:20.353
85.0, 72510.04248977214, -121262.50520497623, -75156.26551583594, -186672.44901328674, -128293.69345828217, -83930.21928432219, -85745.40445153767, -79192.32001213075, -0.786, -0.28800000000000003, 0.55, 192.0, 0.0, 0.0, 0.0, 0.0, 0.0, 0.0, 0.0, 0.0, 0.0, 1.769680280353623E9, 0.0, 2026-01-29 15:21:20.353
86.0, 72457.78411123564, -114475.48740810006, -12372.226997879387, -178554.25072363028, -128289.20075764666, -83929.32521454398, -85745.44915502658, -79194.8904627431, -0.786, -0.28800000000000003, 0.55, 192.0, 0.0, 0.0, 0.0, 0.0, 0.0, 0.0, 0.0, 0.0, 0.0, 1.769680280353716E9, 0.0, 2026-01-29 15:21:20.353
87.0, 72310.95550190873, -102495.8464498337, 66066.86157785196, -165029.23250546845, -128279.76832148652, -83923.51376098559, -85743.72807070352, -79195.82923601022, -0.786, -0.28800000000000003, 0.55, 192.0, 0.0, 0.0, 0.0, 0.0, 0.0, 0.0, 0.0, 0.0, 0.0, 1.769680280353812E9, 0.0, 2026-01-29 15:21:20.353
88.0, 72299.69022270326, -103166.97992884874, 67091.75611636115, -166375.99216413405, -128280.55063254245, -83924.69840344173, -85744.6891957151, -79198.98083197842, -0.784, -0.28800000000000003, 0.548, 192.0, 231.0, 128.0, 247.0, 0.0, 17.0, 32.0, 0.0, 0.0, 0.0, 1.769680280353909E9, 0.0, 2026-01-29 15:21:20.353
89.0, 72442.54022151712, -114893.1744567364, -9455.525512161912, -179801.54511946978, -128291.45828383665, -83934.5108192576, -85749.49482077299, -79205.5969483372, -0.784, -0.28800000000000003, 0.548, 192.0, 0.0, 0.0, 0.0, 0.0, 0.0, 0.0, 0.0, 0.0, 0.0, 1.769680280354004E9, 0.0, 2026-01-29 15:21:20.354
90.0, 72548.95687686883, -121262.30403927613, -74617.18614306285, -186611.1381782458, -128294.72163852712, -83938.98116814866, -85749.986559151, -79207.85447452718, -0.784, -0.28800000000000003, 0.548, 192.0, 0.0, 0.0, 0.0, 0.0, 0.0, 0.0, 0.0, 0.0, 0.0, 1.769680280354101E9, 0.0, 2026-01-29 15:21:20.354
91.0, 72492.98810875275, -114305.34592930626, -9594.016920806995, -178290.52249080213, -128288.66431577974, -83936.58953149195, -85748.71250971705, -79209.10617221668, -0.784, -0.28800000000000003, 0.548, 192.0, 0.0, 0.0, 0.0, 0.0, 0.0, 0.0, 0.0, 0.0, 0.0, 1.76968028041298E9, 0.0, 2026-01-29 15:21:20.412
92.0, 72348.75230178265, -102397.81169865272, 66719.37605373574, -164808.151401061, -128281.6235162763, -83933.08030761246, -85749.47246902854, -79212.32482341824, -0.784, -0.28800000000000003, 0.548, 192.0, 0.0, 0.0, 0.0, 0.0, 0.0, 0.0, 0.0, 0.0, 0.0, 1.76968028041309E9, 0.0, 2026-01-29 15:21:20.413
93.0, 72340.01276970062, -103299.97280835782, 67074.50056964166, -166405.5188185595, -128282.6293447768, -83934.28730181305, -85750.32183531784, -79215.43171589753, -0.784, -0.28800000000000003, 0.548, 192.0, 0.0, 0.0, 0.0, 0.0, 0.0, 0.0, 0.0, 0.0, 0.0, 1.769680280413175E9, 0.0, 2026-01-29 15:21:20.413
94.0, 72484.44974237082, -115043.1546620315, -9497.077405104328, -179875.86466978368, -128294.52047282702, -83945.15024961832, -85756.0885853873, -79223.00895726788, -0.784, -0.28800000000000003, 0.548, 192.0, 0.0, 0.0, 0.0, 0.0, 0.0, 0.0, 0.0, 0.0, 0.0, 1.76968028041331E9, 0.0, 2026-01-29 15:21:20.413
95.0, 72591.49224656729, -121231.14570750543, -73873.32008759024, -186522.78173241398, -128300.06370545193, -83951.90047644383, -85759.0390156554, -79227.68047185904, -0.784, -0.28800000000000003, 0.548, 192.0, 0.0, 0.0, 0.0, 0.0, 0.0, 0.0, 0.0, 0.0, 0.0, 1.769680280413501E9, 0.0, 2026-01-29 15:21:20.413
96.0, 72533.1765452834, -114137.6407906581, -6760.218055274255, -178037.7689645015, -128293.3358303709, -83948.95004617573, -85757.11676563225, -79228.37337593715, -0.784, -0.28800000000000003, 0.548, 192.0, 0.0, 0.0, 0.0, 0.0, 0.0, 0.0, 0.0, 0.0, 0.0, 1.769680280413634E9, 0.0, 2026-01-29 15:21:20.413
97.0, 72387.35376445696, -102337.03730547873, 67321.15206970598, -164638.94869553432, -128283.94809769966, -83943.1162408729, -85755.28392258691, -79229.13333524864, -0.784, -0.28800000000000003, 0.548, 192.0, 0.0, 0.0, 0.0, 0.0, 0.0, 0.0, 0.0, 0.0, 0.0, 1.769680280413722E9, 0.0, 2026-01-29 15:21:20.413
98.0, 72382.36932544343, -103428.85296688712, 67104.65307291187, -166433.6373130843, -128285.95975470064, -83945.26200834061, -85757.18382086561, -79233.22370448396, -0.782, -0.292, 0.546, 192.0, 231.0, 144.0, 246.0, 224.0, 17.0, 16.0, 0.0, 0.0, 0.0, 1.769680280413828E9, 0.0, 2026-01-29 15:21:20.413
99.0, 72526.73924288026, -115172.72772463891, -9334.75903686989, -179939.5224379924, -128297.06857169492, -83955.20853462322, -85762.16825987915, -79239.97393130946, -0.782, -0.292, 0.546, 192.0, 0.0, 0.0, 0.0, 0.0, 0.0, 0.0, 0.0, 0.0, 0.0, 1.769680280413925E9, 0.0, 2026-01-29 15:21:20.413
100.0, 72631.39011042, -121206.13410545995, -73057.12378706023, -186425.1940161221, -128301.60597581936, -83960.8635259704, -85764.17991688012, -79243.68432088904, -0.782, -0.292, 0.546, 192.0, 0.0, 0.0, 0.0, 0.0, 0.0, 0.0, 0.0, 0.0, 0.0, 1.769680280414011E9, 0.0, 2026-01-29 15:21:20.414
101.0, 72572.06858063562, -113976.30589917969, -3942.870073660621, -177760.71909197798, -128296.1297984278, -83959.05303466953, -85763.5987715243, -79245.67362614557, -0.782, -0.292, 0.546, 192.0, 0.0, 0.0, 0.0, 0.0, 0.0, 0.0, 0.0, 0.0, 0.0, 1.769680280414114E9, 0.0, 2026-01-29 15:21:20.414
102.0, 72426.31285504256, -102200.26698115672, 67889.44517248216, -164351.7287792836, -128287.56908030143, -83954.00154042263, -85762.5482395349, -79247.37235872417, -0.782, -0.292, 0.546, 192.0, 0.0, 0.0, 0.0, 0.0, 0.0, 0.0, 0.0, 0.0, 0.0, 1.769680280414217E9, 0.0, 2026-01-29 15:21:20.414
103.0, 72422.33424452951, -103498.70216830996, 67083.68713661279, -166378.31674555741, -128288.50785356855, -83955.14147938984, -85763.12938489072, -79250.2557337589, -0.782, -0.292, 0.546, 192.0, 0.0, 0.0, 0.0, 0.0, 0.0, 0.0, 0.0, 0.0, 0.0, 1.769680280414325E9, 0.0, 2026-01-29 15:21:20.414
104.0, 72565.38540904349, -115361.84583447527, -9603.404653478225, -180061.16063131817, -128296.59918506136, -83962.1152236599, -85765.05163491388, -79253.72025414948, -0.782, -0.292, 0.546, 192.0, 0.0, 0.0, 0.0, 0.0, 0.0, 0.0, 0.0, 0.0, 0.0, 1.769680280414426E9, 0.0, 2026-01-29 15:21:20.414
105.0, 72671.6008986951, -121265.29917303314, -72438.98629414872, -186425.81986496688, -128303.6846880537, -83970.40772085282, -85769.67844601613, -79259.9563908525, -0.782, -0.292, 0.546, 192.0, 0.0, 0.0, 0.0, 0.0, 0.0, 0.0, 0.0, 0.0, 0.0, 1.769680280414527E9, 0.0, 2026-01-29 15:21:20.414
106.0, 72611.47470611033, -113828.87379275249, -1295.4624051406868, -177505.0598388982, -128300.55544382996, -83971.1676801643, -85771.6453995282, -79264.58320195475, -0.782, -0.292, 0.546, 192.0, 0.0, 0.0, 0.0, 0.0, 0.0, 0.0, 0.0, 0.0, 0.0, 1.769680280473395E9, 0.0, 2026-01-29 15:21:20.473
107.0, 72463.7073235163, -102057.21581664274, 68408.18445780092, -164055.90344141764, -128290.92184196971, -83965.13270916138, -85769.56668729386, -79265.34316126624, -0.782, -0.292, 0.546, 192.0, 0.0, 0.0, 0.0, 0.0, 0.0, 0.0, 0.0, 0.0, 0.0, 1.769680280473505E9, 0.0, 2026-01-29 15:21:20.473
108.0, 72462.07564617106, -103604.40356783911, 67041.1741186588, -166365.24097505104, -128291.6818012812, -83965.9150202173, -85769.99137043851, -79267.77950141186, -0.784, -0.292, 0.55, 192.0, 231.0, 128.0, 246.0, 224.0, 17.0, 48.0, 0.0, 0.0, 0.0, 1.769680280473585E9, 0.0, 2026-01-29 15:21:20.473
109.0, 72607.92077874193, -115565.8278543744, -9891.228066829213, -180170.23714426009, -128300.95777523016, -83974.05105519904, -85773.00885593997, -79272.33925728075, -0.784, -0.292, 0.55, 192.0, 0.0, 0.0, 0.0, 0.0, 0.0, 0.0, 0.0, 0.0, 0.0, 1.76968028047371E9, 0.0, 2026-01-29 15:21:20.473
110.0, 72714.40448932702, -121311.45552533335, -71689.15232290654, -186380.13289930022, -128310.09963871237, -83984.39991288184, -85779.66967578765, -79280.60940272921, -0.784, -0.292, 0.55, 192.0, 0.0, 0.0, 0.0, 0.0, 0.0, 0.0, 0.0, 0.0, 0.0, 1.769680280473802E9, 0.0, 2026-01-29 15:21:20.473
111.0, 72650.59025890712, -113691.34350911899, 1411.80323503056, -177244.39379506037, -128305.80810377696, -83983.90817450383, -85780.4966903325, -79284.25273707543, -0.784, -0.292, 0.55, 192.0, 0.0, 0.0, 0.0, 0.0, 0.0, 0.0, 0.0, 0.0, 0.0, 1.769680280473895E9, 0.0, 2026-01-29 15:21:20.473
112.0, 72499.44776290032, -101967.85354231043, 68884.8577600548, -163838.89035450105, -128293.20171990416, -83974.94512497725, -85775.46754783006, -79282.08461786326, -0.784, -0.292, 0.55, 192.0, 0.0, 0.0, 0.0, 0.0, 0.0, 0.0, 0.0, 0.0, 0.0, 1.769680280474E9, 0.0, 2026-01-29 15:21:20.474
113.0, 72500.29712918962, -103725.43826406459, 66978.81275162849, -166377.08739961236, -128294.05108619346, -83976.08506394447, -85775.80282399688, -79284.6103649867, -0.784, -0.292, 0.55, 192.0, 0.0, 0.0, 0.0, 0.0, 0.0, 0.0, 0.0, 0.0, 0.0, 1.769680280474082E9, 0.0, 2026-01-29 15:21:20.474
114.0, 72649.74089261782, -115761.71854278071, -10257.684917173972, -180291.02597129656, -128305.96456598814, -83986.85860477193, -85781.45781534408, -79291.7182197235, -0.784, -0.292, 0.55, 192.0, 0.0, 0.0, 0.0, 0.0, 0.0, 0.0, 0.0, 0.0, 0.0, 1.769680280474164E9, 0.0, 2026-01-29 15:21:20.474
115.0, 72751.48603337837, -121370.26296499527, -71054.02750420899, -186345.3312331833, -128311.82072303543, -83993.8770525309, -85785.03409445693, -79296.65795524811, -0.784, -0.292, 0.55, 192.0, 0.0, 0.0, 0.0, 0.0, 0.0, 0.0, 0.0, 0.0, 0.0, 1.769680280474246E9, 0.0, 2026-01-29 15:21:20.474
116.0, 72685.12370409057, -113570.53233033804, 3725.6111175550363, -176988.8686524473, -128307.79740903348, -83993.69823857525, -85786.21873691306, -79300.79302797235, -0.784, -0.292, 0.55, 192.0, 0.0, 0.0, 0.0, 0.0, 0.0, 0.0, 0.0, 0.0, 0.0, 1.769680280474339E9, 0.0, 2026-01-29 15:21:20.474
117.0, 72536.46225171832, -101858.30764273497, 69282.71881135927, -163574.89390073944, -128298.67789729571, -83988.08795071697, -85784.49765259, -79302.11178089521, -0.784, -0.292, 0.55, 192.0, 0.0, 0.0, 0.0, 0.0, 0.0, 0.0, 0.0, 0.0, 0.0, 1.769680280474443E9, 0.0, 2026-01-29 15:21:20.474
118.0, 72540.64202793146, -103841.82379744337, 66858.76153215904, -166374.4722455111, -128300.48838859658, -83990.03255248458, -85785.7940537684, -79305.46454256351, -0.782, -0.296, 0.546, 192.0, 231.0, 144.0, 246.0, 192.0, 17.0, 16.0, 0.0, 0.0, 0.0, 1.769680280474534E9, 0.0, 2026-01-29 15:21:20.474
119.0, 72689.99638438183, -115981.5703012431, -10920.414140273828, -180435.15001954438, -128310.27845266802, -83998.63797409988, -85789.21387067006, -79310.2701676214, -0.782, -0.296, 0.546, 192.0, 0.0, 0.0, 0.0, 0.0, 0.0, 0.0, 0.0, 0.0, 0.0, 1.769680280474625E9, 0.0, 2026-01-29 15:21:20.474
120.0, 72790.15455128605, -121431.70791050291, -70467.89770935746, -186334.1777127001, -128315.84403703739, -84005.45525615875, -85792.61133582727, -79314.87462697919, -0.782, -0.296, 0.546, 192.0, 0.0, 0.0, 0.0, 0.0, 0.0, 0.0, 0.0, 0.0, 0.0, 1.769680280474717E9, 0.0, 2026-01-29 15:21:20.474
121.0, 72720.52886730777, -113441.83098576439, 5924.88866149052, -176745.9275419626, -128310.77019104603, -84004.24826195816, -85792.9019085052, -79318.13798166967, -0.782, -0.296, 0.546, 192.0, 0.0, 0.0, 0.0, 0.0, 0.0, 0.0, 0.0, 0.0, 0.0, 1.769680280533531E9, 0.0, 2026-01-29 15:21:20.533
122.0, 72573.58849925858, -101773.773345205, 69632.79183301829, -163346.92845903974, -128302.92472874222, -84000.0237822561, -85792.52192884946, -79320.95430147104, -0.782, -0.296, 0.546, 192.0, 0.0, 0.0, 0.0, 0.0, 0.0, 0.0, 0.0, 0.0, 0.0, 1.769680280533643E9, 0.0, 2026-01-29 15:21:20.533
123.0, 72582.81976971863, -104005.21504941166, 66670.62689907872, -166425.81420252493, -128306.65747006626, -84003.91298579134, -85795.62882132875, -79326.09520269575, -0.782, -0.296, 0.546, 192.0, 0.0, 0.0, 0.0, 0.0, 0.0, 0.0, 0.0, 0.0, 0.0, 1.769680280533728E9, 0.0, 2026-01-29 15:21:20.533
124.0, 72733.4705273474, -116238.88358341261, -11891.440974645731, -180623.70933576935, -128315.64287133729, -84011.5796341395, -85798.02045798546, -79329.80559227534, -0.782, -0.296, 0.546, 192.0, 0.0, 0.0, 0.0, 0.0, 0.0, 0.0, 0.0, 0.0, 0.0, 1.769680280533857E9, 0.0, 2026-01-29 15:21:20.533
125.0, 72831.01354015035, -121516.44337373298, -70007.96586370062, -186374.56731493084, -128319.9344062727, -84017.18992199778, -85800.03211498643, -79332.89013301017, -0.782, -0.296, 0.546, 192.0, 0.0, 0.0, 0.0, 0.0, 0.0, 0.0, 0.0, 0.0, 0.0, 1.76968028053394E9, 0.0, 2026-01-29 15:21:20.533
126.0, 72758.3703706706, -113256.31150678534, 8096.31593183469, -176482.3557713456, -128315.41935389274, -84016.74288710867, -85801.06029523138, -79337.20401969005, -0.782, -0.296, 0.546, 192.0, 0.0, 0.0, 0.0, 0.0, 0.0, 0.0, 0.0, 0.0, 0.0, 1.769680280534045E9, 0.0, 2026-01-29 15:21:20.534
127.0, 72605.90912174096, -101546.3666971167, 69979.15446509773, -163010.1323735872, -128304.01996422053, -84008.98683178269, -85797.17109169616, -79336.66757782311, -0.782, -0.296, 0.546, 192.0, 0.0, 0.0, 0.0, 0.0, 0.0, 0.0, 0.0, 0.0, 0.0, 1.769680280534127E9, 0.0, 2026-01-29 15:21:20.534
128.0, 72614.9392265009, -104069.92334960979, 66377.170846125, -166402.61309178034, -128304.46699910963, -84009.36681143842, -85796.6570015737, -79338.16514470162, -0.784, -0.28800000000000003, 0.552, 192.0, 231.0, 128.0, 247.0, 0.0, 17.0, 64.0, 0.0, 0.0, 0.0, 1.76968028053422E9, 0.0, 2026-01-29 15:21:20.534
129.0, 72772.429617933, -116543.58256382735, -13439.075760731193, -180899.77573153685, -128316.69340332669, -84020.22975924371, -85802.42375164316, -79344.75890931593, -0.784, -0.28800000000000003, 0.552, 192.0, 0.0, 0.0, 0.0, 0.0, 0.0, 0.0, 0.0, 0.0, 0.0, 1.76968028053431E9, 0.0, 2026-01-29 15:21:20.534
130.0, 72873.01246798187, -121698.230111388, -69833.57755346032, -186519.31721202342, -128324.9859005196, -84029.75160238167, -85808.59283311282, -79351.53148788589, -0.784, -0.28800000000000003, 0.552, 192.0, 0.0, 0.0, 0.0, 0.0, 0.0, 0.0, 0.0, 0.0, 0.0, 1.769680280534391E9, 0.0, 2026-01-29 15:21:20.534
131.0, 72794.71430715494, -113048.19441416198, 10154.352802557089, -176155.9755988092, -128320.1355719728, -84028.90223609237, -85809.50925463549, -79356.11359549924, -0.784, -0.28800000000000003, 0.552, 192.0, 0.0, 0.0, 0.0, 0.0, 0.0, 0.0, 0.0, 0.0, 0.0, 1.7696802805345E9, 0.0, 2026-01-29 15:21:20.534
132.0, 72642.45422392538, -101189.52109688772, 70323.70660587629, -162495.23758831475, -128311.95483350217, -84024.38718371239, -85808.99516451302, -79359.35459844525, -0.784, -0.28800000000000003, 0.552, 192.0, 0.0, 0.0, 0.0, 0.0, 0.0, 0.0, 0.0, 0.0, 0.0, 1.769680280534591E9, 0.0, 2026-01-29 15:21:20.534
133.0, 72657.31813398817, -104070.99623334364, 66137.04605544163, -166314.0554802484, -128314.52528411453, -84026.89057909139, -85810.49273139153, -79362.90852581365, -0.784, -0.28800000000000003, 0.552, 192.0, 0.0, 0.0, 0.0, 0.0, 0.0, 0.0, 0.0, 0.0, 0.0, 1.769680280534682E9, 0.0, 2026-01-29 15:21:20.534
134.0, 72815.99316787638, -116828.67906435479, -14738.24855545146, -181160.59823758583, -128324.40475516376, -84035.31718675104, -85813.64432735973, -79366.35069445976, -0.784, -0.28800000000000003, 0.552, 192.0, 0.0, 0.0, 0.0, 0.0, 0.0, 0.0, 0.0, 0.0, 0.0, 1.769680280534765E9, 0.0, 2026-01-29 15:21:20.534
135.0, 72909.9599015665, -121840.99070322403, -69474.4967787858, -186616.3461347039, -128327.0869644984, -84039.11698330844, -85814.31487969338, -79366.50715667095, -0.784, -0.28800000000000003, 0.552, 192.0, 0.0, 0.0, 0.0, 0.0, 0.0, 0.0, 0.0, 0.0, 0.0, 1.769680280534857E9, 0.0, 2026-01-29 15:21:20.534
136.0, 72827.59372324869, -112898.19185712241, 12102.374387070464, -175903.57970041988, -128322.08017374041, -84038.26761701914, -85815.36541168278, -79372.25155499596, -0.784, -0.28800000000000003, 0.552, 192.0, 0.0, 0.0, 0.0, 0.0, 0.0, 0.0, 0.0, 0.0, 0.0, 1.769680280593068E9, 0.0, 2026-01-29 15:21:20.593
137.0, 72674.43957024092, -100953.66548939532, 70603.14811505654, -162120.8235169439, -128315.03937423699, -84034.84780011748, -85815.8571500608, -79376.99012482048, -0.784, -0.28800000000000003, 0.552, 192.0, 0.0, 0.0, 0.0, 0.0, 0.0, 0.0, 0.0, 0.0, 0.0, 1.769680280593173E9, 0.0, 2026-01-29 15:21:20.593
138.0, 72691.73982044934, -104092.5209632541, 65925.35268370541, -166241.68053170212, -128317.20749344915, -84036.90416060736, -85816.77357158347, -79379.91820334413, -0.78, -0.28800000000000003, 0.548, 192.0, 231.0, 160.0, 247.0, 0.0, 17.0, 32.0, 0.0, 0.0, 0.0, 1.769680280593251E9, 0.0, 2026-01-29 15:21:20.593
139.0, 72855.04166543981, -117111.47333520334, -15886.658833820682, -181403.1593684148, -128327.6904615987, -84045.93426536731, -85820.28279546295, -79377.86184285425, -0.78, -0.28800000000000003, 0.548, 192.0, 0.0, 0.0, 0.0, 0.0, 0.0, 0.0, 0.0, 0.0, 0.0, 1.769680280593379E9, 0.0, 2026-01-29 15:21:20.593
140.0, 72951.69060846456, -122017.97181582116, -69143.60155386943, -186757.7879736171, -128334.1948192352, -84053.4891549932, -85823.30028096441, -79344.91537152712, -0.78, -0.28800000000000003, 0.548, 192.0, 0.0, 0.0, 0.0, 0.0, 0.0, 0.0, 0.0, 0.0, 0.0, 1.769680280593485E9, 0.0, 2026-01-29 15:21:20.593
141.0, 72863.91530798857, -112699.21662798127, 14064.857550246425, -175589.0459524448, -128329.32213894394, -84052.77389917063, -85825.60251064331, -79381.72869464502, -0.78, -0.28800000000000003, 0.548, 192.0, 0.0, 0.0, 0.0, 0.0, 0.0, 0.0, 0.0, 0.0, 0.0, 1.769680280593573E9, 0.0, 2026-01-29 15:21:20.593
142.0, 72705.0614601447, -100625.87715695825, 70879.9297666466, -161644.84311876813, -128319.64383359479, -84046.85068688997, -85824.08259202035, -79396.34673551879, -0.78, -0.28800000000000003, 0.548, 192.0, 0.0, 0.0, 0.0, 0.0, 0.0, 0.0, 0.0, 0.0, 0.0, 1.769680280593677E9, 0.0, 2026-01-29 15:21:20.593
143.0, 72724.70864352092, -104109.91062044032, 65683.08212555434, -166169.26087966692, -128320.783772562, -84047.72240492373, -85823.9037780647, -79398.00076460849, -0.78, -0.28800000000000003, 0.548, 192.0, 0.0, 0.0, 0.0, 0.0, 0.0, 0.0, 0.0, 0.0, 0.0, 1.769680280593753E9, 0.0, 2026-01-29 15:21:20.593
144.0, 72891.02797401286, -117380.76715240088, -17030.2187836431, -181637.45035379534, -128331.2443889671, -84056.86426840595, -85826.92126356617, -79373.0338660519, -0.78, -0.28800000000000003, 0.548, 192.0, 0.0, 0.0, 0.0, 0.0, 0.0, 0.0, 0.0, 0.0, 0.0, 1.769680280593831E9, 0.0, 2026-01-29 15:21:20.593
145.0, 72986.40286760365, -122150.29414299657, -68613.61934108965, -186826.2513668837, -128337.30171171448, -84064.32975105403, -85828.86586533379, -79235.83885858522, -0.78, -0.28800000000000003, 0.548, 192.0, 0.0, 0.0, 0.0, 0.0, 0.0, 0.0, 0.0, 0.0, 0.0, 1.769680280593908E9, 0.0, 2026-01-29 15:21:20.593
146.0, 72894.96188103699, -112548.5658703525, 16098.016929390065, -175303.0330303947, -128332.47373491213, -84063.68155046483, -85831.97275781307, -79356.94061004408, -0.78, -0.28800000000000003, 0.548, 192.0, 0.0, 0.0, 0.0, 0.0, 0.0, 0.0, 0.0, 0.0, 0.0, 1.769680280593995E9, 0.0, 2026-01-29 15:21:20.593
147.0, 72734.27519014779, -100466.30805329181, 71129.59875221238, -161336.7243214517, -128321.72254582914, -84056.46193700576, -85830.11756302328, -79413.02113688245, -0.78, -0.28800000000000003, 0.548, 192.0, 0.0, 0.0, 0.0, 0.0, 0.0, 0.0, 0.0, 0.0, 0.0, 1.769680280594083E9, 0.0, 2026-01-29 15:21:20.594
148.0, 72757.90098403704, -104223.16690959537, 65437.27999177933, -166202.29675797187, -128323.39892666329, -84057.80304167308, -85830.22932174556, -79415.12220086124, -0.782, -0.28600000000000003, 0.554, 192.0, 231.0, 144.0, 247.0, 16.0, 17.0, 80.0, 0.0, 0.0, 0.0, 1.769680280594176E9, 0.0, 2026-01-29 15:21:20.594
149.0, 72924.64499767363, -117600.79772481893, -18056.208557630605, -181830.2788532113, -128332.6972523567, -84065.4920417657, -85831.54807466842, -79349.27396169592, -0.782, -0.28600000000000003, 0.554, 192.0, 0.0, 0.0, 0.0, 0.0, 0.0, 0.0, 0.0, 0.0, 0.0, 1.769680280594266E9, 0.0, 2026-01-29 15:21:20.594
150.0, 73015.86246679575, -122144.8850208384, -67618.6090849172, -186754.21169450425, -128337.72639485913, -84071.92934416884, -85832.24097874654, -79104.5223599103, -0.782, -0.28600000000000003, 0.554, 192.0, 0.0, 0.0, 0.0, 0.0, 0.0, 0.0, 0.0, 0.0, 0.0, 1.769680280594358E9, 0.0, 2026-01-29 15:21:20.594
151.0, 72919.97348308247, -112350.03767610046, 18560.799188709163, -174976.67520960275, -128331.84788606738, -84070.40942554586, -85834.8114293589, -79324.91056023963, -0.782, -0.28600000000000003, 0.554, 192.0, 0.0, 0.0, 0.0, 0.0, 0.0, 0.0, 0.0, 0.0, 0.0, 1.769680280653411E9, 0.0, 2026-01-29 15:21:20.653
152.0, 72761.7678358278, -100417.53654689033, 71376.67493542134, -161135.2233451871, -128322.66131909625, -84064.86619292095, -85834.74437412553, -79428.08621264533, -0.782, -0.28600000000000003, 0.554, 192.0, 0.0, 0.0, 0.0, 0.0, 0.0, 0.0, 0.0, 0.0, 0.0, 1.769680280653531E9, 0.0, 2026-01-29 15:21:20.653
153.0, 72788.50052219637, -104419.21406021286, 65361.37346760911, -166291.256700904, -128324.56121737495, -84066.341408055, -85834.85613284781, -79430.5449045354, -0.782, -0.28600000000000003, 0.554, 192.0, 0.0, 0.0, 0.0, 0.0, 0.0, 0.0, 0.0, 0.0, 0.0, 1.76968028065362E9, 0.0, 2026-01-29 15:21:20.653
154.0, 72957.16678585611, -117720.13368846581, -18187.25683537207, -181873.9318101325, -128335.8935518138, -84076.08676863751, -85837.94067358263, -79318.85323749224, -0.782, -0.28600000000000003, 0.554, 192.0, 0.0, 0.0, 0.0, 0.0, 0.0, 0.0, 0.0, 0.0, 0.0, 1.769680280653753E9, 0.0, 2026-01-29 15:21:20.653
155.0, 73048.47366195604, -122038.13308931985, -66275.35865013106, -186570.05567193695, -128343.40373795078, -84084.78159723063, -85840.98051082857, -78980.06784678315, -0.782, -0.28600000000000003, 0.554, 192.0, 0.0, 0.0, 0.0, 0.0, 0.0, 0.0, 0.0, 0.0, 0.0, 1.769680280653853E9, 0.0, 2026-01-29 15:21:20.653
156.0, 72951.33298055327, -112192.43552594609, 20908.51466757234, -174720.81479082286, -128336.87702856983, -84082.52407104065, -85843.03687131844, -79292.47817903498, -0.782, -0.28600000000000003, 0.554, 192.0, 0.0, 0.0, 0.0, 0.0, 0.0, 0.0, 0.0, 0.0, 0.0, 1.769680280653964E9, 0.0, 2026-01-29 15:21:20.653
157.0, 72795.69778391097, -100509.223402646, 71583.76384779977, -161153.55177564046, -128327.42224066524, -84076.846727949, -85842.96981608508, -79446.28053263195, -0.782, -0.28600000000000003, 0.554, 192.0, 0.0, 0.0, 0.0, 0.0, 0.0, 0.0, 0.0, 0.0, 0.0, 1.769680280654057E9, 0.0, 2026-01-29 15:21:20.654
158.0, 72824.6879964695, -104673.46515339198, 65162.50999719024, -166495.1046103364, -128329.50095289957, -84078.47840529423, -85843.17098178518, -79449.23096290004, -0.778, -0.28600000000000003, 0.554, 192.0, 231.0, 176.0, 247.0, 16.0, 17.0, 80.0, 0.0, 0.0, 0.0, 1.76968028065414E9, 0.0, 2026-01-29 15:21:20.654
159.0, 72991.16378917263, -117832.562963076, -18696.921312441984, -181940.80822954277, -128339.67099662674, -84087.10617865398, -85844.82501087488, -79268.02537060087, -0.778, -0.28600000000000003, 0.554, 192.0, 0.0, 0.0, 0.0, 0.0, 0.0, 0.0, 0.0, 0.0, 0.0, 1.76968028065423E9, 0.0, 2026-01-29 15:21:20.654
160.0, 73075.42986576914, -121910.39286975776, -65062.91062389739, -186373.60618991926, -128342.71083387267, -84091.53182405613, -85843.66272016319, -78831.71931883327, -0.778, -0.28600000000000003, 0.554, 192.0, 0.0, 0.0, 0.0, 0.0, 0.0, 0.0, 0.0, 0.0, 0.0, 1.769680280654312E9, 0.0, 2026-01-29 15:21:20.654
161.0, 72976.5233965544, -112045.58456487472, 22970.1725208965, -174485.00388681935, -128334.91007505776, -84087.97789668773, -85844.44503121913, -79242.65614064409, -0.778, -0.28600000000000003, 0.554, 192.0, 0.0, 0.0, 0.0, 0.0, 0.0, 0.0, 0.0, 0.0, 0.0, 1.769680280654413E9, 0.0, 2026-01-29 15:21:20.654
162.0, 72827.01257789285, -100617.87523244324, 71764.65651567657, -161178.25045326358, -128329.07626975492, -84085.78742573112, -85848.04366207644, -79460.2056694276, -0.778, -0.28600000000000003, 0.554, 192.0, 0.0, 0.0, 0.0, 0.0, 0.0, 0.0, 0.0, 0.0, 0.0, 1.769680280654505E9, 0.0, 2026-01-29 15:21:20.654
163.0, 72858.77440676384, -104895.9097142112, 65220.40101532949, -166635.831193427, -128332.22786572312, -84088.64844902139, -85849.34006325484, -79465.12305320776, -0.778, -0.28600000000000003, 0.554, 192.0, 0.0, 0.0, 0.0, 0.0, 0.0, 0.0, 0.0, 0.0, 0.0, 1.769680280654597E9, 0.0, 2026-01-29 15:21:20.654
164.0, 73023.6855773551, -117831.95946597571, -18128.024712565508, -181854.32933024518, -128343.91782807324, -84098.81849274856, -85852.3128452674, -79217.10809673168, -0.778, -0.28600000000000003, 0.554, 192.0, 0.0, 0.0, 0.0, 0.0, 0.0, 0.0, 0.0, 0.0, 0.0, 1.769680280654679E9, 0.0, 2026-01-29 15:21:20.654
165.0, 73106.6552527732, -121701.04643118936, -63296.02757644982, -186082.38531141108, -128348.61169440887, -84104.94287072931, -85852.84928713433, -78704.64965160485, -0.778, -0.28600000000000003, 0.554, 192.0, 0.0, 0.0, 0.0, 0.0, 0.0, 0.0, 0.0, 0.0, 0.0, 1.769680280654772E9, 0.0, 2026-01-29 15:21:20.654
166.0, 73008.70990857005, -111941.49249094636, 25189.454876119482, -174313.47659986935, -128341.43678443872, -84102.03714395013, -85854.30215052393, -79201.41717212406, -0.778, -0.28600000000000003, 0.554, 192.0, 0.0, 0.0, 0.0, 0.0, 0.0, 0.0, 0.0, 0.0, 0.0, 1.769680280715108E9, 0.0, 2026-01-29 15:21:20.715
167.0, 72858.95322071949, -100814.68234237222, 71924.85146818776, -161341.61935348742, -128332.02670002302, -84096.22569039174, -85854.43626099065, -79475.13663472375, -0.778, -0.28600000000000003, 0.554, 192.0, 0.0, 0.0, 0.0, 0.0, 0.0, 0.0, 0.0, 0.0, 0.0, 1.769680280715226E9, 0.0, 2026-01-29 15:21:20.715
168.0, 72890.87151180167, -105128.23374607966, 65228.31353286667, -166851.65963788744, -128334.8430198244, -84098.594975304, -85855.39738600224, -79480.03166675946, -0.784, -0.28600000000000003, 0.546, 192.0, 231.0, 128.0, 247.0, 16.0, 17.0, 16.0, 0.0, 0.0, 0.0, 1.769680280715315E9, 0.0, 2026-01-29 15:21:20.715
169.0, 73052.80990038037, -117840.564887591, -17777.482304272926, -181824.668565353, -128345.41539495176, -84107.69213529731, -85857.14082206975, -79150.45519476595, -0.784, -0.28600000000000003, 0.546, 192.0, 0.0, 0.0, 0.0, 0.0, 0.0, 0.0, 0.0, 0.0, 0.0, 1.769680280715475E9, 0.0, 2026-01-29 15:21:20.715
170.0, 73134.43847113114, -121519.77378365681, -61330.43752079458, -185824.89321528593, -128351.40566246578, -84115.2023214343, -85859.13012732627, -78571.0979784844, -0.784, -0.28600000000000003, 0.546, 192.0, 0.0, 0.0, 0.0, 0.0, 0.0, 0.0, 0.0, 0.0, 0.0, 1.769680280715581E9, 0.0, 2026-01-29 15:21:20.715
171.0, 73037.43190019511, -111783.28684369169, 27757.357389611887, -174054.35282639897, -128345.61656065185, -84113.57064408906, -85862.03585410546, -79153.80795643425, -0.784, -0.28600000000000003, 0.546, 192.0, 0.0, 0.0, 0.0, 0.0, 0.0, 0.0, 0.0, 0.0, 0.0, 1.769680280715697E9, 0.0, 2026-01-29 15:21:20.715
172.0, 72889.39629666762, -100902.50234633713, 72104.00069999704, -161370.67662127933, -128335.55827564697, -84106.90982424139, -85861.521763983, -79490.02289653098, -0.784, -0.28600000000000003, 0.546, 192.0, 0.0, 0.0, 0.0, 0.0, 0.0, 0.0, 0.0, 0.0, 0.0, 1.769680280715798E9, 0.0, 2026-01-29 15:21:20.715
173.0, 72921.85102961672, -105305.1030999545, 65323.35315029063, -166983.1102470291, -128337.83815358141, -84108.69796379781, -85861.87939189427, -79493.9121000662, -0.784, -0.28600000000000003, 0.546, 192.0, 0.0, 0.0, 0.0, 0.0, 0.0, 0.0, 0.0, 0.0, 0.0, 1.769680280715884E9, 0.0, 2026-01-29 15:21:20.715
174.0, 73081.57659549435, -117838.2626579121, -17017.254771859025, -181765.12351812405, -128348.1423077753, -84117.41514413538, -85863.0193308615, -79081.00832474332, -0.784, -0.28600000000000003, 0.546, 192.0, 0.0, 0.0, 0.0, 0.0, 0.0, 0.0, 0.0, 0.0, 0.0, 1.769680280715971E9, 0.0, 2026-01-29 15:21:20.715
175.0, 73160.85823307732, -121327.86170576356, -59078.87924657813, -185558.19220044522, -128353.90905784478, -84124.63475759444, -85864.74041518455, -78446.82227931288, -0.784, -0.28600000000000003, 0.546, 192.0, 0.0, 0.0, 0.0, 0.0, 0.0, 0.0, 0.0, 0.0, 0.0, 1.769680280716058E9, 0.0, 2026-01-29 15:21:20.716
176.0, 73060.32008651734, -111565.44674223027, 30407.380212233093, -173742.16601159167, -128344.87895308483, -84119.82913253656, -85864.60630471782, -79103.94121455446, -0.784, -0.28600000000000003, 0.546, 192.0, 0.0, 0.0, 0.0, 0.0, 0.0, 0.0, 0.0, 0.0, 0.0, 1.769680280716158E9, 0.0, 2026-01-29 15:21:20.716
177.0, 72920.33111099376, -100903.23995390415, 72278.16549279279, -161290.63502438486, -128340.56506640496, -84118.97976624726, -85869.9707233871, -79506.13850428326, -0.784, -0.28600000000000003, 0.546, 192.0, 0.0, 0.0, 0.0, 0.0, 0.0, 0.0, 0.0, 0.0, 0.0, 1.769680280716256E9, 0.0, 2026-01-29 15:21:20.716
178.0, 72958.93257366808, -105494.31061676868, 65283.03060329326, -167096.09831525068, -128346.57768566343, -84124.63475759444, -85873.99403738906, -79510.58650142986, -0.78, -0.28800000000000003, 0.546, 192.0, 231.0, 160.0, 247.0, 0.0, 17.0, 16.0, 0.0, 0.0, 0.0, 1.769680280716351E9, 0.0, 2026-01-29 15:21:20.716
179.0, 73117.62995930076, -117955.58696455801, -16944.83511982383, -181804.3061261542, -128356.36774973485, -84132.97195827628, -85874.41872053371, -78988.36034397606, -0.78, -0.28800000000000003, 0.546, 192.0, 0.0, 0.0, 0.0, 0.0, 0.0, 0.0, 0.0, 0.0, 0.0, 1.76968028071645E9, 0.0, 2026-01-29 15:21:20.716
180.0, 73194.98934686057, -121247.28366700216, -57165.41345899266, -185383.1556896157, -128362.6485899268, -84140.72801360226, -85877.05622637943, -78302.85469327625, -0.78, -0.28800000000000003, 0.546, 192.0, 0.0, 0.0, 0.0, 0.0, 0.0, 0.0, 0.0, 0.0, 0.0, 1.769680280716543E9, 0.0, 2026-01-29 15:21:20.716
181.0, 73095.30056658991, -111434.82314763346, 32593.336116473212, -173517.17335190455, -128356.07717705694, -84138.42578392336, -85879.35845605833, -79052.73336800735, -0.78, -0.28800000000000003, 0.546, 192.0, 0.0, 0.0, 0.0, 0.0, 0.0, 0.0, 0.0, 0.0, 0.0, 1.769680280773501E9, 0.0, 2026-01-29 15:21:20.773
182.0, 72952.58467824277, -100952.23497775018, 72415.338148515, -161253.44172161125, -128347.42705195273, -84133.24017920974, -85880.34193281436, -79523.1705335582, -0.78, -0.28800000000000003, 0.546, 192.0, 0.0, 0.0, 0.0, 0.0, 0.0, 0.0, 0.0, 0.0, 0.0, 1.769680280773609E9, 0.0, 2026-01-29 15:21:20.773
183.0, 72990.87321649471, -105670.30825260977, 65321.810879923214, -167199.98922347894, -128351.8974008438, -84137.17408623388, -85882.68886598217, -79522.79055390247, -0.78, -0.28800000000000003, 0.546, 192.0, 0.0, 0.0, 0.0, 0.0, 0.0, 0.0, 0.0, 0.0, 0.0, 1.769680280773688E9, 0.0, 2026-01-29 15:21:20.773
184.0, 73145.48023289206, -118039.42835800987, -16493.55339927118, -181796.59477431714, -128358.73703464711, -84142.5608566476, -85879.98430490308, -78904.69776447985, -0.78, -0.28800000000000003, 0.546, 192.0, 0.0, 0.0, 0.0, 0.0, 0.0, 0.0, 0.0, 0.0, 0.0, 1.769680280773814E9, 0.0, 2026-01-29 15:21:20.773
185.0, 73217.76577446054, -121170.52777654264, -55217.36952273483, -185192.54001290083, -128361.70981665967, -84147.23237123876, -85879.42551129169, -78180.76946506137, -0.78, -0.28800000000000003, 0.546, 192.0, 0.0, 0.0, 0.0, 0.0, 0.0, 0.0, 0.0, 0.0, 0.0, 1.769680280773909E9, 0.0, 2026-01-29 15:21:20.773
186.0, 73116.64648254472, -111313.69904443015, 34628.976539251395, -173283.3964566465, -128354.35609273388, -84144.23723748175, -85881.1689473592, -78998.01629758076, -0.78, -0.28800000000000003, 0.546, 192.0, 0.0, 0.0, 0.0, 0.0, 0.0, 0.0, 0.0, 0.0, 0.0, 1.769680280774003E9, 0.0, 2026-01-29 15:21:20.774
187.0, 72977.50687331044, -100998.16781260584, 72531.58957142706, -161235.31445685797, -128347.292941486, -84140.72801360226, -85883.96291541612, -79533.54174298546, -0.78, -0.28800000000000003, 0.546, 192.0, 0.0, 0.0, 0.0, 0.0, 0.0, 0.0, 0.0, 0.0, 0.0, 1.769680280774095E9, 0.0, 2026-01-29 15:21:20.774
188.0, 73017.96353077455, -105850.26214721944, 65288.752649873815, -167331.01514947595, -128352.12091828835, -84145.17601074887, -85886.51101428403, -79527.14914407124, -0.786, -0.28800000000000003, 0.54, 192.0, 231.0, 112.0, 247.0, 0.0, 16.0, 224.0, 0.0, 0.0, 0.0, 1.769680280774177E9, 0.0, 2026-01-29 15:21:20.774
189.0, 73176.23623326258, -118117.39124266998, -16172.872921570888, -181789.21869864687, -128363.4979562161, -84155.03313005366, -85888.1203398848, -78808.62996681094, -0.786, -0.28800000000000003, 0.54, 192.0, 0.0, 0.0, 0.0, 0.0, 0.0, 0.0, 0.0, 0.0, 0.0, 1.769680280774267E9, 0.0, 2026-01-29 15:21:20.774
190.0, 73248.81234750895, -121067.75445553714, -52988.31945518487, -184971.9506468714, -128369.3988167523, -84162.49861270173, -85890.73549398608, -78065.59092588317, -0.786, -0.28800000000000003, 0.54, 192.0, 0.0, 0.0, 0.0, 0.0, 0.0, 0.0, 0.0, 0.0, 0.0, 1.769680280774347E9, 0.0, 2026-01-29 15:21:20.774
191.0, 73146.95544802611, -111175.22998752953, 36820.45332437198, -173029.41358440084, -128362.15685154879, -84159.43642371136, -85892.5236335425, -78951.52466911371, -0.786, -0.28800000000000003, 0.54, 192.0, 0.0, 0.0, 0.0, 0.0, 0.0, 0.0, 0.0, 0.0, 0.0, 1.769680280774451E9, 0.0, 2026-01-29 15:21:20.774
192.0, 73008.77696380341, -101063.88194130444, 72652.91484033047, -161248.59139306445, -128354.06552005596, -84154.5637434201, -85894.11060739883, -79549.88086818228, -0.786, -0.28800000000000003, 0.54, 192.0, 0.0, 0.0, 0.0, 0.0, 0.0, 0.0, 0.0, 0.0, 0.0, 1.769680280774543E9, 0.0, 2026-01-29 15:21:20.774
193.0, 73049.3900834787, -106037.43565528818, 65235.01905620326, -167487.25384321855, -128357.26181951306, -84157.15654577692, -85894.98232543259, -79533.02765286299, -0.786, -0.28800000000000003, 0.54, 192.0, 0.0, 0.0, 0.0, 0.0, 0.0, 0.0, 0.0, 0.0, 0.0, 1.76968028077464E9, 0.0, 2026-01-29 15:21:20.774
194.0, 73206.7240126996, -118190.19087436091, -15897.320615925863, -181800.48397785236, -128369.01883709656, -84167.48305171527, -85896.83752022237, -78713.25507322015, -0.786, -0.28800000000000003, 0.54, 192.0, 0.0, 0.0, 0.0, 0.0, 0.0, 0.0, 0.0, 0.0, 0.0, 1.769680280774723E9, 0.0, 2026-01-29 15:21:20.774
195.0, 73273.75689432108, -120952.19593670321, -50617.13464464363, -184752.0541849201, -128371.32106677546, -84171.43931048385, -85896.14461614426, -77952.73696812833, -0.786, -0.28800000000000003, 0.54, 192.0, 0.0, 0.0, 0.0, 0.0, 0.0, 0.0, 0.0, 0.0, 0.0, 1.769680280774814E9, 0.0, 2026-01-29 15:21:20.774
196.0, 73171.74353262705, -111025.20507874551, 38890.11310221113, -172788.05944777245, -128364.5484882055, -84168.89121161595, -85898.44684582316, -78900.76385745572, -0.786, -0.28800000000000003, 0.54, 192.0, 0.0, 0.0, 0.0, 0.0, 0.0, 0.0, 0.0, 0.0, 0.0, 1.769680280833724E9, 0.0, 2026-01-29 15:21:20.833
197.0, 73036.984865306, -101095.88963936444, 72756.62693460309, -161249.28429714256, -128357.61944742435, -84165.29258075864, -85901.35257260235, -79562.59901077735, -0.786, -0.28800000000000003, 0.54, 192.0, 0.0, 0.0, 0.0, 0.0, 0.0, 0.0, 0.0, 0.0, 0.0, 1.769680280833835E9, 0.0, 2026-01-29 15:21:20.833
198.0, 73080.90604316069, -106211.15341319483, 65169.12611354901, -167643.35842649444, -128362.35801724887, -84169.49470871624, -85903.56539530342, -79534.81579241941, -0.784, -0.28800000000000003, 0.546, 192.0, 231.0, 128.0, 247.0, 0.0, 17.0, 16.0, 0.0, 0.0, 0.0, 1.769680280833918E9, 0.0, 2026-01-29 15:21:20.833
199.0, 73234.86485896884, -118296.69693669045, -15758.270413669397, -181843.2205132509, -128371.07519758646, -84176.9154878754, -85902.20193889165, -78599.08236254244, -0.784, -0.28800000000000003, 0.546, 192.0, 0.0, 0.0, 0.0, 0.0, 0.0, 0.0, 0.0, 0.0, 0.0, 1.769680280834057E9, 0.0, 2026-01-29 15:21:20.834
200.0, 73298.38851671082, -120912.36512808385, -48713.01188624047, -184604.44326453726, -128371.7010464312, -84179.1730140654, -85899.96676444612, -77826.56137067812, -0.784, -0.28800000000000003, 0.546, 192.0, 0.0, 0.0, 0.0, 0.0, 0.0, 0.0, 0.0, 0.0, 0.0, 1.769680280834153E9, 0.0, 2026-01-29 15:21:20.834
201.0, 73194.43055324919, -110919.12369956062, 40525.79140970605, -172583.9880208955, -128364.1461568053, -84175.8202523971, -85901.59844179136, -78838.5589526366, -0.784, -0.28800000000000003, 0.546, 192.0, 0.0, 0.0, 0.0, 0.0, 0.0, 0.0, 0.0, 0.0, 0.0, 1.769680280834248E9, 0.0, 2026-01-29 15:21:20.834
202.0, 73059.96245860607, -101108.1160435815, 72836.37795881963, -161224.89854394182, -128356.39010147931, -84171.28284827266, -85903.61009879233, -79569.6845137697, -0.784, -0.28800000000000003, 0.546, 192.0, 0.0, 0.0, 0.0, 0.0, 0.0, 0.0, 0.0, 0.0, 0.0, 1.769680280834345E9, 0.0, 2026-01-29 15:21:20.834
203.0, 73106.81171498439, -106354.20457770879, 65083.04954565162, -167764.88486109793, -128362.82740388245, -84177.04959834214, -85907.34284011637, -79529.16080107223, -0.784, -0.28800000000000003, 0.546, 192.0, 0.0, 0.0, 0.0, 0.0, 0.0, 0.0, 0.0, 0.0, 0.0, 1.76968028083445E9, 0.0, 2026-01-29 15:21:20.834
204.0, 73261.8434145264, -118408.07567931125, -15650.535005394819, -181877.2845718008, -128373.15390982079, -84186.21381356881, -85907.52165407201, -78489.46940773362, -0.784, -0.28800000000000003, 0.546, 192.0, 0.0, 0.0, 0.0, 0.0, 0.0, 0.0, 0.0, 0.0, 0.0, 1.769680280834536E9, 0.0, 2026-01-29 15:21:20.834
205.0, 73324.1600780678, -120888.96285163914, -46782.02233100204, -184459.58160872242, -128374.62912495484, -84189.43246477038, -85906.38171510478, -77718.08835483651, -0.784, -0.28800000000000003, 0.546, 192.0, 0.0, 0.0, 0.0, 0.0, 0.0, 0.0, 0.0, 0.0, 0.0, 1.769680280834644E9, 0.0, 2026-01-29 15:21:20.834
206.0, 73218.32456807191, -110797.97724461285, 42200.38410429766, -172361.23053565391, -128366.56014520647, -84185.58796472407, -85907.38754360528, -78787.3958095784, -0.784, -0.28800000000000003, 0.546, 192.0, 0.0, 0.0, 0.0, 0.0, 0.0, 0.0, 0.0, 0.0, 0.0, 1.769680280834746E9, 0.0, 2026-01-29 15:21:20.834
207.0, 73085.3540403073, -101080.60104615701, 72917.15716328111, -161199.46225875168, -128359.18406953623, -84181.45289199983, -85909.82388375091, -79580.86038599735, -0.784, -0.28800000000000003, 0.546, 192.0, 0.0, 0.0, 0.0, 0.0, 0.0, 0.0, 0.0, 0.0, 0.0, 1.769680280834844E9, 0.0, 2026-01-29 15:21:20.834
208.0, 73133.27618041947, -106438.71652349431, 64984.992442726194, -167889.56289166963, -128365.12963356134, -84186.88436590247, -85913.06488669693, -79523.34934751384, -0.784, -0.28800000000000003, 0.546, 192.0, 231.0, 128.0, 247.0, 0.0, 17.0, 16.0, 0.0, 0.0, 0.0, 1.769680280834943E9, 0.0, 2026-01-29 15:21:20.834
209.0, 73287.68203111674, -118476.60612781122, -15606.546772306774, -181935.06383121776, -128374.96440112167, -84195.44508402886, -85912.64020355228, -78384.39385704922, -0.784, -0.28800000000000003, 0.546, 192.0, 0.0, 0.0, 0.0, 0.0, 0.0, 0.0, 0.0, 0.0, 0.0, 1.769680280835033E9, 0.0, 2026-01-29 15:21:20.835
210.0, 73350.53513652505, -120841.59950513835, -44931.49905580271, -184330.23206355955, -128378.51832849007, -84200.7200957203, -85913.78014251949, -77616.29851058705, -0.784, -0.28800000000000003, 0.546, 192.0, 0.0, 0.0, 0.0, 0.0, 0.0, 0.0, 0.0, 0.0, 0.0, 1.769680280835125E9, 0.0, 2026-01-29 15:21:20.835
211.0, 73241.92801021672, -110656.15542604393, 43634.94141518372, -172140.86468706903, -128369.33176151893, -84195.71330496232, -85913.84719775287, -78740.07716656652, -0.784, -0.28800000000000003, 0.546, 192.0, 0.0, 0.0, 0.0, 0.0, 0.0, 0.0, 0.0, 0.0, 0.0, 1.769680280894046E9, 0.0, 2026-01-29 15:21:20.894
212.0, 73109.73979350804, -101017.41266458186, 72983.8324169913, -161118.8171647569, -128362.13449980432, -84191.60058398254, -85916.41764836523, -79592.46094136965, -0.784, -0.28800000000000003, 0.546, 192.0, 0.0, 0.0, 0.0, 0.0, 0.0, 0.0, 0.0, 0.0, 0.0, 1.769680280894158E9, 0.0, 2026-01-29 15:21:20.894
213.0, 73157.55017489793, -106522.0438268237, 64904.86143885391, -167971.72790428734, -128366.4036829953, -84195.15451135093, -85917.75875303254, -79515.01214683201, -0.784, -0.28800000000000003, 0.546, 192.0, 0.0, 0.0, 0.0, 0.0, 0.0, 0.0, 0.0, 0.0, 0.0, 1.769680280894242E9, 0.0, 2026-01-29 15:21:20.894
214.0, 73312.6489296733, -118580.92171918413, -15547.292297755755, -181986.53989869833, -128377.08781684493, -84204.43048529989, -85917.93756698818, -78289.71186753653, -0.784, -0.28800000000000003, 0.546, 192.0, 0.0, 0.0, 0.0, 0.0, 0.0, 0.0, 0.0, 0.0, 0.0, 1.769680280894372E9, 0.0, 2026-01-29 15:21:20.894
215.0, 73372.05986643552, -120826.82500205339, -43105.94267915996, -184210.471416768, -128378.42892151224, -84207.60443301254, -85917.13290418779, -77528.07617522194, -0.784, -0.28800000000000003, 0.546, 192.0, 0.0, 0.0, 0.0, 0.0, 0.0, 0.0, 0.0, 0.0, 0.0, 1.769680280894494E9, 0.0, 2026-01-29 15:21:20.894
216.0, 73264.83854828341, -110524.57070643554, 45068.58230454711, -171920.09650708397, -128371.96926736466, -84205.48101728929, -85919.97157573362, -78700.46987539172, -0.784, -0.28800000000000003, 0.546, 192.0, 0.0, 0.0, 0.0, 0.0, 0.0, 0.0, 0.0, 0.0, 0.0, 1.769680280894588E9, 0.0, 2026-01-29 15:21:20.894
217.0, 73134.41611938669, -100960.61688192093, 73048.38425497821, -161036.8086143504, -128365.3978544948, -84201.9717934098, -85923.21257867964, -79604.86615954235, -0.784, -0.28800000000000003, 0.546, 192.0, 0.0, 0.0, 0.0, 0.0, 0.0, 0.0, 0.0, 0.0, 0.0, 1.76968028089468E9, 0.0, 2026-01-29 15:21:20.894
218.0, 73184.88635836677, -106621.75495883882, 64839.795510744516, -168060.911364664, -128370.53875571952, -84206.3750870675, -85925.29129091398, -79502.94220482615, -0.786, -0.29, 0.55, 192.0, 231.0, 112.0, 246.0, 240.0, 17.0, 48.0, 0.0, 0.0, 0.0, 1.769680280894762E9, 0.0, 2026-01-29 15:21:20.894
219.0, 73339.85100267542, -118692.14399959374, -15285.843942862028, -182026.79539046233, -128380.68644770223, -84215.06991566061, -85924.7324973026, -78179.27189818287, -0.786, -0.29, 0.55, 192.0, 0.0, 0.0, 0.0, 0.0, 0.0, 0.0, 0.0, 0.0, 0.0, 1.769680280894854E9, 0.0, 2026-01-29 15:21:20.894
220.0, 73397.2726341811, -120804.74147853155, -40827.070573219135, -184077.21031632548, -128381.8487384139, -84218.132104651, -85923.95018624666, -77433.41653745373, -0.786, -0.29, 0.55, 192.0, 0.0, 0.0, 0.0, 0.0, 0.0, 0.0, 0.0, 0.0, 0.0, 1.769680280894936E9, 0.0, 2026-01-29 15:21:20.894
221.0, 73286.40798168279, -110380.55841690999, 46723.05842912894, -171677.0212861325, -128373.69035168772, -84214.26525286022, -85925.29129091398, -78655.85579345892, -0.786, -0.29, 0.55, 192.0, 0.0, 0.0, 0.0, 0.0, 0.0, 0.0, 0.0, 0.0, 0.0, 1.769680280895028E9, 0.0, 2026-01-29 15:21:20.895
222.0, 73157.77369234248, -100910.05723596302, 73112.93609296514, -160969.6416222622, -128368.28122952953, -84211.98537492579, -85929.73928806059, -79615.55029339198, -0.786, -0.29, 0.55, 192.0, 0.0, 0.0, 0.0, 0.0, 0.0, 0.0, 0.0, 0.0, 0.0, 1.769680280895118E9, 0.0, 2026-01-29 15:21:20.895
223.0, 73211.48493426859, -106711.3407506157, 64847.84213874843, -168147.07733953922, -128374.91969763277, -84217.90858720645, -85932.9802910066, -79491.72162910958, -0.786, -0.29, 0.55, 192.0, 0.0, 0.0, 0.0, 0.0, 0.0, 0.0, 0.0, 0.0, 0.0, 1.76968028089521E9, 0.0, 2026-01-29 15:21:20.895
224.0, 73365.84608147694, -118780.90277682577, -14510.640741663068, -182041.50283831393, -128384.88857565983, -84226.64811928847, -85932.3320904174, -78092.83770237419, -0.786, -0.29, 0.55, 192.0, 0.0, 0.0, 0.0, 0.0, 0.0, 0.0, 0.0, 0.0, 0.0, 1.769680280895292E9, 0.0, 2026-01-29 15:21:20.895
225.0, 73424.11707927192, -120775.97478341757, -38049.39693801367, -183902.1067502626, -128388.50955826159, -84232.0795931911, -85934.2319886961, -77363.38852207524, -0.786, -0.29, 0.55, 192.0, 0.0, 0.0, 0.0, 0.0, 0.0, 0.0, 0.0, 0.0, 0.0, 1.769680280895385E9, 0.0, 2026-01-29 15:21:20.895
226.0, 73313.31948200698, -110251.0747612804, 48376.97576009938, -171418.38925104015, -128381.82638666945, -84229.64325304548, -85937.00360500856, -78626.88793264484, -0.786, -0.29, 0.55, 192.0, 0.0, 0.0, 0.0, 0.0, 0.0, 0.0, 0.0, 0.0, 0.0, 1.769680280954447E9, 0.0, 2026-01-29 15:21:20.954
227.0, 73185.10987581132, -100872.68511923375, 73175.65508790674, -160896.50671440444, -128375.61260171088, -84226.46930533282, -85940.57988412141, -79631.1965145107, -0.786, -0.29, 0.55, 192.0, 0.0, 0.0, 0.0, 0.0, 0.0, 0.0, 0.0, 0.0, 0.0, 1.769680280954561E9, 0.0, 2026-01-29 15:21:20.954
228.0, 73237.54706830348, -106800.36774878118, 64866.774066302074, -168228.52709633435, -128379.27828780154, -84229.3303286231, -85940.7363463326, -79475.58366961285, -0.776, -0.29, 0.548, 192.0, 231.0, 192.0, 246.0, 240.0, 17.0, 32.0, 0.0, 0.0, 0.0, 1.769680280954645E9, 0.0, 2026-01-29 15:21:20.954
229.0, 73392.69052656776, -118874.22130992668, -13630.943135135549, -182067.16264094863, -128390.02947688455, -84238.69570954988, -85940.84810505487, -78001.4637710409, -0.776, -0.29, 0.548, 192.0, 0.0, 0.0, 0.0, 0.0, 0.0, 0.0, 0.0, 0.0, 0.0, 1.769680280954782E9, 0.0, 2026-01-29 15:21:20.954
230.0, 73447.67581792783, -120775.99713516202, -35228.71854647619, -183751.00895774472, -128391.7505612076, -84242.07082296263, -85941.02691901052, -77288.66664036115, -0.776, -0.29, 0.548, 192.0, 0.0, 0.0, 0.0, 0.0, 0.0, 0.0, 0.0, 0.0, 0.0, 1.769680280954875E9, 0.0, 2026-01-29 15:21:20.954
231.0, 73333.48075550566, -110182.4102023137, 49836.52232128648, -171203.05254495773, -128382.98867738113, -84237.39930837147, -85941.71982308863, -78591.34865896091, -0.776, -0.29, 0.548, 192.0, 0.0, 0.0, 0.0, 0.0, 0.0, 0.0, 0.0, 0.0, 0.0, 1.769680280954968E9, 0.0, 2026-01-29 15:21:20.954
232.0, 73206.85812316634, -100884.41978507278, 73223.82309720792, -160844.62831552367, -128377.26663080057, -84234.51593333673, -85945.74313709058, -79640.47248845965, -0.776, -0.29, 0.548, 192.0, 0.0, 0.0, 0.0, 0.0, 0.0, 0.0, 0.0, 0.0, 0.0, 1.769680280955067E9, 0.0, 2026-01-29 15:21:20.955
233.0, 73262.67042907125, -106931.34897128928, 64813.5992662429, -168344.55500180187, -128382.6981047032, -84239.07568920561, -85947.4865731581, -79453.65660830219, -0.776, -0.29, 0.548, 192.0, 0.0, 0.0, 0.0, 0.0, 0.0, 0.0, 0.0, 0.0, 0.0, 1.769680280955154E9, 0.0, 2026-01-29 15:21:20.955
234.0, 73417.21039023524, -118975.16178788684, -13052.547043865568, -182100.1314640202, -128393.0022588971, -84248.15049745447, -85947.19600048018, -77911.25213041928, -0.776, -0.29, 0.548, 192.0, 0.0, 0.0, 0.0, 0.0, 0.0, 0.0, 0.0, 0.0, 0.0, 1.769680280955241E9, 0.0, 2026-01-29 15:21:20.955
235.0, 73470.02756238313, -120731.2489427625, -32604.847264867698, -183600.35820011597, -128394.49982577561, -84251.57031435613, -85947.24070396909, -77223.48895352948, -0.776, -0.29, 0.548, 192.0, 0.0, 0.0, 0.0, 0.0, 0.0, 0.0, 0.0, 0.0, 0.0, 1.769680280955329E9, 0.0, 2026-01-29 15:21:20.955
236.0, 73355.43016856076, -110028.58549697227, 51286.14470793542, -170961.54194611812, -128386.94493614972, -84248.32931141011, -85949.14060224779, -78562.58196384693, -0.776, -0.29, 0.548, 192.0, 0.0, 0.0, 0.0, 0.0, 0.0, 0.0, 0.0, 0.0, 0.0, 1.769680280955442E9, 0.0, 2026-01-29 15:21:20.955
237.0, 73229.54514378848, -100837.3470112499, 73270.65000184179, -160795.34271899972, -128380.90996514678, -84245.31182590865, -85952.9851022941, -79652.16245080977, -0.776, -0.29, 0.548, 192.0, 0.0, 0.0, 0.0, 0.0, 0.0, 0.0, 0.0, 0.0, 0.0, 1.76968028095554E9, 0.0, 2026-01-29 15:21:20.955
238.0, 73286.58679563842, -107042.83947263235, 64630.6055343873, -168467.86957596178, -128385.89440416032, -84249.44689863287, -85953.92387556123, -79432.1989336251, -0.776, -0.28800000000000003, 0.546, 192.0, 231.0, 192.0, 247.0, 0.0, 17.0, 16.0, 0.0, 0.0, 0.0, 1.769680280955639E9, 0.0, 2026-01-29 15:21:20.955
239.0, 73439.18215503481, -119096.86703644598, -13134.600297761, -182169.0418921759, -128394.07514263096, -84256.55475336967, -85951.44283192669, -77827.03075731167, -0.776, -0.28800000000000003, 0.546, 192.0, 0.0, 0.0, 0.0, 0.0, 0.0, 0.0, 0.0, 0.0, 0.0, 1.769680280955735E9, 0.0, 2026-01-29 15:21:20.955
240.0, 73493.22867312774, -120725.81746885985, -30891.742514579597, -183491.6616668298, -128398.54549152202, -84263.10381449507, -85954.79559359499, -77164.92738305657, -0.776, -0.28800000000000003, 0.546, 192.0, 0.0, 0.0, 0.0, 0.0, 0.0, 0.0, 0.0, 0.0, 0.0, 1.769680280955833E9, 0.0, 2026-01-29 15:21:20.955
241.0, 73378.20659616073, -109898.5877512202, 52313.721455779254, -170741.4890219556, -128392.1528926078, -84261.13686098301, -85958.01424479655, -78541.4372135922, -0.776, -0.28800000000000003, 0.546, 192.0, 0.0, 0.0, 0.0, 0.0, 0.0, 0.0, 0.0, 0.0, 0.0, 1.769680281014716E9, 0.0, 2026-01-29 15:21:21.014
242.0, 73252.05335045497, -100800.93601953221, 73309.78790638303, -160741.72088405144, -128384.93327914874, -84256.66651209194, -85960.49528843109, -79664.299448049, -0.776, -0.28800000000000003, 0.546, 192.0, 0.0, 0.0, 0.0, 0.0, 0.0, 0.0, 0.0, 0.0, 0.0, 1.769680281014833E9, 0.0, 2026-01-29 15:21:21.014
243.0, 73313.34183375143, -107157.74979087709, 64462.632174805665, -168579.27067032704, -128392.19759609671, -84263.10381449507, -85963.64688439929, -79408.81900892485, -0.776, -0.28800000000000003, 0.546, 192.0, 0.0, 0.0, 0.0, 0.0, 0.0, 0.0, 0.0, 0.0, 0.0, 1.769680281014921E9, 0.0, 2026-01-29 15:21:21.014
244.0, 73466.69715245928, -119219.86868618354, -13106.526506725135, -182243.1602767897, -128401.11594213438, -84270.7928145877, -85962.10461403186, -77748.30791334009, -0.776, -0.28800000000000003, 0.546, 192.0, 0.0, 0.0, 0.0, 0.0, 0.0, 0.0, 0.0, 0.0, 0.0, 1.769680281015054E9, 0.0, 2026-01-29 15:21:21.015
245.0, 73516.09450770552, -120716.742660611, -28859.99129533664, -183371.72220608263, -128402.43469505725, -84274.16792800045, -85962.41753845425, -77109.47270506296, -0.776, -0.28800000000000003, 0.546, 192.0, 0.0, 0.0, 0.0, 0.0, 0.0, 0.0, 0.0, 0.0, 0.0, 1.769680281015157E9, 0.0, 2026-01-29 15:21:21.015
246.0, 73396.64678533636, -109778.24595907282, 53396.03762579413, -170539.76452824648, -128393.27047983056, -84269.29524770919, -85962.75281462107, -78521.23123660461, -0.776, -0.28800000000000003, 0.546, 192.0, 0.0, 0.0, 0.0, 0.0, 0.0, 0.0, 0.0, 0.0, 0.0, 1.769680281015251E9, 0.0, 2026-01-29 15:21:21.015
247.0, 73273.28750768752, -100768.45893483865, 73345.52834576707, -160697.3303195632, -128387.68254371674, -84266.43422441892, -85966.73142513412, -79675.6541342323, -0.776, -0.28800000000000003, 0.546, 192.0, 0.0, 0.0, 0.0, 0.0, 0.0, 0.0, 0.0, 0.0, 0.0, 1.769680281015343E9, 0.0, 2026-01-29 15:21:21.015
248.0, 73332.67609270527, -107264.83699856246, 64426.57881099926, -168681.73106691017, -128391.3035263185, -84269.25054422028, -85965.97146582264, -79378.487691699, -0.778, -0.28600000000000003, 0.548, 192.0, 231.0, 176.0, 247.0, 16.0, 17.0, 32.0, 0.0, 0.0, 0.0, 1.769680281015441E9, 0.0, 2026-01-29 15:21:21.015
249.0, 73487.41721956935, -119306.6605099035, -12408.772100063814, -182260.01349210902, -128401.47357004567, -84278.28064898022, -85965.792651867, -77670.27797344662, -0.778, -0.28600000000000003, 0.548, 192.0, 0.0, 0.0, 0.0, 0.0, 0.0, 0.0, 0.0, 0.0, 0.0, 1.769680281015532E9, 0.0, 2026-01-29 15:21:21.015
250.0, 73535.1605457259, -120662.80790124035, -26308.11498261869, -183218.23277690803, -128402.74761947962, -84281.63341064852, -85966.28439024501, -77054.934448592, -0.778, -0.28600000000000003, 0.548, 192.0, 0.0, 0.0, 0.0, 0.0, 0.0, 0.0, 0.0, 0.0, 0.0, 1.769680281015614E9, 0.0, 2026-01-29 15:21:21.015
251.0, 73416.0257477791, -109646.75064644226, 54651.46805661536, -170338.44236593752, -128395.12567462036, -84278.1912420024, -85968.18428852371, -78496.39844851475, -0.778, -0.28600000000000003, 0.548, 192.0, 0.0, 0.0, 0.0, 0.0, 0.0, 0.0, 0.0, 0.0, 0.0, 1.769680281015708E9, 0.0, 2026-01-29 15:21:21.015
252.0, 73293.47113293066, -100757.59598703338, 73379.72651478369, -160698.44790678596, -128388.91188966179, -84274.70436986738, -85971.60410542537, -79683.38783781385, -0.778, -0.28600000000000003, 0.548, 192.0, 0.0, 0.0, 0.0, 0.0, 0.0, 0.0, 0.0, 0.0, 0.0, 1.7696802810158E9, 0.0, 2026-01-29 15:21:21.015
253.0, 73355.98896217215, -107370.02430796914, 64416.140546338625, -168801.71523114626, -128394.72334322016, -84279.53234666972, -85972.9452100927, -79351.35267393025, -0.778, -0.28600000000000003, 0.548, 192.0, 0.0, 0.0, 0.0, 0.0, 0.0, 0.0, 0.0, 0.0, 0.0, 1.769680281015891E9, 0.0, 2026-01-29 15:21:21.015
254.0, 73510.84184775852, -119371.10058916816, -11373.171075960527, -182259.16412581972, -128406.10038114792, -84289.68003865243, -85973.9957420821, -77611.17996110678, -0.778, -0.28600000000000003, 0.548, 192.0, 0.0, 0.0, 0.0, 0.0, 0.0, 0.0, 0.0, 0.0, 0.0, 1.769680281015972E9, 0.0, 2026-01-29 15:21:21.015
255.0, 73556.03707504715, -120616.29392102885, -23522.506478131592, -183044.62677772366, -128406.77093348157, -84292.36224798707, -85973.9957420821, -77025.65366335555, -0.778, -0.28600000000000003, 0.548, 192.0, 0.0, 0.0, 0.0, 0.0, 0.0, 0.0, 0.0, 0.0, 0.0, 1.769680281016063E9, 0.0, 2026-01-29 15:21:21.016
0.0, 73436.29878000007, -109511.41083376537, 55856.00356531186, -170095.61301417506, -128399.77483746706, -84289.70239039688, -85976.58854443891, -78492.59865195736, -0.778, -0.28600000000000003, 0.548, 192.0, 0.0, 0.0, 0.0, 0.0, 0.0, 0.0, 0.0, 0.0, 0.0, 1.769680281074966E9, 0.0, 2026-01-29 15:21:21.074
1.0, 73314.9064558633, -100727.3764285298, 73412.24830296615, -160653.05151379723, -128393.76221820859, -84286.21551826186, -85979.98600959612, -79697.5588437985, -0.778, -0.28600000000000003, 0.548, 192.0, 0.0, 0.0, 0.0, 0.0, 0.0, 0.0, 0.0, 0.0, 0.0, 1.769680281075143E9, 0.0, 2026-01-29 15:21:21.075
2.0, 73377.58074731598, -107480.1737046449, 64303.934789172985, -168909.361232443, -128398.03140139955, -84289.59063167461, -85979.53897470701, -79330.05146146435, -0.788, -0.28400000000000003, 0.55, 192.0, 231.0, 96.0, 247.0, 32.0, 17.0, 48.0, 0.0, 0.0, 0.0, 1.769680281075231E9, 0.0, 2026-01-29 15:21:21.075
3.0, 73531.29369393512, -119474.23153808493, -11014.98437106423, -182309.12027467732, -128408.71553524918, -84299.2465852793, -85980.03071308503, -77562.27434423857, -0.788, -0.28400000000000003, 0.55, 192.0, 0.0, 0.0, 0.0, 0.0, 0.0, 0.0, 0.0, 0.0, 0.0, 1.769680281075373E9, 0.0, 2026-01-29 15:21:21.075
4.0, 73573.42673223338, -120573.89266179713, -21191.10777272079, -182897.95463060794, -128408.38025908236, -84301.03472483573, -85979.15899505127, -77007.77226779131, -0.788, -0.28400000000000003, 0.55, 192.0, 0.0, 0.0, 0.0, 0.0, 0.0, 0.0, 0.0, 0.0, 0.0, 1.769680281075492E9, 0.0, 2026-01-29 15:21:21.075
5.0, 73451.65442844086, -109356.89322434584, 56958.68217452552, -169860.07033110503, -128401.8088462125, -84298.75484690128, -85982.13177706383, -78506.63554747529, -0.788, -0.28400000000000003, 0.55, 192.0, 0.0, 0.0, 0.0, 0.0, 0.0, 0.0, 0.0, 0.0, 0.0, 1.769680281075583E9, 0.0, 2026-01-29 15:21:21.075
6.0, 73332.96666538318, -100674.9615877821, 73439.69624515728, -160591.29364386722, -128397.67377348826, -84297.32433525614, -85987.36208526637, -79715.90962599631, -0.788, -0.28400000000000003, 0.55, 192.0, 0.0, 0.0, 0.0, 0.0, 0.0, 0.0, 0.0, 0.0, 0.0, 1.769680281075674E9, 0.0, 2026-01-29 15:21:21.075
7.0, 73398.2784626816, -107584.01990938425, 64166.2480433283, -169021.36582390856, -128403.060543902, -84301.70527716939, -85987.92087887775, -79325.51405733993, -0.788, -0.28400000000000003, 0.55, 192.0, 0.0, 0.0, 0.0, 0.0, 0.0, 0.0, 0.0, 0.0, 0.0, 1.769680281075754E9, 0.0, 2026-01-29 15:21:21.075
8.0, 73549.15273775492, -119573.2721177664, -10831.52125257507, -182361.6468741473, -128411.17422713927, -84308.7013731839, -85985.97627711014, -77546.29284695302, -0.788, -0.28400000000000003, 0.55, 192.0, 0.0, 0.0, 0.0, 0.0, 0.0, 0.0, 0.0, 0.0, 0.0, 1.769680281075835E9, 0.0, 2026-01-29 15:21:21.075
9.0, 73590.5705202306, -120531.2008298875, -19145.476120171086, -182775.2435535483, -128412.02359342857, -84311.76356217428, -85986.55742246598, -77019.46223014143, -0.788, -0.28400000000000003, 0.55, 192.0, 0.0, 0.0, 0.0, 0.0, 0.0, 0.0, 0.0, 0.0, 0.0, 1.769680281075916E9, 0.0, 2026-01-29 15:21:21.075
10.0, 73464.90901290286, -109188.38342289728, 57952.86541615313, -169632.50722080556, -128403.21700611318, -84307.22615804985, -85987.42914049973, -78537.14567865679, -0.788, -0.28400000000000003, 0.55, 192.0, 0.0, 0.0, 0.0, 0.0, 0.0, 0.0, 0.0, 0.0, 0.0, 1.769680281076018E9, 0.0, 2026-01-29 15:21:21.076
11.0, 73343.02495038808, -100618.54578477691, 73456.30359128756, -160534.02847457273, -128394.81275019799, -84301.21353879137, -85988.25615504458, -79731.15351571483, -0.788, -0.28400000000000003, 0.55, 192.0, 0.0, 0.0, 0.0, 0.0, 0.0, 0.0, 0.0, 0.0, 0.0, 1.76968028107611E9, 0.0, 2026-01-29 15:21:21.076
12.0, 73411.60010237695, -107707.51329749981, 63958.48857861621, -169141.52880210028, -128401.65238400131, -84307.06969583865, -85989.93253587873, -79321.93777822707, -0.782, -0.28400000000000003, 0.548, 192.0, 231.0, 144.0, 247.0, 32.0, 17.0, 32.0, 0.0, 0.0, 0.0, 1.769680281076201E9, 0.0, 2026-01-29 15:21:21.076
13.0, 73565.69302865185, -119700.87822686175, -10815.159775633785, -182415.33576432895, -128412.71649750668, -84317.21738782137, -85990.93836437921, -77535.74282357012, -0.782, -0.28400000000000003, 0.548, 192.0, 0.0, 0.0, 0.0, 0.0, 0.0, 0.0, 0.0, 0.0, 0.0, 1.769680281076292E9, 0.0, 2026-01-29 15:21:21.076
14.0, 73605.70265122683, -120517.49921053639, -17259.36886779891, -182641.4683629833, -128414.2587678741, -84320.97248088986, -85992.36887602435, -77036.82953558321, -0.782, -0.28400000000000003, 0.548, 192.0, 0.0, 0.0, 0.0, 0.0, 0.0, 0.0, 0.0, 0.0, 0.0, 1.769680281076386E9, 0.0, 2026-01-29 15:21:21.076
15.0, 73478.9906119097, -109049.10970319626, 58834.06058955915, -169399.2891191589, -128406.0109741701, -84316.97151863236, -85993.91114639178, -78572.05910349598, -0.782, -0.28400000000000003, 0.548, 192.0, 0.0, 0.0, 0.0, 0.0, 0.0, 0.0, 0.0, 0.0, 0.0, 1.769680281135267E9, 0.0, 2026-01-29 15:21:21.135
16.0, 73360.4146075743, -100568.00849056346, 73478.58828050952, -160490.5319798627, -128399.52896827806, -84312.99290811931, -85996.48159700414, -79753.41585319232, -0.782, -0.28400000000000003, 0.548, 192.0, 0.0, 0.0, 0.0, 0.0, 0.0, 0.0, 0.0, 0.0, 0.0, 1.769680281135381E9, 0.0, 2026-01-29 15:21:21.135
17.0, 73431.89548634237, -107810.08545280523, 63801.82520172897, -169262.22822215894, -128406.79328522603, -84319.16198958897, -85998.56030923847, -79318.67442353659, -0.782, -0.28400000000000003, 0.548, 192.0, 0.0, 0.0, 0.0, 0.0, 0.0, 0.0, 0.0, 0.0, 0.0, 1.769680281135494E9, 0.0, 2026-01-29 15:21:21.135
18.0, 73583.55207247163, -119814.53684741698, -10683.329186836385, -182482.03336978357, -128415.15283765232, -84326.44865828141, -85996.86157665987, -77519.29193965101, -0.782, -0.28400000000000003, 0.548, 192.0, 0.0, 0.0, 0.0, 0.0, 0.0, 0.0, 0.0, 0.0, 0.0, 1.769680281135727E9, 0.0, 2026-01-29 15:21:21.135
19.0, 73622.30999735714, -120495.97448062594, -15373.172208448912, -182525.82043717153, -128416.73981150864, -84330.33786181663, -85998.47090226065, -77041.23282924091, -0.782, -0.28400000000000003, 0.548, 192.0, 0.0, 0.0, 0.0, 0.0, 0.0, 0.0, 0.0, 0.0, 0.0, 1.769680281135876E9, 0.0, 2026-01-29 15:21:21.135
20.0, 73494.86035047297, -108914.14987017511, 59652.20149185676, -169209.90278838907, -128409.14021839383, -84327.02980363726, -86000.66137321727, -78594.67906888474, -0.782, -0.28400000000000003, 0.548, 192.0, 0.0, 0.0, 0.0, 0.0, 0.0, 0.0, 0.0, 0.0, 0.0, 1.76968028113606E9, 0.0, 2026-01-29 15:21:21.136
21.0, 73377.78191301608, -100530.81518778982, 73499.77773425315, -160459.64186902545, -128402.97113692417, -84323.23000707985, -86003.4553412742, -79771.38665573439, -0.782, -0.28400000000000003, 0.548, 192.0, 0.0, 0.0, 0.0, 0.0, 0.0, 0.0, 0.0, 0.0, 0.0, 1.76968028113621E9, 0.0, 2026-01-29 15:21:21.136
22.0, 73452.81671915254, -107910.78006157638, 63712.66409309675, -169368.44371181057, -128412.04594517303, -84331.20957985039, -86007.14337910931, -79312.41593508911, -0.78, -0.28600000000000003, 0.554, 192.0, 231.0, 160.0, 247.0, 16.0, 17.0, 80.0, 0.0, 0.0, 0.0, 1.769680281136424E9, 0.0, 2026-01-29 15:21:21.136
23.0, 73604.6744709819, -119902.46861010416, -10248.386591480565, -182523.31704179253, -128420.47255283268, -84338.652710754, -86005.62346048636, -77498.3930585853, -0.78, -0.28600000000000003, 0.554, 192.0, 0.0, 0.0, 0.0, 0.0, 0.0, 0.0, 0.0, 0.0, 0.0, 1.769680281136602E9, 0.0, 2026-01-29 15:21:21.136
24.0, 73640.86194525503, -120443.53728813378, -13142.915146698375, -182390.59238321692, -128420.8078289995, -84341.26786485528, -86006.13755060882, -77041.47869842991, -0.78, -0.28600000000000003, 0.554, 192.0, 0.0, 0.0, 0.0, 0.0, 0.0, 0.0, 0.0, 0.0, 0.0, 1.769680281136752E9, 0.0, 2026-01-29 15:21:21.136
25.0, 73509.27722564664, -108756.65947874302, 60565.02438366704, -168992.86734972804, -128410.41426782779, -84335.16583861898, -86005.57875699745, -78613.54394120502, -0.78, -0.28600000000000003, 0.554, 192.0, 0.0, 0.0, 0.0, 0.0, 0.0, 0.0, 0.0, 0.0, 0.0, 1.769680281136921E9, 0.0, 2026-01-29 15:21:21.136
26.0, 73393.04815447905, -100465.54809398032, 73518.03910947313, -160399.1580485294, -128403.73109623566, -84331.03076589474, -86007.85863493188, -79786.831711153, -0.78, -0.28600000000000003, 0.554, 192.0, 0.0, 0.0, 0.0, 0.0, 0.0, 0.0, 0.0, 0.0, 0.0, 1.769680281137085E9, 0.0, 2026-01-29 15:21:21.137
27.0, 73468.95467864927, -107986.12779213522, 63643.12781609629, -169465.763207169, -128412.02359342857, -84338.406841565, -86010.71965822217, -79300.1671791276, -0.78, -0.28600000000000003, 0.554, 192.0, 0.0, 0.0, 0.0, 0.0, 0.0, 0.0, 0.0, 0.0, 0.0, 1.769680281137252E9, 0.0, 2026-01-29 15:21:21.137
28.0, 73623.91932295791, -119961.29840151053, -9516.992809414007, -182547.61338801545, -128423.93707322325, -84349.20273413691, -86012.75366696759, -77479.52818626502, -0.78, -0.28600000000000003, 0.554, 192.0, 0.0, 0.0, 0.0, 0.0, 0.0, 0.0, 0.0, 0.0, 0.0, 1.769680281137412E9, 0.0, 2026-01-29 15:21:21.137
29.0, 73658.54217511919, -120356.34313301364, -10652.439075999151, -182227.98344230457, -128425.34523312394, -84352.82371673867, -86014.31828907947, -77055.71675964794, -0.78, -0.28600000000000003, 0.554, 192.0, 0.0, 0.0, 0.0, 0.0, 0.0, 0.0, 0.0, 0.0, 0.0, 1.769680281137583E9, 0.0, 2026-01-29 15:21:21.137
30.0, 73526.73393806625, -108564.09920026055, 61525.188270233666, -168732.78245124608, -128416.44923883073, -84348.3086643587, -86015.43587630223, -78648.34560732194, -0.78, -0.28600000000000003, 0.554, 192.0, 0.0, 0.0, 0.0, 0.0, 0.0, 0.0, 0.0, 0.0, 0.0, 1.769680281195334E9, 0.0, 2026-01-29 15:21:21.195
31.0, 73411.48834365468, -100425.38200919415, 73539.16150798339, -160345.22328915875, -128409.45314281622, -84343.7042050009, -86017.15696062529, -79809.29521433059, -0.78, -0.28600000000000003, 0.554, 192.0, 0.0, 0.0, 0.0, 0.0, 0.0, 0.0, 0.0, 0.0, 0.0, 1.769680281195555E9, 0.0, 2026-01-29 15:21:21.195
32.0, 73486.29963234659, -108097.46183126711, 63636.39994101524, -169558.29942921395, -128414.86226497439, -84348.1074986586, -86016.91109143628, -79300.79302797235, -0.78, -0.28, 0.554, 192.0, 231.0, 160.0, 247.0, 64.0, 17.0, 80.0, 0.0, 0.0, 0.0, 1.76968028119572E9, 0.0, 2026-01-29 15:21:21.195
33.0, 73638.51501208723, -120033.3827773789, -8480.38595681023, -182560.35388235498, -128424.29470113454, -84356.5117545738, -86016.59816701392, -77475.75074145207, -0.78, -0.28, 0.554, 192.0, 0.0, 0.0, 0.0, 0.0, 0.0, 0.0, 0.0, 0.0, 0.0, 1.769680281195943E9, 0.0, 2026-01-29 15:21:21.195
34.0, 73670.43330316941, -120276.70386751938, -7830.732504216731, -182060.36771063422, -128424.69703253474, -84359.2610191418, -86017.29107109203, -77078.51553899236, -0.78, -0.28, 0.554, 192.0, 0.0, 0.0, 0.0, 0.0, 0.0, 0.0, 0.0, 0.0, 0.0, 1.769680281196092E9, 0.0, 2026-01-29 15:21:21.196
35.0, 73537.99921727172, -108388.83917198649, 62485.039232377916, -168496.5245123535, -128416.60570104192, -84355.43887083995, -86019.19096937073, -78688.1764159413, -0.78, -0.28, 0.554, 192.0, 0.0, 0.0, 0.0, 0.0, 0.0, 0.0, 0.0, 0.0, 0.0, 1.769680281196267E9, 0.0, 2026-01-29 15:21:21.196
36.0, 73425.74875661716, -100373.3918515911, 73554.9641913133, -160291.333233277, -128411.01776492808, -84352.19786789392, -86022.32021359447, -79828.74123200671, -0.78, -0.28, 0.554, 192.0, 0.0, 0.0, 0.0, 0.0, 0.0, 0.0, 0.0, 0.0, 0.0, 1.769680281196458E9, 0.0, 2026-01-29 15:21:21.196
37.0, 73503.51047557718, -108179.49273341808, 63723.99642753559, -169636.6869970187, -128417.79034349804, -84357.9646179634, -86023.39309732833, -79303.67640300708, -0.78, -0.28, 0.554, 192.0, 0.0, 0.0, 0.0, 0.0, 0.0, 0.0, 0.0, 0.0, 0.0, 1.769680281196631E9, 0.0, 2026-01-29 15:21:21.196
38.0, 73656.35170416257, -120077.2369000002, -7066.25814035632, -182548.66392000485, -128428.51918083659, -84367.66527505699, -86024.48833280664, -77485.96548866815, -0.78, -0.28, 0.554, 192.0, 0.0, 0.0, 0.0, 0.0, 0.0, 0.0, 0.0, 0.0, 0.0, 1.769680281196776E9, 0.0, 2026-01-29 15:21:21.196
39.0, 73686.97359406634, -120178.98204076076, -4694.782757137151, -181868.70150192996, -128429.74852678164, -84371.19685068094, -86026.23176887415, -77116.84878073321, -0.78, -0.28, 0.554, 192.0, 0.0, 0.0, 0.0, 0.0, 0.0, 0.0, 0.0, 0.0, 0.0, 1.769680281196914E9, 0.0, 2026-01-29 15:21:21.196
40.0, 73552.17022325638, -108234.43332128922, 63464.85030232076, -168268.8719950762, -128420.65136678833, -84366.4135773675, -86027.12583865236, -78736.50088745367, -0.78, -0.28, 0.554, 192.0, 0.0, 0.0, 0.0, 0.0, 0.0, 0.0, 0.0, 0.0, 0.0, 1.769680281197069E9, 0.0, 2026-01-29 15:21:21.197
41.0, 73440.34444574648, -100370.32966260072, 73570.69981940983, -160259.81727359502, -128414.03525042954, -84361.94322847643, -86029.0033851866, -79851.31649390656, -0.78, -0.28, 0.554, 192.0, 0.0, 0.0, 0.0, 0.0, 0.0, 0.0, 0.0, 0.0, 0.0, 1.769680281197226E9, 0.0, 2026-01-29 15:21:21.197
42.0, 73519.89430426291, -108316.88890658485, 63748.158663291775, -169744.37770180436, -128420.98664295515, -84367.79938552373, -86030.09862066491, -79315.88045547968, -0.776, -0.28600000000000003, 0.554, 192.0, 231.0, 192.0, 247.0, 16.0, 17.0, 80.0, 0.0, 0.0, 0.0, 1.769680281197381E9, 0.0, 2026-01-29 15:21:21.197
43.0, 73671.64029737, -120163.46993010878, -6009.802938676231, -182554.09539390748, -128431.0672797045, -84376.9188972615, -86030.56800729848, -77503.71277376566, -0.776, -0.28600000000000003, 0.554, 192.0, 0.0, 0.0, 0.0, 0.0, 0.0, 0.0, 0.0, 0.0, 0.0, 1.769680281197548E9, 0.0, 2026-01-29 15:21:21.197
44.0, 73701.70339366239, -120119.36993829846, -2191.119157209296, -181712.66397388745, -128433.88359950586, -84382.08215023066, -86033.96547245569, -77162.49104291094, -0.776, -0.28600000000000003, 0.554, 192.0, 0.0, 0.0, 0.0, 0.0, 0.0, 0.0, 0.0, 0.0, 0.0, 1.769680281197704E9, 0.0, 2026-01-29 15:21:21.197
45.0, 73566.14006354095, -108084.31900552739, 64259.901852596035, -168041.15242256553, -128425.18877091275, -84377.54474610624, -86035.4630393342, -78789.54157704611, -0.776, -0.28600000000000003, 0.554, 192.0, 0.0, 0.0, 0.0, 0.0, 0.0, 0.0, 0.0, 0.0, 0.0, 1.769680281255701E9, 0.0, 2026-01-29 15:21:21.255
46.0, 73457.95762037726, -100365.90401719857, 73588.60356671854, -160216.32077888498, -128420.65136678833, -84375.04135072725, -86039.19578065822, -79878.13858725294, -0.776, -0.28600000000000003, 0.554, 192.0, 0.0, 0.0, 0.0, 0.0, 0.0, 0.0, 0.0, 0.0, 0.0, 1.769680281255819E9, 0.0, 2026-01-29 15:21:21.255
47.0, 73540.90494405091, -108471.0041846042, 63635.72938868158, -169844.26764777515, -128429.12267793689, -84382.43977814195, -86041.72152778167, -79332.21958067651, -0.776, -0.28600000000000003, 0.554, 192.0, 0.0, 0.0, 0.0, 0.0, 0.0, 0.0, 0.0, 0.0, 0.0, 1.769680281255907E9, 0.0, 2026-01-29 15:21:21.255
48.0, 73690.66163190146, -120290.98663222631, -5588.360796971417, -182590.64049609192, -128437.34811989643, -84389.81585381221, -86040.3580713699, -77523.15879144178, -0.776, -0.28600000000000003, 0.554, 192.0, 0.0, 0.0, 0.0, 0.0, 0.0, 0.0, 0.0, 0.0, 0.0, 1.769680281255994E9, 0.0, 2026-01-29 15:21:21.255
49.0, 73716.70141419189, -120094.17952229733, -292.8972593423438, -181576.27362922116, -128437.72809955217, -84392.56511838021, -86041.34154812593, -77202.81358990831, -0.776, -0.28600000000000003, 0.554, 192.0, 0.0, 0.0, 0.0, 0.0, 0.0, 0.0, 0.0, 0.0, 0.0, 1.769680281256126E9, 0.0, 2026-01-29 15:21:21.256
50.0, 73582.1662643154, -107954.65653594215, 64872.227891949165, -167824.8098879826, -128431.38020412686, -84390.50875789032, -86045.20839991671, -78838.60365612552, -0.776, -0.28600000000000003, 0.554, 192.0, 0.0, 0.0, 0.0, 0.0, 0.0, 0.0, 0.0, 0.0, 0.0, 1.769680281256246E9, 0.0, 2026-01-29 15:21:21.256
51.0, 73476.42016129734, -100369.86027596716, 73607.33432857208, -160188.40345006032, -128427.55805582501, -84388.94413577845, -86049.76815578558, -79903.5078172097, -0.776, -0.28600000000000003, 0.554, 192.0, 0.0, 0.0, 0.0, 0.0, 0.0, 0.0, 0.0, 0.0, 0.0, 1.769680281256333E9, 0.0, 2026-01-29 15:21:21.256
52.0, 73557.66875239239, -108625.5888492571, 63434.45192986154, -169956.56281191861, -128432.34132913845, -84392.56511838021, -86048.42705111827, -79340.82500229181, -0.784, -0.28, 0.552, 192.0, 231.0, 128.0, 247.0, 64.0, 17.0, 64.0, 0.0, 0.0, 0.0, 1.769680281256491E9, 0.0, 2026-01-29 15:21:21.256
53.0, 73708.09599257661, -120418.14570643255, -5533.263746889084, -182630.7618773892, -128441.48319262067, -84400.83526382867, -86048.09177495143, -77534.66993983627, -0.784, -0.28, 0.552, 192.0, 0.0, 0.0, 0.0, 0.0, 0.0, 0.0, 0.0, 0.0, 0.0, 1.769680281256619E9, 0.0, 2026-01-29 15:21:21.256
54.0, 73732.9511324109, -120059.04258001359, 1414.5972030874734, -181430.49555188365, -128442.62313158788, -84404.29978421924, -86049.99167323014, -77240.45392757106, -0.784, -0.28, 0.552, 192.0, 0.0, 0.0, 0.0, 0.0, 0.0, 0.0, 0.0, 0.0, 0.0, 1.769680281256706E9, 0.0, 2026-01-29 15:21:21.256
55.0, 73593.5656539876, -107822.49067097792, 65423.958352083966, -167629.29917923204, -128432.7213087942, -84398.66714461651, -86050.50576335262, -78886.1681683264, -0.784, -0.28, 0.552, 192.0, 0.0, 0.0, 0.0, 0.0, 0.0, 0.0, 0.0, 0.0, 0.0, 1.769680281256806E9, 0.0, 2026-01-29 15:21:21.256
56.0, 73488.42304806985, -100368.00508117737, 73619.4266223224, -160191.68915649524, -128428.07214594749, -84396.05199051523, -86053.90322850982, -79923.37851803047, -0.784, -0.28, 0.552, 192.0, 0.0, 0.0, 0.0, 0.0, 0.0, 0.0, 0.0, 0.0, 0.0, 1.769680281256906E9, 0.0, 2026-01-29 15:21:21.256
57.0, 73572.28679326616, -108764.21436836892, 63216.008331299825, -170108.06293583667, -128433.99535822815, -84400.67880161748, -86053.6573593208, -79353.2302204645, -0.784, -0.28, 0.552, 192.0, 0.0, 0.0, 0.0, 0.0, 0.0, 0.0, 0.0, 0.0, 0.0, 1.769680281257013E9, 0.0, 2026-01-29 15:21:21.257
58.0, 73722.66932996147, -120513.40884130108, -5630.11385561393, -182687.64706702795, -128443.45014613273, -84409.28422323278, -86053.59030408744, -77555.63587613533, -0.784, -0.28, 0.552, 192.0, 0.0, 0.0, 0.0, 0.0, 0.0, 0.0, 0.0, 0.0, 0.0, 1.76968028125711E9, 0.0, 2026-01-29 15:21:21.257
59.0, 73745.04342616122, -120008.1253061444, 2761.714489664375, -181317.90981506227, -128444.16540195531, -84412.30170873425, -86055.19962968823, -77291.12533225123, -0.784, -0.28, 0.552, 192.0, 0.0, 0.0, 0.0, 0.0, 0.0, 0.0, 0.0, 0.0, 0.0, 1.76968028125721E9, 0.0, 2026-01-29 15:21:21.257
60.0, 73605.05445063763, -107669.89531158154, 65891.44508736671, -167439.30935136194, -128435.35881463991, -84407.76430460982, -86056.83130703346, -78943.4333376209, -0.784, -0.28, 0.552, 192.0, 0.0, 0.0, 0.0, 0.0, 0.0, 0.0, 0.0, 0.0, 0.0, 1.769680281315363E9, 0.0, 2026-01-29 15:21:21.315
61.0, 73499.88949297542, -100337.24908080687, 73630.91541897242, -160188.9175401828, -128429.59206457045, -84403.98685979687, -86058.93237101226, -79945.90907644143, -0.784, -0.28, 0.552, 192.0, 0.0, 0.0, 0.0, 0.0, 0.0, 0.0, 0.0, 0.0, 0.0, 1.769680281315493E9, 0.0, 2026-01-29 15:21:21.315
62.0, 73583.46266549382, -108875.03431737833, 62937.617354108974, -170253.4833852629, -128433.52597159457, -84406.60201389814, -86056.69719656673, -79376.49838644247, -0.782, -0.28400000000000003, 0.55, 192.0, 231.0, 144.0, 247.0, 32.0, 17.0, 48.0, 0.0, 0.0, 0.0, 1.769680281315583E9, 0.0, 2026-01-29 15:21:21.315
63.0, 73729.5536672537, -120578.76534208839, -5527.564052052981, -182734.89865480646, -128439.18096294177, -84411.42999070049, -86052.85269652042, -77593.99146962064, -0.782, -0.28400000000000003, 0.55, 192.0, 0.0, 0.0, 0.0, 0.0, 0.0, 0.0, 0.0, 0.0, 0.0, 1.769680281315681E9, 0.0, 2026-01-29 15:21:21.315
64.0, 73750.34078959713, -119892.11975242136, 4707.120920076481, -181161.71582480858, -128440.74558505364, -84415.36389772462, -86055.44549887723, -77360.7063127406, -0.782, -0.28400000000000003, 0.55, 192.0, 0.0, 0.0, 0.0, 0.0, 0.0, 0.0, 0.0, 0.0, 0.0, 1.769680281315826E9, 0.0, 2026-01-29 15:21:21.315
65.0, 73612.40817456343, -107449.73062869677, 66461.97336458843, -167213.04264224085, -128435.40351812882, -84414.31336573522, -86060.69815882423, -79012.85785589908, -0.782, -0.28400000000000003, 0.55, 192.0, 0.0, 0.0, 0.0, 0.0, 0.0, 0.0, 0.0, 0.0, 0.0, 1.769680281315937E9, 0.0, 2026-01-29 15:21:21.315
66.0, 73512.62998731494, -100287.38233892708, 73643.58885807858, -160178.32281331098, -128433.1683436833, -84414.15690352404, -86066.10728098241, -79971.36771337602, -0.782, -0.28400000000000003, 0.55, 192.0, 0.0, 0.0, 0.0, 0.0, 0.0, 0.0, 0.0, 0.0, 0.0, 1.769680281316025E9, 0.0, 2026-01-29 15:21:21.316
67.0, 73598.23716857877, -108973.44904821504, 62882.475600537735, -170373.40049426563, -128437.4151751298, -84417.26379600332, -86063.9615135147, -79405.28743330091, -0.782, -0.28400000000000003, 0.55, 192.0, 0.0, 0.0, 0.0, 0.0, 0.0, 0.0, 0.0, 0.0, 0.0, 1.769680281316124E9, 0.0, 2026-01-29 15:21:21.316
68.0, 73744.61874301657, -120615.98099660648, -4705.042207842137, -182766.5934284441, -128444.23245718867, -84423.25406351735, -86061.36871115789, -77646.71923479071, -0.782, -0.28400000000000003, 0.55, 192.0, 0.0, 0.0, 0.0, 0.0, 0.0, 0.0, 0.0, 0.0, 0.0, 1.769680281316211E9, 0.0, 2026-01-29 15:21:21.316
69.0, 73763.64007754804, -119762.70315202513, 7107.4300536429955, -181001.94555544204, -128446.37822465638, -84427.74676415286, -86064.67676933728, -77443.8771538588, -0.782, -0.28400000000000003, 0.55, 192.0, 0.0, 0.0, 0.0, 0.0, 0.0, 0.0, 0.0, 0.0, 0.0, 1.769680281316298E9, 0.0, 2026-01-29 15:21:21.316
70.0, 73620.81243047863, -107251.42595188928, 67083.75419184616, -166991.3133372442, -128438.0186722301, -84423.61169142862, -86066.97899901617, -79091.40188591504, -0.782, -0.28400000000000003, 0.55, 192.0, 0.0, 0.0, 0.0, 0.0, 0.0, 0.0, 0.0, 0.0, 0.0, 1.769680281316385E9, 0.0, 2026-01-29 15:21:21.316
71.0, 73519.93900775183, -100252.20069315443, 73650.87552677102, -160147.32094375146, -128433.50361985012, -84421.08594430517, -86070.063539751, -79995.46289389883, -0.782, -0.28400000000000003, 0.55, 192.0, 0.0, 0.0, 0.0, 0.0, 0.0, 0.0, 0.0, 0.0, 0.0, 1.769680281316512E9, 0.0, 2026-01-29 15:21:21.316
72.0, 73610.28475884018, -109080.67036636715, 62893.2938448541, -170483.70635315258, -128441.48319262067, -84427.76911589732, -86071.62816186287, -79457.59051532633, -0.786, -0.28600000000000003, 0.552, 192.0, 231.0, 112.0, 247.0, 16.0, 17.0, 64.0, 0.0, 0.0, 0.0, 1.76968028131662E9, 0.0, 2026-01-29 15:21:21.316
73.0, 73757.7615687563, -120662.40556984015, -3708.2214603688076, -182770.4826319793, -128449.93215202478, -84435.52517122331, -86070.80114731802, -77735.32154981156, -0.786, -0.28600000000000003, 0.552, 192.0, 0.0, 0.0, 0.0, 0.0, 0.0, 0.0, 0.0, 0.0, 0.0, 1.769680281316717E9, 0.0, 2026-01-29 15:21:21.316
74.0, 73773.1172171971, -119659.12516821924, 9486.035643343406, -180825.74675390086, -128450.69211133625, -84438.65441544705, -86072.83515606346, -77558.58630640343, -0.786, -0.28600000000000003, 0.552, 192.0, 0.0, 0.0, 0.0, 0.0, 0.0, 0.0, 0.0, 0.0, 0.0, 1.769680281316817E9, 0.0, 2026-01-29 15:21:21.316
75.0, 73628.05439568215, -107075.49537128156, 67679.22701588, -166750.98738086075, -128441.55024785403, -84433.71467992243, -86074.42212991978, -79184.51925331584, -0.786, -0.28600000000000003, 0.552, 192.0, 0.0, 0.0, 0.0, 0.0, 0.0, 0.0, 0.0, 0.0, 0.0, 1.769680281375761E9, 0.0, 2026-01-29 15:21:21.375
76.0, 73527.09156597752, -100238.85670171461, 73657.89397452999, -160095.35313789287, -128435.09059370645, -84429.11022056463, -86075.316199698, -80021.4356209559, -0.786, -0.28600000000000003, 0.552, 192.0, 0.0, 0.0, 0.0, 0.0, 0.0, 0.0, 0.0, 0.0, 0.0, 1.76968028137588E9, 0.0, 2026-01-29 15:21:21.375
77.0, 73618.86782871102, -109210.3775394413, 62904.26855138166, -170570.78874955044, -128442.84664903244, -84435.4804677344, -86076.63495262087, -79515.86151312132, -0.786, -0.28600000000000003, 0.552, 192.0, 0.0, 0.0, 0.0, 0.0, 0.0, 0.0, 0.0, 0.0, 0.0, 1.769680281375969E9, 0.0, 2026-01-29 15:21:21.375
78.0, 73769.25036540632, -120726.6444834047, -2570.204743171304, -182771.15318431298, -128455.18481197178, -84446.96926438443, -86079.54067940006, -77837.11139406102, -0.786, -0.28600000000000003, 0.552, 192.0, 0.0, 0.0, 0.0, 0.0, 0.0, 0.0, 0.0, 0.0, 0.0, 1.769680281376058E9, 0.0, 2026-01-29 15:21:21.376
79.0, 73782.23672893486, -119565.60546941824, 11872.285529647534, -180659.4497751534, -128455.38597767187, -84449.65147371906, -86081.15000500083, -77681.49854916317, -0.786, -0.28600000000000003, 0.552, 192.0, 0.0, 0.0, 0.0, 0.0, 0.0, 0.0, 0.0, 0.0, 0.0, 1.769680281376203E9, 0.0, 2026-01-29 15:21:21.376
80.0, 73635.27400914121, -106914.987494348, 68209.67861529335, -166527.89461945233, -128445.23828568916, -84443.59415097168, -86081.90996431232, -79278.32952479477, -0.786, -0.28600000000000003, 0.552, 192.0, 0.0, 0.0, 0.0, 0.0, 0.0, 0.0, 0.0, 0.0, 0.0, 1.769680281376331E9, 0.0, 2026-01-29 15:21:21.376
81.0, 73537.52983063816, -100254.03353619976, 73668.39929442397, -160076.01887893904, -128440.14208795335, -84440.28609279229, -86083.92162131329, -80048.7941561692, -0.786, -0.28600000000000003, 0.552, 192.0, 0.0, 0.0, 0.0, 0.0, 0.0, 0.0, 0.0, 0.0, 0.0, 1.769680281376443E9, 0.0, 2026-01-29 15:21:21.376
82.0, 73629.39550034946, -109353.18283476625, 62813.36400668192, -170674.76906475652, -128446.02059674509, -84444.7340899389, -86083.40753119082, -79568.8798509693, -0.782, -0.28800000000000003, 0.548, 192.0, 231.0, 144.0, 247.0, 0.0, 17.0, 32.0, 0.0, 0.0, 0.0, 1.769680281376544E9, 0.0, 2026-01-29 15:21:21.376
83.0, 73775.59826083163, -120797.25364413901, -1909.3754183501505, -182788.52048975474, -128454.78248057158, -84452.75836619835, -86082.73697885717, -77933.02272951875, -0.782, -0.28800000000000003, 0.548, 192.0, 0.0, 0.0, 0.0, 0.0, 0.0, 0.0, 0.0, 0.0, 0.0, 1.769680281376639E9, 0.0, 2026-01-29 15:21:21.376
84.0, 73787.10940922612, -119469.89529966061, 13935.597412061385, -180494.8962324734, -128455.58714337196, -84456.26759007784, -86085.03920853607, -77802.64500411093, -0.782, -0.28800000000000003, 0.548, 192.0, 0.0, 0.0, 0.0, 0.0, 0.0, 0.0, 0.0, 0.0, 0.0, 1.769680281376726E9, 0.0, 2026-01-29 15:21:21.376
85.0, 73639.69965454336, -106765.94606232001, 68666.68238242654, -166318.70464309512, -128446.17705895628, -84451.12668885311, -86086.64853413684, -79367.9376683161, -0.782, -0.28800000000000003, 0.548, 192.0, 0.0, 0.0, 0.0, 0.0, 0.0, 0.0, 0.0, 0.0, 0.0, 1.769680281376813E9, 0.0, 2026-01-29 15:21:21.376
86.0, 73544.34711269703, -100284.3648534256, 73675.19422473838, -160060.23854735357, -128441.59495134294, -84448.3774242851, -86088.99546730464, -80071.57058376916, -0.782, -0.28800000000000003, 0.548, 192.0, 0.0, 0.0, 0.0, 0.0, 0.0, 0.0, 0.0, 0.0, 0.0, 1.769680281376919E9, 0.0, 2026-01-29 15:21:21.376
87.0, 73638.71617778733, -109525.0006943942, 62665.21664443215, -170802.55398780754, -128448.18871595727, -84453.67478772101, -86089.37544696039, -79620.73589810562, -0.782, -0.28800000000000003, 0.548, 192.0, 0.0, 0.0, 0.0, 0.0, 0.0, 0.0, 0.0, 0.0, 0.0, 1.769680281377015E9, 0.0, 2026-01-29 15:21:21.377
88.0, 73786.19298770344, -120891.66741271823, -1498.5950587505174, -182812.05687666617, -128458.73873934016, -84463.4872035369, -86090.60479290543, -78033.11384118961, -0.782, -0.28800000000000003, 0.548, 192.0, 0.0, 0.0, 0.0, 0.0, 0.0, 0.0, 0.0, 0.0, 0.0, 1.769680281377106E9, 0.0, 2026-01-29 15:21:21.377
89.0, 73795.7148308414, -119396.84979878066, 15630.61960108514, -180346.14537312335, -128459.87867830739, -84467.17524137202, -86093.19759526225, -77927.21127596036, -0.782, -0.28800000000000003, 0.548, 192.0, 0.0, 0.0, 0.0, 0.0, 0.0, 0.0, 0.0, 0.0, 0.0, 1.769680281377204E9, 0.0, 2026-01-29 15:21:21.377
90.0, 73647.94744824737, -106619.45272915992, 69058.41905575026, -166108.12885858165, -128451.317960181, -84462.74959596987, -86095.63393540788, -79454.66243680268, -0.782, -0.28800000000000003, 0.548, 192.0, 0.0, 0.0, 0.0, 0.0, 0.0, 0.0, 0.0, 0.0, 0.0, 1.769680281436205E9, 0.0, 2026-01-29 15:21:21.436
91.0, 73554.89713607993, -100304.16849901302, 73685.45367544338, -160049.15208210374, -128447.18288745677, -84460.46971803543, -86098.2714412536, -80097.02922070376, -0.782, -0.28800000000000003, 0.548, 192.0, 0.0, 0.0, 0.0, 0.0, 0.0, 0.0, 0.0, 0.0, 0.0, 1.769680281436326E9, 0.0, 2026-01-29 15:21:21.436
92.0, 73650.87552677102, -109694.38221387652, 62376.40975432513, -170944.84519301, -128453.82135556, -84465.72237798243, -86098.56201393151, -79675.67648597676, -0.78, -0.28600000000000003, 0.548, 192.0, 231.0, 160.0, 247.0, 16.0, 17.0, 32.0, 0.0, 0.0, 0.0, 1.769680281436426E9, 0.0, 2026-01-29 15:21:21.436
93.0, 73796.7206593419, -120996.72061165818, -1389.0715109195128, -182864.3599586916, -128463.49966090915, -84474.73013099792, -86098.98669707617, -78139.26227560786, -0.78, -0.28600000000000003, 0.548, 192.0, 0.0, 0.0, 0.0, 0.0, 0.0, 0.0, 0.0, 0.0, 0.0, 1.769680281436517E9, 0.0, 2026-01-29 15:21:21.436
94.0, 73800.0734210102, -119318.73045190936, 17185.094020973924, -180198.40034227376, -128460.75039634114, -84474.70777925347, -86097.93616508676, -78061.25468745884, -0.78, -0.28600000000000003, 0.548, 192.0, 0.0, 0.0, 0.0, 0.0, 0.0, 0.0, 0.0, 0.0, 0.0, 1.769680281436667E9, 0.0, 2026-01-29 15:21:21.436
95.0, 73651.18845119339, -106468.42199187541, 69389.85072253355, -165888.411210586, -128452.23438170367, -84470.41624431804, -86100.6183744214, -79542.70595821214, -0.78, -0.28600000000000003, 0.548, 192.0, 0.0, 0.0, 0.0, 0.0, 0.0, 0.0, 0.0, 0.0, 0.0, 1.769680281436773E9, 0.0, 2026-01-29 15:21:21.436
96.0, 73559.94863032683, -100356.85156069417, 73690.25930050127, -160075.21421613864, -128447.80873630152, -84467.75638672787, -86102.4735692112, -80116.49759012433, -0.78, -0.28600000000000003, 0.548, 192.0, 0.0, 0.0, 0.0, 0.0, 0.0, 0.0, 0.0, 0.0, 0.0, 1.769680281436855E9, 0.0, 2026-01-29 15:21:21.436
97.0, 73659.57035536414, -109890.60817844966, 62059.81964586016, -171103.60963387604, -128456.07888174999, -84474.6407240201, -86104.41817097881, -79727.30901566852, -0.78, -0.28600000000000003, 0.548, 192.0, 0.0, 0.0, 0.0, 0.0, 0.0, 0.0, 0.0, 0.0, 0.0, 1.769680281436947E9, 0.0, 2026-01-29 15:21:21.436
98.0, 73802.30859545572, -121098.9351390523, -1441.6651656228503, -182908.43759875747, -128463.29849520905, -84481.14508165659, -86102.38416223337, -78245.67893095958, -0.78, -0.28600000000000003, 0.548, 192.0, 0.0, 0.0, 0.0, 0.0, 0.0, 0.0, 0.0, 0.0, 0.0, 1.76968028143703E9, 0.0, 2026-01-29 15:21:21.437
99.0, 73805.79546759075, -119226.41774730895, 18715.920295228996, -180031.0975350258, -128462.9185155533, -84483.4920148244, -86103.83702562297, -78191.2524332109, -0.78, -0.28600000000000003, 0.548, 192.0, 0.0, 0.0, 0.0, 0.0, 0.0, 0.0, 0.0, 0.0, 0.0, 1.769680281437111E9, 0.0, 2026-01-29 15:21:21.437
100.0, 73656.2846489292, -106301.00742590516, 69729.88781093214, -165672.4486556588, -128455.09540499395, -84479.8933839671, -86107.323897758, -79624.20041849618, -0.78, -0.28600000000000003, 0.548, 192.0, 0.0, 0.0, 0.0, 0.0, 0.0, 0.0, 0.0, 0.0, 0.0, 1.769680281437198E9, 0.0, 2026-01-29 15:21:21.437
101.0, 73564.59779317353, -100376.16346790356, 73694.50613194778, -160086.94888197767, -128448.30047467953, -84474.86424146465, -86106.49688321316, -80134.64720662203, -0.78, -0.28600000000000003, 0.548, 192.0, 0.0, 0.0, 0.0, 0.0, 0.0, 0.0, 0.0, 0.0, 0.0, 1.769680281437617E9, 0.0, 2026-01-29 15:21:21.437
102.0, 73665.3371054336, -110052.14423562816, 61833.37412278344, -171264.0281038318, -128456.12358523889, -84481.41330259005, -86108.08385706948, -79778.67332442681, -0.776, -0.28200000000000003, 0.552, 192.0, 231.0, 192.0, 247.0, 48.0, 17.0, 64.0, 0.0, 0.0, 0.0, 1.769680281437738E9, 0.0, 2026-01-29 15:21:21.437
103.0, 73813.52917117228, -121157.67552348084, -1116.4025803092218, -182944.44625907496, -128469.98166680118, -84494.75729402987, -86112.91183387183, -78367.0936068408, -0.776, -0.28200000000000003, 0.552, 192.0, 0.0, 0.0, 0.0, 0.0, 0.0, 0.0, 0.0, 0.0, 0.0, 1.769680281437874E9, 0.0, 2026-01-29 15:21:21.437
104.0, 73814.17737176149, -119110.38984184145, 20341.316800274468, -179878.81510005178, -128469.1770040008, -84496.56778533076, -86113.94001411677, -78337.07521403734, -0.776, -0.28200000000000003, 0.552, 192.0, 0.0, 0.0, 0.0, 0.0, 0.0, 0.0, 0.0, 0.0, 0.0, 1.76968028143801E9, 0.0, 2026-01-29 15:21:21.438
105.0, 73663.21368971035, -106137.41500823677, 70055.41861717924, -165486.90682493531, -128460.79509983005, -84492.43271260652, -86116.80103740706, -79708.04181194805, -0.776, -0.28200000000000003, 0.552, 192.0, 0.0, 0.0, 0.0, 0.0, 0.0, 0.0, 0.0, 0.0, 0.0, 1.769680281496486E9, 0.0, 2026-01-29 15:21:21.496
106.0, 73574.74548515624, -100388.45692735398, 73704.56441695266, -160093.11796344735, -128455.00599801613, -84488.2976398823, -86116.73398217368, -80158.42946272249, -0.776, -0.28200000000000003, 0.552, 192.0, 0.0, 0.0, 0.0, 0.0, 0.0, 0.0, 0.0, 0.0, 0.0, 1.769680281496604E9, 0.0, 2026-01-29 15:21:21.496
107.0, 73677.58586139511, -110172.39662079772, 61706.75149044413, -171385.1075035462, -128463.3208469535, -84495.18197717452, -86118.90210138584, -79837.48076408873, -0.776, -0.28200000000000003, 0.552, 192.0, 0.0, 0.0, 0.0, 0.0, 0.0, 0.0, 0.0, 0.0, 0.0, 1.769680281496693E9, 0.0, 2026-01-29 15:21:21.496
108.0, 73819.96647357542, -121184.6093755495, -438.2953570241162, -182949.22953238842, -128471.88156507988, -84503.09449471171, -86118.45506649674, -78489.35764901133, -0.776, -0.28200000000000003, 0.552, 192.0, 0.0, 0.0, 0.0, 0.0, 0.0, 0.0, 0.0, 0.0, 0.0, 1.769680281496793E9, 0.0, 2026-01-29 15:21:21.496
109.0, 73817.59718866316, -118975.40765707585, 22146.220165040515, -179710.08178115866, -128470.2275359902, -84504.1450267011, -86118.74563917467, -78481.91451810772, -0.776, -0.28200000000000003, 0.552, 192.0, 0.0, 0.0, 0.0, 0.0, 0.0, 0.0, 0.0, 0.0, 0.0, 1.769680281496929E9, 0.0, 2026-01-29 15:21:21.496
110.0, 73664.66655309995, -105954.06364846989, 70368.2089290868, -165272.19596769763, -128460.90685855233, -84498.91471849856, -86120.824351409, -79784.46242624075, -0.776, -0.28200000000000003, 0.552, 192.0, 0.0, 0.0, 0.0, 0.0, 0.0, 0.0, 0.0, 0.0, 0.0, 1.769680281497037E9, 0.0, 2026-01-29 15:21:21.497
111.0, 73579.95344161433, -100386.35586337518, 73709.59355945511, -160084.3784313653, -128457.50939339513, -84496.88070975312, -86122.76895317662, -80177.29433504277, -0.776, -0.28200000000000003, 0.552, 192.0, 0.0, 0.0, 0.0, 0.0, 0.0, 0.0, 0.0, 0.0, 0.0, 1.769680281497123E9, 0.0, 2026-01-29 15:21:21.497
112.0, 73684.60430915408, -110276.71221217063, 61757.84757826896, -171475.92264126812, -128466.33833245496, -84504.39089589012, -86125.54056948908, -79898.21045377379, -0.78, -0.28400000000000003, 0.55, 192.0, 231.0, 160.0, 247.0, 32.0, 17.0, 48.0, 0.0, 0.0, 0.0, 1.769680281497221E9, 0.0, 2026-01-29 15:21:21.497
113.0, 73827.45430796794, -121193.66183205388, 926.2339384834694, -182934.70089849245, -128476.62013490441, -84514.15860821708, -86126.94872938975, -78636.2086100827, -0.78, -0.28400000000000003, 0.55, 192.0, 0.0, 0.0, 0.0, 0.0, 0.0, 0.0, 0.0, 0.0, 0.0, 1.769680281497318E9, 0.0, 2026-01-29 15:21:21.497
114.0, 73821.97813057639, -118819.52659124453, 24578.067610033468, -179517.52150267622, -128473.93792556977, -84514.38212566164, -86126.5240462451, -78647.38448231036, -0.78, -0.28400000000000003, 0.55, 192.0, 0.0, 0.0, 0.0, 0.0, 0.0, 0.0, 0.0, 0.0, 0.0, 1.769680281497413E9, 0.0, 2026-01-29 15:21:21.497
115.0, 73667.46052115686, -105764.92318688908, 70754.75999769688, -165053.23827901343, -128464.1255097539, -84508.83889303672, -86128.13337184589, -79866.29216269162, -0.78, -0.28400000000000003, 0.55, 192.0, 0.0, 0.0, 0.0, 0.0, 0.0, 0.0, 0.0, 0.0, 0.0, 1.769680281497503E9, 0.0, 2026-01-29 15:21:21.497
116.0, 73586.50250273974, -100390.4462326105, 73716.03086185823, -160066.8323119679, -128462.80675683104, -84508.90594827008, -86131.68729921429, -80198.70730623095, -0.78, -0.28400000000000003, 0.55, 192.0, 0.0, 0.0, 0.0, 0.0, 0.0, 0.0, 0.0, 0.0, 0.0, 1.769680281497618E9, 0.0, 2026-01-29 15:21:21.497
117.0, 73688.8958440895, -110410.04036784654, 61820.7900906551, -171568.7941394799, -128468.1264720114, -84512.77280006085, -86131.01674688063, -79960.7729865042, -0.78, -0.28400000000000003, 0.55, 192.0, 0.0, 0.0, 0.0, 0.0, 0.0, 0.0, 0.0, 0.0, 0.0, 1.769680281497968E9, 0.0, 2026-01-29 15:21:21.497
118.0, 73826.44847946745, -121241.94160007735, 2105.0649410563638, -182918.36177329562, -128474.18379475878, -84518.31603268576, -86128.24513056818, -78797.92348121686, -0.78, -0.28400000000000003, 0.55, 192.0, 0.0, 0.0, 0.0, 0.0, 0.0, 0.0, 0.0, 0.0, 0.0, 1.769680281498058E9, 0.0, 2026-01-29 15:21:21.498
119.0, 73820.39115672007, -118716.28388360547, 26570.993849157556, -179346.39654712638, -128473.24502149166, -84520.01476526436, -86129.4744765132, -78823.42682164036, -0.78, -0.28400000000000003, 0.55, 192.0, 0.0, 0.0, 0.0, 0.0, 0.0, 0.0, 0.0, 0.0, 0.0, 1.769680281498144E9, 0.0, 2026-01-29 15:21:21.498
120.0, 73666.387637423, -105621.11206306364, 71059.34721938935, -164848.13867189153, -128464.88546906537, -84515.83498905123, -86132.6260724814, -79941.57283801709, -0.78, -0.28400000000000003, 0.55, 192.0, 0.0, 0.0, 0.0, 0.0, 0.0, 0.0, 0.0, 0.0, 0.0, 1.769680281556673E9, 0.0, 2026-01-29 15:21:21.556
121.0, 73585.80959866162, -100430.47820692995, 73714.89092289102, -160064.91006194474, -128461.3762451859, -84513.89038728361, -86133.98952889319, -80212.90066396007, -0.78, -0.28400000000000003, 0.55, 192.0, 0.0, 0.0, 0.0, 0.0, 0.0, 0.0, 0.0, 0.0, 0.0, 1.769680281556789E9, 0.0, 2026-01-29 15:21:21.556
122.0, 73691.86862610205, -110584.38397459793, 61657.42119043126, -171704.5809870459, -128468.88643132287, -84519.97006177546, -86135.37533704941, -80016.9876238093, -0.778, -0.28400000000000003, 0.552, 192.0, 231.0, 176.0, 247.0, 32.0, 17.0, 64.0, 0.0, 0.0, 0.0, 1.769680281556879E9, 0.0, 2026-01-29 15:21:21.556
123.0, 73832.50580221484, -121333.74021455529, 2648.391145275968, -182938.14306713856, -128478.54238492757, -84529.29073921332, -86136.49292427217, -78956.95614301636, -0.778, -0.28400000000000003, 0.552, 192.0, 0.0, 0.0, 0.0, 0.0, 0.0, 0.0, 0.0, 0.0, 0.0, 1.769680281556976E9, 0.0, 2026-01-29 15:21:21.556
124.0, 73825.50970620033, -118649.42981593966, 28071.332343975588, -179192.46008306267, -128478.58708841648, -84532.08470727023, -86138.83985743999, -78995.71406790186, -0.778, -0.28400000000000003, 0.552, 192.0, 0.0, 0.0, 0.0, 0.0, 0.0, 0.0, 0.0, 0.0, 0.0, 1.76968028155711E9, 0.0, 2026-01-29 15:21:21.557
125.0, 73669.69569560238, -105504.83828840713, 71285.36805932141, -164662.8203586126, -128469.19935574525, -84526.74264034542, -86140.76210746315, -80012.40551619595, -0.778, -0.28400000000000003, 0.552, 192.0, 0.0, 0.0, 0.0, 0.0, 0.0, 0.0, 0.0, 0.0, 0.0, 1.769680281557219E9, 0.0, 2026-01-29 15:21:21.557
126.0, 73590.86109290851, -100495.09710015025, 73719.18245782643, -160108.36185316587, -128465.51131791012, -84524.59687287771, -86141.54441851907, -80231.92199849153, -0.778, -0.28400000000000003, 0.552, 192.0, 0.0, 0.0, 0.0, 0.0, 0.0, 0.0, 0.0, 0.0, 0.0, 1.76968028155731E9, 0.0, 2026-01-29 15:21:21.557
127.0, 73699.78114363922, -110760.64983137249, 61351.49286407148, -171854.94117199673, -128474.04968429205, -84531.74943110341, -86144.07016564252, -80072.55406052519, -0.778, -0.28400000000000003, 0.552, 192.0, 0.0, 0.0, 0.0, 0.0, 0.0, 0.0, 0.0, 0.0, 0.0, 1.769680281557419E9, 0.0, 2026-01-29 15:21:21.557
128.0, 73837.84786913966, -121424.17537262147, 2781.4734317628663, -182964.24990466237, -128481.96220182923, -84539.25961724039, -86143.46666854223, -79112.5242844253, -0.778, -0.28400000000000003, 0.552, 192.0, 0.0, 0.0, 0.0, 0.0, 0.0, 0.0, 0.0, 0.0, 0.0, 1.769680281557507E9, 0.0, 2026-01-29 15:21:21.557
129.0, 73826.98492133438, -118573.85856793626, 29386.687801681495, -179024.08439208084, -128480.06230355053, -84540.1536870186, -86144.1372208759, -79159.01591289234, -0.778, -0.28400000000000003, 0.552, 192.0, 0.0, 0.0, 0.0, 0.0, 0.0, 0.0, 0.0, 0.0, 0.0, 1.769680281557593E9, 0.0, 2026-01-29 15:21:21.557
130.0, 73670.50035840277, -105380.13790609097, 71485.61733789652, -164474.39515285435, -128470.83103309048, -84535.03513753833, -86146.19358136578, -80072.91168843648, -0.778, -0.28400000000000003, 0.552, 192.0, 0.0, 0.0, 0.0, 0.0, 0.0, 0.0, 0.0, 0.0, 0.0, 1.76968028155768E9, 0.0, 2026-01-29 15:21:21.557
131.0, 73594.21385457681, -100555.62562413522, 73721.68585320543, -160155.61344094438, -128467.79119584456, -84533.33640495973, -86147.22176161072, -80248.8869725331, -0.778, -0.28400000000000003, 0.552, 192.0, 0.0, 0.0, 0.0, 0.0, 0.0, 0.0, 0.0, 0.0, 0.0, 1.769680281557783E9, 0.0, 2026-01-29 15:21:21.557
132.0, 73702.08337331812, -110932.22182181143, 61057.88034890656, -172014.107944263, -128474.04968429205, -84538.23143699544, -86147.64644475537, -80121.95141577141, -0.78, -0.28400000000000003, 0.552, 192.0, 231.0, 160.0, 247.0, 32.0, 17.0, 64.0, 0.0, 0.0, 0.0, 1.769680281557877E9, 0.0, 2026-01-29 15:21:21.557
133.0, 73839.16662206252, -121482.11109424963, 2978.7499283254065, -182977.7950618023, -128482.34218148497, -84546.23336151044, -86147.7358517332, -79278.44128351704, -0.78, -0.28400000000000003, 0.552, 192.0, 0.0, 0.0, 0.0, 0.0, 0.0, 0.0, 0.0, 0.0, 0.0, 1.769680281557966E9, 0.0, 2026-01-29 15:21:21.557
134.0, 73826.00144457835, -118462.6586392711, 30761.834175805354, -178847.2597416949, -128480.50933843963, -84547.46270745549, -86148.56286627804, -79332.55485684334, -0.78, -0.28400000000000003, 0.552, 192.0, 0.0, 0.0, 0.0, 0.0, 0.0, 0.0, 0.0, 0.0, 0.0, 1.769680281558048E9, 0.0, 2026-01-29 15:21:21.558
135.0, 73668.6898671019, -105241.31122127906, 71683.63144202608, -164295.89412163428, -128471.25571623513, -84542.27710274185, -86150.57452327902, -80130.19920947542, -0.78, -0.28400000000000003, 0.552, 192.0, 0.0, 0.0, 0.0, 0.0, 0.0, 0.0, 0.0, 0.0, 0.0, 1.769680281617042E9, 0.0, 2026-01-29 15:21:21.617
136.0, 73595.71142145531, -100595.72465368804, 73722.17759158344, -160196.00304317512, -128469.26641097861, -84541.58419866374, -86152.42971806882, -80264.91317330756, -0.78, -0.28400000000000003, 0.552, 192.0, 0.0, 0.0, 0.0, 0.0, 0.0, 0.0, 0.0, 0.0, 0.0, 1.769680281617174E9, 0.0, 2026-01-29 15:21:21.617
137.0, 73705.90552161998, -111073.35073630224, 60816.77208146716, -172158.81313786664, -128476.39661745986, -84547.28389349984, -86153.77082273613, -80171.10290182864, -0.78, -0.28400000000000003, 0.552, 192.0, 0.0, 0.0, 0.0, 0.0, 0.0, 0.0, 0.0, 0.0, 0.0, 1.76968028161726E9, 0.0, 2026-01-29 15:21:21.617
138.0, 73841.46885174142, -121513.51529520933, 3376.8568488188803, -182982.60068686018, -128484.10796929694, -84554.68232091455, -86153.4355465693, -79448.62746579976, -0.78, -0.28400000000000003, 0.552, 192.0, 0.0, 0.0, 0.0, 0.0, 0.0, 0.0, 0.0, 0.0, 0.0, 1.769680281617343E9, 0.0, 2026-01-29 15:21:21.617
139.0, 73827.25314226784, -118353.5821263292, 32042.29856041653, -178690.05992294074, -128483.325658241, -84556.85044012671, -86155.35779659245, -79502.74103912605, -0.78, -0.28400000000000003, 0.552, 192.0, 0.0, 0.0, 0.0, 0.0, 0.0, 0.0, 0.0, 0.0, 0.0, 1.769680281617488E9, 0.0, 2026-01-29 15:21:21.617
140.0, 73669.9415647914, -105112.94515287223, 71848.14028121714, -164125.14914574017, -128474.40731220333, -84552.08951855774, -86157.70472976027, -80181.98820137838, -0.78, -0.28400000000000003, 0.552, 192.0, 0.0, 0.0, 0.0, 0.0, 0.0, 0.0, 0.0, 0.0, 0.0, 1.769680281617609E9, 0.0, 2026-01-29 15:21:21.617
141.0, 73596.33727030006, -100630.99570643851, 73721.88701890553, -160233.4198633933, -128470.16048075682, -84549.16144003409, -86156.96712219324, -80280.06765604827, -0.78, -0.28400000000000003, 0.552, 192.0, 0.0, 0.0, 0.0, 0.0, 0.0, 0.0, 0.0, 0.0, 0.0, 1.769680281617697E9, 0.0, 2026-01-29 15:21:21.617
142.0, 73705.97257685335, -111183.88011263372, 60644.55189043903, -172274.99750554533, -128475.94958257076, -84553.34121624724, -86157.01182568214, -80214.39823083857, -0.78, -0.28800000000000003, 0.55, 192.0, 231.0, 160.0, 247.0, 0.0, 17.0, 48.0, 0.0, 0.0, 0.0, 1.769680281617796E9, 0.0, 2026-01-29 15:21:21.617
143.0, 73840.64183719657, -121529.94382738398, 3943.7194399499226, -182979.85142229218, -128483.92915534129, -84560.94080936204, -86157.34710184898, -79624.69215687421, -0.78, -0.28800000000000003, 0.55, 192.0, 0.0, 0.0, 0.0, 0.0, 0.0, 0.0, 0.0, 0.0, 0.0, 1.769680281617893E9, 0.0, 2026-01-29 15:21:21.617
144.0, 73823.14042128807, -118224.34433988862, 33451.75486227928, -178532.81540069764, -128481.76103612913, -84561.52195471787, -86157.95059894928, -79673.12838710885, -0.78, -0.28800000000000003, 0.55, 192.0, 0.0, 0.0, 0.0, 0.0, 0.0, 0.0, 0.0, 0.0, 0.0, 1.76968028161798E9, 0.0, 2026-01-29 15:21:21.617
145.0, 73665.00182926677, -104968.68699415767, 72011.46447795206, -163968.61987931965, -128472.7756348581, -84556.40340523761, -86159.76109025015, -80225.90937923305, -0.78, -0.28800000000000003, 0.55, 192.0, 0.0, 0.0, 0.0, 0.0, 0.0, 0.0, 0.0, 0.0, 0.0, 1.769680281618068E9, 0.0, 2026-01-29 15:21:21.618
146.0, 73592.78334293167, -100665.43974464414, 73717.79664967021, -160270.43435221128, -128468.14882375585, -84552.91653310259, -86158.21881988274, -80292.13759805413, -0.78, -0.28800000000000003, 0.55, 192.0, 0.0, 0.0, 0.0, 0.0, 0.0, 0.0, 0.0, 0.0, 0.0, 1.769680281618175E9, 0.0, 2026-01-29 15:21:21.618
147.0, 73707.11251582057, -111316.38125376479, 60568.17597963524, -172394.35582093667, -128477.29068723807, -84560.71729191748, -86161.90685771786, -80254.05022550229, -0.78, -0.28800000000000003, 0.55, 192.0, 0.0, 0.0, 0.0, 0.0, 0.0, 0.0, 0.0, 0.0, 0.0, 1.769680281618274E9, 0.0, 2026-01-29 15:21:21.618
148.0, 73843.59226746467, -121562.8455952222, 4681.63993139743, -182982.82420430472, -128488.28774551008, -84571.3120187893, -86165.4384333418, -79799.8851299149, -0.78, -0.28800000000000003, 0.55, 192.0, 0.0, 0.0, 0.0, 0.0, 0.0, 0.0, 0.0, 0.0, 0.0, 1.769680281618363E9, 0.0, 2026-01-29 15:21:21.618
149.0, 73826.11320330063, -118097.09585870456, 34942.795031403904, -178369.73707315171, -128488.24304202117, -84574.12833859067, -86168.09829093199, -79840.341787379, -0.78, -0.28800000000000003, 0.55, 192.0, 0.0, 0.0, 0.0, 0.0, 0.0, 0.0, 0.0, 0.0, 0.0, 1.769680281618461E9, 0.0, 2026-01-29 15:21:21.618
150.0, 73664.75596007776, -104815.13050974972, 72192.64771850678, -163791.03526962225, -128476.5754314155, -84566.55109722032, -86167.24892464268, -80268.04241753131, -0.78, -0.28800000000000003, 0.55, 192.0, 0.0, 0.0, 0.0, 0.0, 0.0, 0.0, 0.0, 0.0, 0.0, 1.769680281677368E9, 0.0, 2026-01-29 15:21:21.677
151.0, 73593.74446794325, -100700.33081773888, 73717.97546362584, -160272.26719525663, -128470.96514355722, -84562.14780356262, -86164.6337705414, -80309.37079302917, -0.78, -0.28800000000000003, 0.55, 192.0, 0.0, 0.0, 0.0, 0.0, 0.0, 0.0, 0.0, 0.0, 0.0, 1.769680281677504E9, 0.0, 2026-01-29 15:21:21.677
152.0, 73709.50415247728, -111446.62486870585, 60553.35677306137, -172499.72194429897, -128480.3752279729, -84570.06032109981, -86168.65708454336, -80289.72360965295, -0.78, -0.28600000000000003, 0.552, 192.0, 231.0, 160.0, 247.0, 16.0, 17.0, 64.0, 0.0, 0.0, 0.0, 1.769680281677593E9, 0.0, 2026-01-29 15:21:21.677
153.0, 73841.87118314161, -121564.03023767832, 5926.408580113481, -182950.39182310007, -128488.33244899899, -84577.68226595907, -86169.48409908821, -79965.53390807318, -0.78, -0.28600000000000003, 0.552, 192.0, 0.0, 0.0, 0.0, 0.0, 0.0, 0.0, 0.0, 0.0, 0.0, 1.769680281677689E9, 0.0, 2026-01-29 15:21:21.677
154.0, 73819.94412183097, -117942.71235975175, 36762.94228588847, -178167.31967536447, -128486.36549548693, -84578.59868748173, -86170.33346537751, -79995.30643168766, -0.78, -0.28600000000000003, 0.552, 192.0, 0.0, 0.0, 0.0, 0.0, 0.0, 0.0, 0.0, 0.0, 0.0, 1.769680281677836E9, 0.0, 2026-01-29 15:21:21.677
155.0, 73660.44207339789, -104649.5487868248, 72377.96603178573, -163569.93181347035, -128477.4247977048, -84573.70365544602, -86171.87573574492, -80302.3523452702, -0.78, -0.28600000000000003, 0.552, 192.0, 0.0, 0.0, 0.0, 0.0, 0.0, 0.0, 0.0, 0.0, 0.0, 1.769680281677947E9, 0.0, 2026-01-29 15:21:21.677
156.0, 73595.53260749967, -100734.88661466679, 73719.2495130598, -160276.44697146976, -128476.06134129303, -84573.43543451255, -86173.2391921567, -80328.48153453846, -0.78, -0.28600000000000003, 0.552, 192.0, 0.0, 0.0, 0.0, 0.0, 0.0, 0.0, 0.0, 0.0, 0.0, 1.769680281678033E9, 0.0, 2026-01-29 15:21:21.678
157.0, 73712.16401006747, -111584.55748373955, 60521.34907500137, -172601.3329745928, -128485.33731524198, -84581.14678634964, -86177.17309918083, -80322.3124530688, -0.78, -0.28600000000000003, 0.552, 192.0, 0.0, 0.0, 0.0, 0.0, 0.0, 0.0, 0.0, 0.0, 0.0, 1.76968028167813E9, 0.0, 2026-01-29 15:21:21.678
158.0, 73843.0781773422, -121588.84067402371, 7122.919812550523, -182922.69801171994, -128493.24983277915, -84588.7687312089, -86178.53655559261, -80128.7686978303, -0.78, -0.28600000000000003, 0.552, 192.0, 0.0, 0.0, 0.0, 0.0, 0.0, 0.0, 0.0, 0.0, 0.0, 1.769680281678222E9, 0.0, 2026-01-29 15:21:21.678
159.0, 73817.3736712186, -117804.3550615734, 38536.1955805058, -177968.54561192341, -128489.8747193664, -84588.1652341086, -86178.0895207035, -80144.88430558257, -0.78, -0.28600000000000003, 0.552, 192.0, 0.0, 0.0, 0.0, 0.0, 0.0, 0.0, 0.0, 0.0, 0.0, 1.769680281678392E9, 0.0, 2026-01-29 15:21:21.678
160.0, 73655.32352391763, -104505.17886938798, 72538.33979825256, -163383.74178215765, -128479.10117853894, -84581.213841583, -86177.2401544142, -80331.34255782874, -0.78, -0.28600000000000003, 0.552, 192.0, 0.0, 0.0, 0.0, 0.0, 0.0, 0.0, 0.0, 0.0, 0.0, 1.769680281678522E9, 0.0, 2026-01-29 15:21:21.678
161.0, 73594.21385457681, -100817.96804880716, 73716.83552465863, -160338.33895186652, -128479.19058551677, -84582.39848403913, -86179.85530851547, -80345.7147295135, -0.78, -0.28600000000000003, 0.552, 192.0, 0.0, 0.0, 0.0, 0.0, 0.0, 0.0, 0.0, 0.0, 0.0, 1.769680281678645E9, 0.0, 2026-01-29 15:21:21.678
162.0, 73712.40987925648, -111775.26256743223, 60361.51175040147, -172743.13244141729, -128488.4218559768, -84590.0204288984, -86183.83391902852, -80347.14524115864, -0.782, -0.28400000000000003, 0.55, 192.0, 231.0, 144.0, 247.0, 32.0, 17.0, 48.0, 0.0, 0.0, 0.0, 1.769680281678771E9, 0.0, 2026-01-29 15:21:21.678
163.0, 73843.4805087424, -121651.82788989878, 7844.210606123282, -182910.5163109918, -128497.8766438814, -84599.18464412507, -86187.38784639692, -80266.16487099706, -0.782, -0.28400000000000003, 0.55, 192.0, 0.0, 0.0, 0.0, 0.0, 0.0, 0.0, 0.0, 0.0, 0.0, 1.769680281678883E9, 0.0, 2026-01-29 15:21:21.678
164.0, 73816.61371190712, -117690.36116485133, 40023.01126992837, -177772.38670258364, -128495.41795199132, -84599.58697552526, -86188.01369524167, -80274.18914725652, -0.782, -0.28400000000000003, 0.55, 192.0, 0.0, 0.0, 0.0, 0.0, 0.0, 0.0, 0.0, 0.0, 0.0, 1.76968028167897E9, 0.0, 2026-01-29 15:21:21.678
165.0, 73655.94937276238, -104390.62617905452, 72684.58726222363, -163204.3243294149, -128486.4772542092, -84594.51312953391, -86188.37132315294, -80359.93043898708, -0.782, -0.28400000000000003, 0.55, 192.0, 0.0, 0.0, 0.0, 0.0, 0.0, 0.0, 0.0, 0.0, 0.0, 1.769680281737642E9, 0.0, 2026-01-29 15:21:21.737
166.0, 73595.77847668869, -100906.92799173929, 73716.5002484918, -160382.72951635474, -128485.09144605297, -84594.17785336707, -86189.2430411867, -80365.85365126772, -0.782, -0.28400000000000003, 0.55, 192.0, 0.0, 0.0, 0.0, 0.0, 0.0, 0.0, 0.0, 0.0, 0.0, 1.769680281737757E9, 0.0, 2026-01-29 15:21:21.737
167.0, 73714.15331532399, -111977.0317646303, 60113.09446252519, -172904.19911196223, -128493.11572231243, -84600.61515577021, -86191.92525052134, -80368.69232281356, -0.782, -0.28400000000000003, 0.55, 192.0, 0.0, 0.0, 0.0, 0.0, 0.0, 0.0, 0.0, 0.0, 0.0, 1.769680281737846E9, 0.0, 2026-01-29 15:21:21.737
168.0, 73841.91588663052, -121734.66345485015, 8227.230099109423, -182925.64844198804, -128500.04476309357, -84607.36538259572, -86194.22748020024, -80354.7671860179, -0.782, -0.28400000000000003, 0.55, 192.0, 0.0, 0.0, 0.0, 0.0, 0.0, 0.0, 0.0, 0.0, 0.0, 1.769680281737933E9, 0.0, 2026-01-29 15:21:21.737
169.0, 73811.89749382705, -117610.31956795687, 41054.72309049644, -177615.8797879076, -128496.40142874735, -84606.62777502868, -86193.84750054449, -80360.712750043, -0.782, -0.28400000000000003, 0.55, 192.0, 0.0, 0.0, 0.0, 0.0, 0.0, 0.0, 0.0, 0.0, 0.0, 1.769680281738063E9, 0.0, 2026-01-29 15:21:21.738
170.0, 73649.51207035924, -104287.15995397091, 72775.46945517891, -163049.1808711506, -128485.78435013109, -84600.14576913665, -86191.32175342104, -80375.68841882807, -0.782, -0.28400000000000003, 0.55, 192.0, 0.0, 0.0, 0.0, 0.0, 0.0, 0.0, 0.0, 0.0, 0.0, 1.769680281738178E9, 0.0, 2026-01-29 15:21:21.738
171.0, 73589.85526440803, -100984.82382116602, 73708.31951002116, -160449.00243866473, -128482.49864369616, -84597.91059469111, -86190.11475922047, -80377.23068919548, -0.782, -0.28400000000000003, 0.55, 192.0, 0.0, 0.0, 0.0, 0.0, 0.0, 0.0, 0.0, 0.0, 0.0, 1.769680281738264E9, 0.0, 2026-01-29 15:21:21.738
172.0, 73710.71114667787, -112129.58242053777, 59812.50820309022, -173043.67399736334, -128491.95343160075, -84605.80076048383, -86194.22748020024, -80382.05866599783, -0.784, -0.28400000000000003, 0.556, 192.0, 231.0, 128.0, 247.0, 32.0, 17.0, 96.0, 0.0, 0.0, 0.0, 1.769680281738362E9, 0.0, 2026-01-29 15:21:21.738
173.0, 73838.85369764015, -121775.12011231425, 8584.813306905426, -182921.75923845283, -128500.44709449376, -84614.22736814349, -86198.63077385793, -80385.29966894384, -0.784, -0.28400000000000003, 0.556, 192.0, 0.0, 0.0, 0.0, 0.0, 0.0, 0.0, 0.0, 0.0, 0.0, 1.769680281738462E9, 0.0, 2026-01-29 15:21:21.738
174.0, 73807.82947633618, -117505.89221786169, 42134.66997559905, -177459.4846319538, -128497.6307746924, -84614.5179408214, -86199.05545700259, -80389.03241026789, -0.784, -0.28400000000000003, 0.556, 192.0, 0.0, 0.0, 0.0, 0.0, 0.0, 0.0, 0.0, 0.0, 0.0, 1.769680281738558E9, 0.0, 2026-01-29 15:21:21.738
175.0, 73646.31577090213, -104171.5343799036, 72863.22240391045, -162903.11222113518, -128488.22069027672, -84609.15352215213, -86197.42377965734, -80392.45222716955, -0.784, -0.28400000000000003, 0.556, 192.0, 0.0, 0.0, 0.0, 0.0, 0.0, 0.0, 0.0, 0.0, 0.0, 1.769680281738639E9, 0.0, 2026-01-29 15:21:21.738
176.0, 73589.38587777446, -101025.77221700814, 73706.41961174246, -160499.1821049669, -128486.14197804237, -84608.03593492937, -86197.2449657017, -80394.88856731518, -0.784, -0.28400000000000003, 0.556, 192.0, 0.0, 0.0, 0.0, 0.0, 0.0, 0.0, 0.0, 0.0, 0.0, 1.769680281738733E9, 0.0, 2026-01-29 15:21:21.738
177.0, 73709.39239375501, -112239.86592768025, 59710.696007096296, -173153.3093039166, -128493.78627464609, -84614.16031291013, -86199.5471953806, -80398.1295702612, -0.784, -0.28400000000000003, 0.556, 192.0, 0.0, 0.0, 0.0, 0.0, 0.0, 0.0, 0.0, 0.0, 0.0, 1.769680281738837E9, 0.0, 2026-01-29 15:21:21.738
178.0, 73836.43970923897, -121794.5437782459, 9310.306228435782, -182907.0741423457, -128502.70462068375, -84623.05630720334, -86204.57633788305, -80402.91284357462, -0.784, -0.28400000000000003, 0.556, 192.0, 0.0, 0.0, 0.0, 0.0, 0.0, 0.0, 0.0, 0.0, 0.0, 1.769680281738918E9, 0.0, 2026-01-29 15:21:21.738
179.0, 73802.04037452226, -117395.92163514158, 43328.18607427908, -177284.8504525245, -128498.63660319289, -84622.0728304473, -86203.83873031601, -80405.17036976462, -0.784, -0.28400000000000003, 0.556, 192.0, 0.0, 0.0, 0.0, 0.0, 0.0, 0.0, 0.0, 0.0, 0.0, 1.769680281739001E9, 0.0, 2026-01-29 15:21:21.739
180.0, 73640.81724176613, -104054.09831453543, 72952.67408522058, -162751.12035883908, -128490.54527170006, -84617.8259990008, -86203.43639891582, -80408.94781457756, -0.784, -0.28400000000000003, 0.556, 192.0, 0.0, 0.0, 0.0, 0.0, 0.0, 0.0, 0.0, 0.0, 0.0, 1.76968028179797E9, 0.0, 2026-01-29 15:21:21.797
181.0, 73586.614261462, -101070.43100242985, 73702.21748378486, -160539.12467230854, -128489.91942285532, -84618.16127516763, -86204.62104137195, -80412.65820415714, -0.784, -0.28400000000000003, 0.556, 192.0, 0.0, 0.0, 0.0, 0.0, 0.0, 0.0, 0.0, 0.0, 0.0, 1.769680281798084E9, 0.0, 2026-01-29 15:21:21.798
182.0, 73708.96771061036, -112365.54978675244, 59610.783709381074, -173275.43923562043, -128499.15069331536, -84626.09614444926, -86208.57730014055, -80417.7320501485, -0.784, -0.28400000000000003, 0.556, 192.0, 0.0, 0.0, 0.0, 0.0, 0.0, 0.0, 0.0, 0.0, 0.0, 1.769680281798169E9, 0.0, 2026-01-29 15:21:21.798
183.0, 73830.76236614733, -121813.60981626628, 10039.55424303463, -182890.84677587115, -128503.91161488435, -84630.90176950715, -86209.47136991876, -80418.82728562682, -0.788, -0.28600000000000003, 0.548, 192.0, 231.0, 96.0, 247.0, 16.0, 17.0, 32.0, 0.0, 0.0, 0.0, 1.769680281798251E9, 0.0, 2026-01-29 15:21:21.798
184.0, 73795.96070003041, -117266.92971789, 44471.88013456824, -177106.70704921568, -128500.93883287179, -84631.1252869517, -86209.82899783005, -80422.06828857283, -0.788, -0.28600000000000003, 0.548, 192.0, 0.0, 0.0, 0.0, 0.0, 0.0, 0.0, 0.0, 0.0, 0.0, 1.769680281798389E9, 0.0, 2026-01-29 15:21:21.798
185.0, 73635.45282309686, -103908.70021685366, 73038.37067346224, -162574.58628113108, -128493.45099847925, -84627.48195260549, -86209.94075655231, -80426.22571304151, -0.788, -0.28600000000000003, 0.548, 192.0, 0.0, 0.0, 0.0, 0.0, 0.0, 0.0, 0.0, 0.0, 0.0, 1.769680281798547E9, 0.0, 2026-01-29 15:21:21.798
186.0, 73581.85333989303, -101106.68553193635, 73695.28844300371, -160566.23733833284, -128490.8805478669, -84625.96203398252, -86209.15844549637, -80427.8797421312, -0.788, -0.28600000000000003, 0.548, 192.0, 0.0, 0.0, 0.0, 0.0, 0.0, 0.0, 0.0, 0.0, 0.0, 1.769680281798634E9, 0.0, 2026-01-29 15:21:21.798
187.0, 73703.11155356307, -112496.50865751608, 59462.368126197834, -173384.31458286222, -128497.98840260369, -84631.61702532972, -86210.9018815639, -80430.65135844366, -0.788, -0.28600000000000003, 0.548, 192.0, 0.0, 0.0, 0.0, 0.0, 0.0, 0.0, 0.0, 0.0, 0.0, 1.769680281798732E9, 0.0, 2026-01-29 15:21:21.798
188.0, 73825.8226306227, -121838.7108252896, 10904.097366821452, -182864.42701392496, -128504.93979512928, -84638.68017657759, -86214.07582927655, -80434.3840997677, -0.788, -0.28600000000000003, 0.548, 192.0, 0.0, 0.0, 0.0, 0.0, 0.0, 0.0, 0.0, 0.0, 0.0, 1.769680281798819E9, 0.0, 2026-01-29 15:21:21.798
189.0, 73788.89754878254, -117130.87464939055, 45763.989778040625, -176924.6073871383, -128503.03989685058, -84639.73070856699, -86215.5510444106, -80438.5415242364, -0.788, -0.28600000000000003, 0.548, 192.0, 0.0, 0.0, 0.0, 0.0, 0.0, 0.0, 0.0, 0.0, 0.0, 1.769680281798905E9, 0.0, 2026-01-29 15:21:21.798
190.0, 73626.35566310355, -103738.35757235976, 73117.71936627857, -162386.7869242176, -128494.81445489103, -84635.48387712048, -86215.05930603258, -80441.71547194905, -0.788, -0.28600000000000003, 0.548, 192.0, 0.0, 0.0, 0.0, 0.0, 0.0, 0.0, 0.0, 0.0, 0.0, 1.769680281798992E9, 0.0, 2026-01-29 15:21:21.798
191.0, 73576.44421773484, -101132.94883167134, 73688.35940222257, -160606.20225741892, -128494.56858570201, -84636.08737422078, -86216.48981767772, -80445.51526850644, -0.788, -0.28600000000000003, 0.548, 192.0, 0.0, 0.0, 0.0, 0.0, 0.0, 0.0, 0.0, 0.0, 0.0, 1.76968028179909E9, 0.0, 2026-01-29 15:21:21.799
192.0, 73700.47404771735, -112622.32662705501, 59380.87366591379, -173501.2589098524, -128503.1293038284, -84643.19522895757, -86219.64141364592, -80449.91856216414, -0.788, -0.28600000000000003, 0.548, 192.0, 0.0, 0.0, 0.0, 0.0, 0.0, 0.0, 0.0, 0.0, 0.0, 1.769680281799198E9, 0.0, 2026-01-29 15:21:21.799
193.0, 73822.06753755422, -121846.13160444876, 11953.690582953763, -182840.13066770206, -128509.99128937618, -84649.99015927198, -86222.65889914738, -80453.87482093273, -0.782, -0.28, 0.55, 192.0, 231.0, 144.0, 247.0, 64.0, 17.0, 48.0, 0.0, 0.0, 0.0, 1.769680281799284E9, 0.0, 2026-01-29 15:21:21.799
194.0, 73782.43789463496, -116965.98583054374, 47217.07668508014, -176716.199721837, -128507.01850736362, -84650.03486276089, -86223.10593403649, -80457.0934721343, -0.782, -0.28, 0.55, 192.0, 0.0, 0.0, 0.0, 0.0, 0.0, 0.0, 0.0, 0.0, 0.0, 1.76968028179938E9, 0.0, 2026-01-29 15:21:21.799
195.0, 73620.23128512279, -103582.36474780618, 73204.73470744309, -162213.02446282204, -128499.4859694822, -84646.34682492577, -86223.28474799213, -80460.75915822496, -0.782, -0.28, 0.55, 192.0, 0.0, 0.0, 0.0, 0.0, 0.0, 0.0, 0.0, 0.0, 0.0, 1.769680281858346E9, 0.0, 2026-01-29 15:21:21.858
196.0, 73570.63276417647, -101188.11293698705, 73680.98332655232, -160653.1632725195, -128497.16138805884, -84644.55868536934, -86222.45773344729, -80462.05555940338, -0.782, -0.28, 0.55, 192.0, 0.0, 0.0, 0.0, 0.0, 0.0, 0.0, 0.0, 0.0, 0.0, 1.76968028185848E9, 0.0, 2026-01-29 15:21:21.858
197.0, 73693.23208251383, -112771.88214920547, 59308.05168247839, -173622.60653050026, -128503.15165557286, -84648.93962728258, -86222.97182356977, -80463.8884024487, -0.782, -0.28, 0.55, 192.0, 0.0, 0.0, 0.0, 0.0, 0.0, 0.0, 0.0, 0.0, 0.0, 1.769680281858557E9, 0.0, 2026-01-29 15:21:21.858
198.0, 73812.5233426718, -121863.05187500143, 12857.796294426476, -182811.27456561025, -128509.07486785352, -84654.86283956324, -86225.18464627083, -80467.241164117, -0.782, -0.28, 0.55, 192.0, 0.0, 0.0, 0.0, 0.0, 0.0, 0.0, 0.0, 0.0, 0.0, 1.769680281858636E9, 0.0, 2026-01-29 15:21:21.858
199.0, 73771.53024334076, -116820.90065728435, 48409.832824448684, -176527.1710189785, -128506.8843968969, -84655.75690934145, -86226.59280617152, -80471.28682986341, -0.782, -0.28, 0.55, 192.0, 0.0, 0.0, 0.0, 0.0, 0.0, 0.0, 0.0, 0.0, 0.0, 1.769680281858761E9, 0.0, 2026-01-29 15:21:21.858
200.0, 73610.91060768493, -103447.5166735073, 73268.5936413519, -162048.0462369974, -128500.93883287179, -84653.6781971071, -86228.31389049458, -80476.27126887695, -0.782, -0.28, 0.55, 192.0, 0.0, 0.0, 0.0, 0.0, 0.0, 0.0, 0.0, 0.0, 0.0, 1.769680281858865E9, 0.0, 2026-01-29 15:21:21.858
201.0, 73566.3635809855, -101251.5471877512, 73674.1883962379, -160697.71029921895, -128501.11764682742, -84654.6840256076, -86230.01262307318, -80480.16047241217, -0.782, -0.28, 0.55, 192.0, 0.0, 0.0, 0.0, 0.0, 0.0, 0.0, 0.0, 0.0, 0.0, 1.769680281858949E9, 0.0, 2026-01-29 15:21:21.858
202.0, 73691.6898121464, -112923.80695626819, 59202.48439341598, -173758.57219202188, -128508.73959168668, -84660.67429312161, -86232.06898356308, -80483.49088233602, -0.782, -0.28, 0.55, 192.0, 0.0, 0.0, 0.0, 0.0, 0.0, 0.0, 0.0, 0.0, 0.0, 1.769680281859055E9, 0.0, 2026-01-29 15:21:21.859
203.0, 73813.75268861683, -121883.36961071129, 13887.943492882669, -182792.27558282323, -128518.86493192494, -84670.57611591532, -86238.41687898837, -80491.13517893973, -0.782, -0.28200000000000003, 0.552, 192.0, 231.0, 144.0, 247.0, 48.0, 17.0, 64.0, 0.0, 0.0, 0.0, 1.769680281859138E9, 0.0, 2026-01-29 15:21:21.859
204.0, 73770.2114904179, -116673.91558574625, 49653.23801675296, -176344.2219906118, -128516.00390863467, -84670.77728161542, -86239.28859702214, -80494.5996993303, -0.782, -0.28200000000000003, 0.552, 192.0, 0.0, 0.0, 0.0, 0.0, 0.0, 0.0, 0.0, 0.0, 0.0, 1.769680281859232E9, 0.0, 2026-01-29 15:21:21.859
205.0, 73605.16620935992, -103301.49272698078, 73328.3622060254, -161878.62001402618, -128505.78916141858, -84664.31762746783, -86236.76284989869, -80495.18084468614, -0.782, -0.28200000000000003, 0.552, 192.0, 0.0, 0.0, 0.0, 0.0, 0.0, 0.0, 0.0, 0.0, 0.0, 1.769680281859314E9, 0.0, 2026-01-29 15:21:21.859
206.0, 73560.84270010504, -101302.28564766476, 73666.70056184537, -160762.32919243924, -128504.00102186216, -84663.06592977834, -86236.22640803175, -80496.81252203138, -0.782, -0.28200000000000003, 0.552, 192.0, 0.0, 0.0, 0.0, 0.0, 0.0, 0.0, 0.0, 0.0, 0.0, 1.769680281859414E9, 0.0, 2026-01-29 15:21:21.859
207.0, 73688.18058826693, -113045.3333908717, 59121.86165116569, -173874.2424695781, -128512.29351905508, -84669.83850834829, -86238.97567259976, -80501.05935347789, -0.782, -0.28200000000000003, 0.552, 192.0, 0.0, 0.0, 0.0, 0.0, 0.0, 0.0, 0.0, 0.0, 0.0, 1.769680281859528E9, 0.0, 2026-01-29 15:21:21.859
208.0, 73806.39896469105, -121871.67964836117, 15011.453927928678, -182745.22516074483, -128519.80370519207, -84677.39339797419, -86242.97663485726, -80506.33436516934, -0.782, -0.28200000000000003, 0.552, 192.0, 0.0, 0.0, 0.0, 0.0, 0.0, 0.0, 0.0, 0.0, 0.0, 1.769680281859616E9, 0.0, 2026-01-29 15:21:21.859
209.0, 73760.7119990244, -116521.02965367194, 51009.228945878625, -176134.9202555323, -128516.85327492397, -84677.57221192983, -86243.71424242428, -80509.66477509317, -0.782, -0.28200000000000003, 0.552, 192.0, 0.0, 0.0, 0.0, 0.0, 0.0, 0.0, 0.0, 0.0, 0.0, 1.769680281859704E9, 0.0, 2026-01-29 15:21:21.859
210.0, 73596.2702150667, -103177.79817316511, 73387.05788696503, -161730.62911398758, -128506.8843968969, -84671.40313046017, -86241.50141972321, -80510.33532742683, -0.782, -0.28200000000000003, 0.552, 192.0, 0.0, 0.0, 0.0, 0.0, 0.0, 0.0, 0.0, 0.0, 0.0, 1.769680281918396E9, 0.0, 2026-01-29 15:21:21.918
211.0, 73553.98071455726, -101368.37975601909, 73658.22925069681, -160820.86841116767, -128504.69392594027, -84669.88321183721, -86240.51794296717, -80511.63172860525, -0.782, -0.28200000000000003, 0.552, 192.0, 0.0, 0.0, 0.0, 0.0, 0.0, 0.0, 0.0, 0.0, 0.0, 1.769680281918527E9, 0.0, 2026-01-29 15:21:21.918
212.0, 73683.82199809814, -113184.47300010598, 59100.33692125523, -173991.38796226837, -128514.43928652279, -84678.17570903013, -86244.56360871358, -80517.21966471907, -0.782, -0.28200000000000003, 0.552, 192.0, 0.0, 0.0, 0.0, 0.0, 0.0, 0.0, 0.0, 0.0, 0.0, 1.769680281918615E9, 0.0, 2026-01-29 15:21:21.918
213.0, 73798.19587447595, -121896.44538121765, 16012.007416726045, -182715.4749888748, -128519.35667030295, -84683.16014804365, -86245.92706512536, -80520.01363277598, -0.78, -0.28600000000000003, 0.55, 192.0, 231.0, 160.0, 247.0, 16.0, 17.0, 48.0, 0.0, 0.0, 0.0, 1.769680281918704E9, 0.0, 2026-01-29 15:21:21.918
214.0, 73750.05021691922, -116393.75882074343, 52085.621903612846, -175952.84294519937, -128515.5345220011, -84682.35548524327, -86245.92706512536, -80522.51702815498, -0.78, -0.28600000000000003, 0.55, 192.0, 0.0, 0.0, 0.0, 0.0, 0.0, 0.0, 0.0, 0.0, 0.0, 1.769680281918858E9, 0.0, 2026-01-29 15:21:21.918
215.0, 73585.83195040608, -103049.38740126937, 73426.88869558439, -161584.82868490563, -128506.2361963077, -84676.90165959617, -86244.38479475795, -80523.79107758893, -0.78, -0.28600000000000003, 0.55, 192.0, 0.0, 0.0, 0.0, 0.0, 0.0, 0.0, 0.0, 0.0, 0.0, 1.769680281918969E9, 0.0, 2026-01-29 15:21:21.918
216.0, 73547.49870866523, -101407.56236404924, 73649.69088431488, -160856.1171121737, -128506.34795502997, -84677.61691541874, -86245.59178895853, -80527.09913576832, -0.78, -0.28600000000000003, 0.55, 192.0, 0.0, 0.0, 0.0, 0.0, 0.0, 0.0, 0.0, 0.0, 0.0, 1.769680281919056E9, 0.0, 2026-01-29 15:21:21.919
217.0, 73677.5411579062, -113303.65250154168, 59053.37590615462, -174097.98343157573, -128515.19924583427, -84684.8365288778, -86248.67632969336, -80531.7035951261, -0.78, -0.28600000000000003, 0.55, 192.0, 0.0, 0.0, 0.0, 0.0, 0.0, 0.0, 0.0, 0.0, 0.0, 1.769680281919154E9, 0.0, 2026-01-29 15:21:21.919
218.0, 73792.22795870638, -121903.3744219988, 17006.83885894285, -182677.85700295653, -128521.34597555948, -84691.1397208142, -86251.44794600582, -80535.9057230837, -0.78, -0.28600000000000003, 0.55, 192.0, 0.0, 0.0, 0.0, 0.0, 0.0, 0.0, 0.0, 0.0, 0.0, 1.769680281919241E9, 0.0, 2026-01-29 15:21:21.919
219.0, 73742.69649299342, -116264.1410546471, 53094.467889603126, -175764.70831211907, -128518.46260052474, -84691.36323825875, -86252.47612625077, -80539.37024347427, -0.78, -0.28600000000000003, 0.55, 192.0, 0.0, 0.0, 0.0, 0.0, 0.0, 0.0, 0.0, 0.0, 0.0, 1.769680281919327E9, 0.0, 2026-01-29 15:21:21.919
220.0, 73579.90873812542, -102924.06117010847, 73461.35508553447, -161414.82131657854, -128510.66184170984, -84687.29522076789, -86252.36436752848, -80542.07480455337, -0.78, -0.28600000000000003, 0.55, 192.0, 0.0, 0.0, 0.0, 0.0, 0.0, 0.0, 0.0, 0.0, 0.0, 1.769680281919427E9, 0.0, 2026-01-29 15:21:21.919
221.0, 73541.46373766228, -101464.89458857711, 73641.42073886642, -160900.68649061758, -128508.5831294755, -84685.82000563384, -86251.29148379463, -80543.19239177613, -0.78, -0.28600000000000003, 0.55, 192.0, 0.0, 0.0, 0.0, 0.0, 0.0, 0.0, 0.0, 0.0, 0.0, 1.769680281919525E9, 0.0, 2026-01-29 15:21:21.919
222.0, 73672.31084970366, -113437.49474734007, 58994.83668742618, -174200.95791828132, -128517.4344202798, -84693.26313653745, -86254.44307976283, -80548.04272032293, -0.78, -0.28600000000000003, 0.55, 192.0, 0.0, 0.0, 0.0, 0.0, 0.0, 0.0, 0.0, 0.0, 0.0, 1.769680281919636E9, 0.0, 2026-01-29 15:21:21.919
223.0, 73785.45538013642, -121927.35784379934, 18055.917984952688, -182646.63161595247, -128523.40233604937, -84699.61103196276, -86257.01353037519, -80552.28955176944, -0.778, -0.292, 0.552, 192.0, 231.0, 176.0, 246.0, 224.0, 17.0, 64.0, 0.0, 0.0, 0.0, 1.769680281919724E9, 0.0, 2026-01-29 15:21:21.919
224.0, 73734.38164405605, -116136.44553857393, 54174.90651308376, -175568.683513246, -128520.67542322582, -84699.96865987405, -86258.26522806469, -80555.93288611567, -0.778, -0.292, 0.552, 192.0, 0.0, 0.0, 0.0, 0.0, 0.0, 0.0, 0.0, 0.0, 0.0, 1.769680281919813E9, 0.0, 2026-01-29 15:21:21.919
225.0, 73569.96221184281, -102798.95845639211, 73491.46288531576, -161245.46214884068, -128511.22063532122, -84694.33602027131, -86256.52179199718, -80556.91636287169, -0.778, -0.292, 0.552, 192.0, 0.0, 0.0, 0.0, 0.0, 0.0, 0.0, 0.0, 0.0, 0.0, 1.769680281978829E9, 0.0, 2026-01-29 15:21:21.978
226.0, 73535.02643525916, -101533.96147894401, 73632.79296550667, -160949.32388655233, -128510.52773124311, -84694.2466132935, -86256.76766118618, -80559.19624080614, -0.778, -0.292, 0.552, 192.0, 0.0, 0.0, 0.0, 0.0, 0.0, 0.0, 0.0, 0.0, 0.0, 1.769680281978935E9, 0.0, 2026-01-29 15:21:21.978
227.0, 73667.90755604596, -113584.12219096688, 58893.382119343536, -174317.5446173602, -128520.22838833672, -84702.40500001967, -86260.63451297695, -80564.78417691996, -0.778, -0.292, 0.552, 192.0, 0.0, 0.0, 0.0, 0.0, 0.0, 0.0, 0.0, 0.0, 0.0, 1.769680281979015E9, 0.0, 2026-01-29 15:21:21.979
228.0, 73778.88396726656, -121940.81359396144, 18938.18604209257, -182612.00876379118, -128525.57045526154, -84708.01528787796, -86262.60146648902, -80568.36045603281, -0.778, -0.292, 0.552, 192.0, 0.0, 0.0, 0.0, 0.0, 0.0, 0.0, 0.0, 0.0, 0.0, 1.769680281979093E9, 0.0, 2026-01-29 15:21:21.979
229.0, 73724.68098696244, -115984.0736966221, 55207.40064470776, -175367.0484265147, -128522.10593487095, -84707.79177043341, -86263.27201882268, -80571.4673485121, -0.778, -0.292, 0.552, 192.0, 0.0, 0.0, 0.0, 0.0, 0.0, 0.0, 0.0, 0.0, 0.0, 1.769680281979219E9, 0.0, 2026-01-29 15:21:21.979
230.0, 73561.78147337216, -102674.34748105377, 73521.57068509706, -161107.95421695165, -128514.30517605606, -84703.79080817591, -86263.2049635893, -80573.9707438911, -0.778, -0.292, 0.552, 192.0, 0.0, 0.0, 0.0, 0.0, 0.0, 0.0, 0.0, 0.0, 0.0, 1.769680281979323E9, 0.0, 2026-01-29 15:21:21.979
231.0, 73527.4044903999, -101612.48315721551, 73622.15353514595, -161030.259553225, -128511.75707718816, -84701.6450407082, -86261.41682403289, -80574.30602005792, -0.778, -0.292, 0.552, 192.0, 0.0, 0.0, 0.0, 0.0, 0.0, 0.0, 0.0, 0.0, 0.0, 1.769680281979415E9, 0.0, 2026-01-29 15:21:21.979
232.0, 73661.71612283184, -113738.05865503057, 58828.7855778677, -174453.24205794837, -128522.12828661542, -84710.51868325695, -86265.93187641285, -80580.54215676096, -0.778, -0.292, 0.552, 192.0, 0.0, 0.0, 0.0, 0.0, 0.0, 0.0, 0.0, 0.0, 0.0, 1.769680281979507E9, 0.0, 2026-01-29 15:21:21.979
233.0, 73772.73723754135, -121966.45104485168, 19866.5880997882, -182577.3859116299, -128528.65499599636, -84717.40302054919, -86269.23993459225, -80585.50424403003, -0.772, -0.294, 0.56, 192.0, 231.0, 224.0, 246.0, 208.0, 17.0, 128.0, 0.0, 0.0, 0.0, 1.769680281979591E9, 0.0, 2026-01-29 15:21:21.979
234.0, 73715.67323394695, -115876.38299183644, 56006.74372991845, -175195.74465700923, -128523.89407442739, -84715.83839843732, -86268.63643749195, -80587.270031842, -0.772, -0.294, 0.56, 192.0, 0.0, 0.0, 0.0, 0.0, 0.0, 0.0, 0.0, 0.0, 0.0, 1.769680281979682E9, 0.0, 2026-01-29 15:21:21.979
235.0, 73552.7066651233, -102570.50127631442, 73535.18289747035, -160969.10518039527, -128516.11566735693, -84711.88213966873, -86268.54703051414, -80589.773427221, -0.772, -0.294, 0.56, 192.0, 0.0, 0.0, 0.0, 0.0, 0.0, 0.0, 0.0, 0.0, 0.0, 1.769680281979764E9, 0.0, 2026-01-29 15:21:21.979
236.0, 73522.66592057538, -101666.28380611942, 73613.88338969748, -161088.3740888088, -128516.09331561248, -84712.35152630229, -86269.28463808115, -80592.5673952779, -0.772, -0.294, 0.56, 192.0, 0.0, 0.0, 0.0, 0.0, 0.0, 0.0, 0.0, 0.0, 0.0, 1.769680281979856E9, 0.0, 2026-01-29 15:21:21.979
237.0, 73656.8881460295, -113856.16527273241, 58652.117389692954, -174564.30787614678, -128525.32458607253, -84720.01817465045, -86272.63739974945, -80597.66359301373, -0.772, -0.294, 0.56, 192.0, 0.0, 0.0, 0.0, 0.0, 0.0, 0.0, 0.0, 0.0, 0.0, 1.769680281979957E9, 0.0, 2026-01-29 15:21:21.979
238.0, 73768.57981307266, -121986.76878056154, 20598.183047554856, -182553.089565407, -128533.57237977654, -84728.55654103239, -86277.64419050745, -80604.39146809476, -0.772, -0.294, 0.56, 192.0, 0.0, 0.0, 0.0, 0.0, 0.0, 0.0, 0.0, 0.0, 0.0, 1.769680281980041E9, 0.0, 2026-01-29 15:21:21.980
239.0, 73710.28646353322, -115760.8244730025, 56852.35492615163, -175022.5186374806, -128529.37025181894, -84727.57306427635, -86277.71124574081, -80606.78310475149, -0.772, -0.294, 0.56, 192.0, 0.0, 0.0, 0.0, 0.0, 0.0, 0.0, 0.0, 0.0, 0.0, 1.769680281980123E9, 0.0, 2026-01-29 15:21:21.980
240.0, 73543.94478129683, -102450.8300365007, 73550.71735986679, -160833.3630363182, -128518.10497261347, -84719.83936069481, -86274.02320790569, -80605.64316578426, -0.772, -0.294, 0.56, 192.0, 0.0, 0.0, 0.0, 0.0, 0.0, 0.0, 0.0, 0.0, 0.0, 1.769680281980214E9, 0.0, 2026-01-29 15:21:21.980
241.0, 73515.06632746058, -101722.29727772443, 73603.19925584785, -161159.83261583242, -128517.05444062407, -84719.16880836115, -86273.64322824994, -80607.2748431295, -0.772, -0.294, 0.56, 192.0, 0.0, 0.0, 0.0, 0.0, 0.0, 0.0, 0.0, 0.0, 0.0, 1.769680282040075E9, 0.0, 2026-01-29 15:21:22.040
242.0, 73649.73558780379, -113985.8053905732, 58560.899920570846, -174682.70506652654, -128525.50340002816, -84726.16490437566, -86276.3701410735, -80611.85695074285, -0.772, -0.294, 0.56, 192.0, 0.0, 0.0, 0.0, 0.0, 0.0, 0.0, 0.0, 0.0, 0.0, 1.769680282040186E9, 0.0, 2026-01-29 15:21:22.040
243.0, 73758.11919666758, -121985.67354508323, 21497.885465369876, -182515.1363033219, -128531.87364719794, -84733.09394515681, -86279.54408878615, -80616.88609324528, -0.77, -0.294, 0.558, 192.0, 231.0, 240.0, 246.0, 208.0, 17.0, 112.0, 0.0, 0.0, 0.0, 1.769680282040268E9, 0.0, 2026-01-29 15:21:22.040
244.0, 73699.60232968359, -115587.26317730703, 57768.597634863574, -174810.84761748882, -128529.70552798576, -84734.14447714621, -86281.62280102048, -80621.28938690298, -0.77, -0.294, 0.558, 192.0, 0.0, 0.0, 0.0, 0.0, 0.0, 0.0, 0.0, 0.0, 0.0, 1.769680282040423E9, 0.0, 2026-01-29 15:21:22.040
245.0, 73533.3053509361, -102298.65936024897, 73565.04482806264, -160689.12722934812, -128518.97669064722, -84727.03662240942, -86278.62766726347, -80620.64118631378, -0.77, -0.294, 0.558, 192.0, 0.0, 0.0, 0.0, 0.0, 0.0, 0.0, 0.0, 0.0, 0.0, 1.769680282040541E9, 0.0, 2026-01-29 15:21:22.040
246.0, 73506.79618201211, -101768.25246432454, 73591.4645900088, -161225.74791023112, -128518.37319354693, -84727.03662240942, -86278.7170742413, -80622.74225029258, -0.77, -0.294, 0.558, 192.0, 0.0, 0.0, 0.0, 0.0, 0.0, 0.0, 0.0, 0.0, 0.0, 1.769680282040623E9, 0.0, 2026-01-29 15:21:22.040
247.0, 73643.61120982304, -114109.87992404461, 58527.57346958798, -174809.59591979932, -128528.72205122974, -84735.84320972482, -86283.12036789898, -80629.04544222898, -0.77, -0.294, 0.558, 192.0, 0.0, 0.0, 0.0, 0.0, 0.0, 0.0, 0.0, 0.0, 0.0, 1.769680282040714E9, 0.0, 2026-01-29 15:21:22.040
248.0, 73751.70424600891, -121983.68423982672, 22584.359059853443, -182478.47944241518, -128536.92514144482, -84744.38157610674, -86288.23891737926, -80635.95213126566, -0.77, -0.294, 0.558, 192.0, 0.0, 0.0, 0.0, 0.0, 0.0, 0.0, 0.0, 0.0, 0.0, 1.769680282040796E9, 0.0, 2026-01-29 15:21:22.040
249.0, 73686.81713185515, -115436.83593712283, 58623.685970745806, -174623.7635163979, -128530.82311520854, -84741.63231153873, -86286.60724003402, -80636.62268359931, -0.77, -0.294, 0.558, 192.0, 0.0, 0.0, 0.0, 0.0, 0.0, 0.0, 0.0, 0.0, 0.0, 1.769680282040878E9, 0.0, 2026-01-29 15:21:22.040
250.0, 73520.38604264094, -102178.16110589041, 73570.94568859883, -160545.6960851784, -128520.04957438108, -84734.47975331305, -86283.43329232137, -80635.97448301011, -0.77, -0.294, 0.558, 192.0, 0.0, 0.0, 0.0, 0.0, 0.0, 0.0, 0.0, 0.0, 0.0, 1.76968028204096E9, 0.0, 2026-01-29 15:21:22.040
251.0, 73499.08483017502, -101847.93643330771, 73580.02049684769, -161287.63989062785, -128522.77648720462, -84737.31842485887, -86286.47312956728, -80641.11538423484, -0.77, -0.294, 0.558, 192.0, 0.0, 0.0, 0.0, 0.0, 0.0, 0.0, 0.0, 0.0, 0.0, 1.769680282041052E9, 0.0, 2026-01-29 15:21:22.041
252.0, 73634.20112540736, -114258.63078339468, 58431.43861668571, -174919.07476414143, -128530.4878390417, -84743.50985807298, -86288.17186214589, -80644.64695985877, -0.77, -0.294, 0.558, 192.0, 0.0, 0.0, 0.0, 0.0, 0.0, 0.0, 0.0, 0.0, 0.0, 1.769680282041153E9, 0.0, 2026-01-29 15:21:22.041
253.0, 73737.9579231689, -121992.289661442, 23625.302150881547, -182422.06363941, -128535.5393332886, -84749.03073895344, -86290.33998135806, -80648.49145990508, -0.774, -0.294, 0.552, 192.0, 231.0, 208.0, 246.0, 208.0, 17.0, 64.0, 0.0, 0.0, 0.0, 1.769680282041235E9, 0.0, 2026-01-29 15:21:22.041
254.0, 73672.4896636593, -115297.53986567735, 59503.78590867352, -174427.42579310248, -128530.44313555279, -84747.28730288593, -86289.66942902439, -80650.16784073923, -0.774, -0.294, 0.552, 192.0, 0.0, 0.0, 0.0, 0.0, 0.0, 0.0, 0.0, 0.0, 0.0, 1.769680282041324E9, 0.0, 2026-01-29 15:21:22.041
255.0, 73507.10910643448, -102074.06903196205, 73574.25374677822, -160407.33878700004, -128520.36249880344, -84740.80529699389, -86287.25544062322, -80650.10078550587, -0.774, -0.294, 0.552, 192.0, 0.0, 0.0, 0.0, 0.0, 0.0, 0.0, 0.0, 0.0, 0.0, 1.769680282041431E9, 0.0, 2026-01-29 15:21:22.041
0.0, 73486.76901898015, -101933.07422793798, 73565.3130489961, -161359.07606590702, -128521.99417614868, -84742.68284352813, -86289.28944936866, -80654.14645125228, -0.774, -0.294, 0.552, 192.0, 0.0, 0.0, 0.0, 0.0, 0.0, 0.0, 0.0, 0.0, 0.0, 1.769680282099425E9, 0.0, 2026-01-29 15:21:22.099
1.0, 73624.99220669178, -114392.02599430394, 58417.55818337896, -175020.9093118798, -128532.07481289802, -84751.17650642115, -86293.31276337062, -80660.06966353294, -0.774, -0.294, 0.552, 192.0, 0.0, 0.0, 0.0, 0.0, 0.0, 0.0, 0.0, 0.0, 0.0, 1.769680282099572E9, 0.0, 2026-01-29 15:21:22.099
2.0, 73729.7548329538, -121989.71921082964, 24632.941142671247, -182378.12010981084, -128539.78616473511, -84759.42430012516, -86298.09603668404, -80666.81989035844, -0.774, -0.294, 0.552, 192.0, 0.0, 0.0, 0.0, 0.0, 0.0, 0.0, 0.0, 0.0, 0.0, 1.769680282099655E9, 0.0, 2026-01-29 15:21:22.099
3.0, 73662.40902690995, -115148.49843364937, 60296.71404322553, -174230.08224130658, -128535.24876061067, -84758.17260243566, -86298.1630919174, -80669.09976829289, -0.774, -0.294, 0.552, 192.0, 0.0, 0.0, 0.0, 0.0, 0.0, 0.0, 0.0, 0.0, 0.0, 1.769680282099785E9, 0.0, 2026-01-29 15:21:22.099
4.0, 73497.2966906186, -101967.7194318437, 73578.65704043592, -160273.4294859683, -128525.41399305034, -84751.75765177699, -86295.97262096079, -80669.1444717818, -0.774, -0.294, 0.552, 192.0, 0.0, 0.0, 0.0, 0.0, 0.0, 0.0, 0.0, 0.0, 0.0, 1.769680282099888E9, 0.0, 2026-01-29 15:21:22.099
5.0, 73477.090713631, -102011.46179574274, 73552.23727848975, -161417.63763637992, -128524.96695816124, -84751.69059654363, -86295.65969653842, -80670.91025959376, -0.774, -0.294, 0.552, 192.0, 0.0, 0.0, 0.0, 0.0, 0.0, 0.0, 0.0, 0.0, 0.0, 1.769680282099969E9, 0.0, 2026-01-29 15:21:22.099
6.0, 73616.43148856539, -114529.24335351508, 58396.70400580216, -175132.7797928786, -128535.40522282186, -84760.4077768812, -86299.99593496275, -80677.16874804125, -0.774, -0.294, 0.552, 192.0, 0.0, 0.0, 0.0, 0.0, 0.0, 0.0, 0.0, 0.0, 0.0, 1.76968028210006E9, 0.0, 2026-01-29 15:21:22.100
7.0, 73717.21550431437, -121979.32564965793, 25667.5586900185, -182331.02498424353, -128540.61317927996, -84766.08511997285, -86302.365219875, -80681.54968995448, -0.778, -0.294, 0.552, 192.0, 231.0, 176.0, 246.0, 208.0, 17.0, 64.0, 0.0, 0.0, 0.0, 1.769680282100141E9, 0.0, 2026-01-29 15:21:22.100
8.0, 73650.02616048172, -114984.05664969167, 61037.2049852854, -174033.78922150008, -128537.93096994532, -84766.80037579541, -86304.4215803649, -80685.90828012327, -0.778, -0.294, 0.552, 192.0, 0.0, 0.0, 0.0, 0.0, 0.0, 0.0, 0.0, 0.0, 0.0, 1.76968028210023E9, 0.0, 2026-01-29 15:21:22.100
9.0, 73486.38903932441, -101851.46800893164, 73578.76879915819, -160138.49200469162, -128529.41495530785, -84761.7041780596, -86303.5722140756, -80687.24938479059, -0.778, -0.294, 0.552, 192.0, 0.0, 0.0, 0.0, 0.0, 0.0, 0.0, 0.0, 0.0, 0.0, 1.769680282100311E9, 0.0, 2026-01-29 15:21:22.100
10.0, 73469.93815540531, -102087.36831991296, 73542.89424930743, -161482.34593657803, -128530.7337082307, -84763.29115191594, -86305.04742920965, -80690.62449820334, -0.778, -0.294, 0.552, 192.0, 0.0, 0.0, 0.0, 0.0, 0.0, 0.0, 0.0, 0.0, 0.0, 1.769680282100422E9, 0.0, 2026-01-29 15:21:22.100
11.0, 73608.85424719503, -114640.86796532488, 58497.063338406486, -175242.28098896515, -128540.43436532431, -84771.27072468647, -86308.51194960022, -80696.10067559489, -0.778, -0.294, 0.552, 192.0, 0.0, 0.0, 0.0, 0.0, 0.0, 0.0, 0.0, 0.0, 0.0, 1.769680282100601E9, 0.0, 2026-01-29 15:21:22.100
12.0, 73707.09016407611, -121926.95551239914, 27185.018621089297, -182267.50132650154, -128544.86001072646, -84776.21046021109, -86310.121275201, -80699.72165819665, -0.778, -0.294, 0.552, 192.0, 0.0, 0.0, 0.0, 0.0, 0.0, 0.0, 0.0, 0.0, 0.0, 1.769680282100688E9, 0.0, 2026-01-29 15:21:22.100
13.0, 73634.89402948547, -114783.42739146083, 61987.22117986932, -173810.67410834722, -128539.71910950175, -84774.39996891022, -86309.7189438008, -80701.62155647535, -0.778, -0.294, 0.552, 192.0, 0.0, 0.0, 0.0, 0.0, 0.0, 0.0, 0.0, 0.0, 0.0, 1.769680282100775E9, 0.0, 2026-01-29 15:21:22.100
14.0, 73471.32396356153, -101698.69383557962, 73575.01370608971, -159967.63527007523, -128530.7337082307, -84768.92379151867, -86308.37783913349, -80702.4485710202, -0.778, -0.294, 0.552, 192.0, 0.0, 0.0, 0.0, 0.0, 0.0, 0.0, 0.0, 0.0, 0.0, 1.769680282100873E9, 0.0, 2026-01-29 15:21:22.100
15.0, 73456.08007384301, -102149.52852124316, 73527.73976656674, -161525.84243128807, -128531.00192916417, -84769.4602333856, -86308.71311530031, -80704.7508006991, -0.778, -0.294, 0.552, 192.0, 0.0, 0.0, 0.0, 0.0, 0.0, 0.0, 0.0, 0.0, 0.0, 1.769680282159691E9, 0.0, 2026-01-29 15:21:22.159
16.0, 73594.25855806572, -114759.46632140475, 58634.75008425118, -175319.86389396954, -128538.78033623462, -84775.71872183308, -86310.50125485675, -80708.39413504531, -0.778, -0.294, 0.552, 192.0, 0.0, 0.0, 0.0, 0.0, 0.0, 0.0, 0.0, 0.0, 0.0, 1.7696802821598E9, 0.0, 2026-01-29 15:21:22.159
17.0, 73691.57805342413, -121901.40746848674, 28643.648760753724, -182200.04376173543, -128544.03299618162, -84781.41841666918, -86312.93759500237, -80712.77507695855, -0.766, -0.296, 0.556, 192.0, 232.0, 16.0, 246.0, 192.0, 17.0, 96.0, 0.0, 0.0, 0.0, 1.769680282159884E9, 0.0, 2026-01-29 15:21:22.159
18.0, 73617.28085485469, -114600.27719739404, 62864.14717008438, -173584.9214893486, -128538.64622576788, -84779.38440792375, -86312.46820836881, -80714.49616128161, -0.766, -0.296, 0.556, 192.0, 0.0, 0.0, 0.0, 0.0, 0.0, 0.0, 0.0, 0.0, 0.0, 1.769680282160015E9, 0.0, 2026-01-29 15:21:22.160
19.0, 73452.41438775235, -101568.38316540518, 73564.82131061809, -159801.65121575014, -128528.65499599636, -84772.88005028726, -86310.05421996764, -80714.2055886037, -0.766, -0.296, 0.556, 192.0, 0.0, 0.0, 0.0, 0.0, 0.0, 0.0, 0.0, 0.0, 0.0, 1.76968028216012E9, 0.0, 2026-01-29 15:21:22.160
20.0, 73442.19964053627, -102223.93747853488, 73511.95943498128, -161569.137760298, -128531.9407024313, -84776.27751544447, -86313.2281676803, -80719.43589680623, -0.766, -0.296, 0.556, 192.0, 0.0, 0.0, 0.0, 0.0, 0.0, 0.0, 0.0, 0.0, 0.0, 1.769680282160202E9, 0.0, 2026-01-29 15:21:22.160
21.0, 73582.88152013798, -114895.7225556043, 58734.81884417759, -175417.92099689497, -128541.39549033588, -84784.27943995947, -86316.64798458196, -80724.80031547551, -0.766, -0.296, 0.556, 192.0, 0.0, 0.0, 0.0, 0.0, 0.0, 0.0, 0.0, 0.0, 0.0, 1.769680282160295E9, 0.0, 2026-01-29 15:21:22.160
22.0, 73678.97166955133, -121897.60767192933, 29875.654563385793, -182139.492886006, -128546.96107470526, -84790.3591144513, -86319.39724914996, -80729.6506440223, -0.766, -0.296, 0.556, 192.0, 0.0, 0.0, 0.0, 0.0, 0.0, 0.0, 0.0, 0.0, 0.0, 1.769680282160377E9, 0.0, 2026-01-29 15:21:22.160
23.0, 73604.38389830398, -114452.33100084437, 63558.05707669939, -173375.1280158911, -128543.18362989232, -84789.95678305111, -86320.58189160608, -80733.02575743505, -0.766, -0.296, 0.556, 192.0, 0.0, 0.0, 0.0, 0.0, 0.0, 0.0, 0.0, 0.0, 0.0, 1.769680282160473E9, 0.0, 2026-01-29 15:21:22.160
24.0, 73440.25503876866, -101486.12874580965, 73558.3169529816, -159672.0781531427, -128532.94653093179, -84782.98303878105, -86317.83262703808, -80732.46696382368, -0.766, -0.296, 0.556, 192.0, 0.0, 0.0, 0.0, 0.0, 0.0, 0.0, 0.0, 0.0, 0.0, 1.769680282160562E9, 0.0, 2026-01-29 15:21:22.160
25.0, 73432.05194855356, -102348.28023293975, 73496.33556560702, -161647.97236299186, -128535.36051933296, -84785.35232369333, -86320.00074625025, -80736.53498131454, -0.766, -0.296, 0.556, 192.0, 0.0, 0.0, 0.0, 0.0, 0.0, 0.0, 0.0, 0.0, 0.0, 1.769680282160659E9, 0.0, 2026-01-29 15:21:22.160
26.0, 73574.05258107813, -115062.08658958515, 58635.17476739583, -175534.77591690733, -128545.19528689329, -84793.6671726307, -86323.73348757428, -80742.12291742837, -0.766, -0.296, 0.556, 192.0, 0.0, 0.0, 0.0, 0.0, 0.0, 0.0, 0.0, 0.0, 0.0, 1.769680282160757E9, 0.0, 2026-01-29 15:21:22.160
27.0, 73669.22630896882, -121909.38704125727, 30712.995614170508, -182085.2228504685, -128550.73851951821, -84799.83625410036, -86326.61686260902, -80747.1073564419, -0.768, -0.298, 0.556, 192.0, 232.0, 0.0, 246.0, 176.0, 17.0, 96.0, 0.0, 0.0, 0.0, 1.769680282160853E9, 0.0, 2026-01-29 15:21:22.160
28.0, 73592.7162876983, -114340.54992682338, 64072.10249568254, -173194.03418231418, -128546.26817062714, -84798.7633703665, -86327.06389749813, -80749.85662100991, -0.768, -0.298, 0.556, 192.0, 0.0, 0.0, 0.0, 0.0, 0.0, 0.0, 0.0, 0.0, 0.0, 1.769680282160948E9, 0.0, 2026-01-29 15:21:22.160
29.0, 73431.69432064227, -101439.95004176498, 73552.84077559004, -159579.9219107535, -128538.62387402343, -84794.49418717554, -86327.10860098703, -80751.77887103306, -0.768, -0.298, 0.556, 192.0, 0.0, 0.0, 0.0, 0.0, 0.0, 0.0, 0.0, 0.0, 0.0, 1.769680282161045E9, 0.0, 2026-01-29 15:21:22.161
30.0, 73422.5301054156, -102491.443156176, 73476.86719618645, -161766.77188477182, -128538.0874321565, -84794.02480054199, -86326.28158644219, -80752.91881000028, -0.768, -0.298, 0.556, 192.0, 0.0, 0.0, 0.0, 0.0, 0.0, 0.0, 0.0, 0.0, 0.0, 1.76968028222002E9, 0.0, 2026-01-29 15:21:22.220
31.0, 73561.2673832497, -115243.69451328451, 58183.3342532318, -175675.1672238311, -128543.80947873706, -84798.38339071076, -86325.9239585309, -80754.55048734552, -0.768, -0.298, 0.556, 192.0, 0.0, 0.0, 0.0, 0.0, 0.0, 0.0, 0.0, 0.0, 0.0, 1.769680282220132E9, 0.0, 2026-01-29 15:21:22.220
32.0, 73653.64714308348, -121956.95155345817, 30722.830381730844, -182066.91677175963, -128548.19042065031, -84803.39018146876, -86327.53328413168, -80758.32793215847, -0.768, -0.298, 0.556, 192.0, 0.0, 0.0, 0.0, 0.0, 0.0, 0.0, 0.0, 0.0, 0.0, 1.769680282220218E9, 0.0, 2026-01-29 15:21:22.220
33.0, 73576.89125262394, -114261.44710319604, 64372.42053418405, -173040.63416011742, -128545.21763863775, -84803.88191984677, -86329.74610683277, -80762.75357756062, -0.768, -0.298, 0.556, 192.0, 0.0, 0.0, 0.0, 0.0, 0.0, 0.0, 0.0, 0.0, 0.0, 1.769680282220349E9, 0.0, 2026-01-29 15:21:22.220
34.0, 73416.00339603465, -101414.9384397195, 73539.27326670567, -159523.10377634809, -128536.92514144482, -84798.74101862205, -86328.85203705454, -80763.80410955002, -0.768, -0.298, 0.556, 192.0, 0.0, 0.0, 0.0, 0.0, 0.0, 0.0, 0.0, 0.0, 0.0, 1.76968028222047E9, 0.0, 2026-01-29 15:21:22.220
35.0, 73411.9800820327, -102624.01135254042, 73455.6330389539, -161911.90176152013, -128539.67440601283, -84801.40087621222, -86331.08721150008, -80768.09564448544, -0.768, -0.298, 0.556, 192.0, 0.0, 0.0, 0.0, 0.0, 0.0, 0.0, 0.0, 0.0, 0.0, 1.769680282220552E9, 0.0, 2026-01-29 15:21:22.220
36.0, 73555.09830178003, -115390.43371563361, 57757.46646612483, -175813.9492051541, -128549.62093229544, -84809.87218736079, -86334.90935980194, -80773.97415327719, -0.768, -0.298, 0.556, 192.0, 0.0, 0.0, 0.0, 0.0, 0.0, 0.0, 0.0, 0.0, 0.0, 1.769680282220645E9, 0.0, 2026-01-29 15:21:22.220
37.0, 73647.45570986936, -121972.53071934351, 30709.531093779933, -182038.1724283901, -128555.61119980947, -84816.64476593075, -86338.55269414815, -80779.58444113546, -0.77, -0.28600000000000003, 0.556, 192.0, 231.0, 240.0, 247.0, 16.0, 17.0, 96.0, 0.0, 0.0, 0.0, 1.769680282220726E9, 0.0, 2026-01-29 15:21:22.220
38.0, 73567.1682437859, -114147.92259310753, 64588.181923411124, -172872.43728309125, -128550.38089160692, -84815.05779207443, -86338.61974938151, -80781.79726383655, -0.77, -0.28600000000000003, 0.556, 192.0, 0.0, 0.0, 0.0, 0.0, 0.0, 0.0, 0.0, 0.0, 0.0, 1.769680282220817E9, 0.0, 2026-01-29 15:21:22.220
39.0, 73402.07825923899, -101359.5284652148, 73526.53277236615, -159458.95426976137, -128537.26041761166, -84805.20067276963, -86332.85299931205, -80777.99746727914, -0.77, -0.28600000000000003, 0.556, 192.0, 0.0, 0.0, 0.0, 0.0, 0.0, 0.0, 0.0, 0.0, 0.0, 1.769680282220899E9, 0.0, 2026-01-29 15:21:22.220
40.0, 73397.54085511457, -102724.05776072238, 73430.71084388625, -162031.3494838893, -128537.28276935611, -84805.22302451408, -86332.24950221175, -80779.45033066873, -0.77, -0.28600000000000003, 0.556, 192.0, 0.0, 0.0, 0.0, 0.0, 0.0, 0.0, 0.0, 0.0, 0.0, 1.76968028222099E9, 0.0, 2026-01-29 15:21:22.220
41.0, 73544.52592665267, -115508.80855426891, 57460.814113714, -175950.92069517623, -128550.42559509583, -84817.04709733094, -86339.29030171518, -80788.52513891758, -0.77, -0.28600000000000003, 0.556, 192.0, 0.0, 0.0, 0.0, 0.0, 0.0, 0.0, 0.0, 0.0, 0.0, 1.769680282221081E9, 0.0, 2026-01-29 15:21:22.221
42.0, 73634.379939363, -121929.39185254478, 31136.27059892066, -181993.06660807927, -128555.25357189818, -84822.59032995586, -86341.6819383719, -80793.08489478647, -0.77, -0.28600000000000003, 0.556, 192.0, 0.0, 0.0, 0.0, 0.0, 0.0, 0.0, 0.0, 0.0, 0.0, 1.769680282221172E9, 0.0, 2026-01-29 15:21:22.221
43.0, 73551.36556045599, -113971.2544049328, 64959.64556451388, -172710.58830149035, -128549.48682182872, -84820.28810027697, -86341.2349034828, -80794.64951689834, -0.77, -0.28600000000000003, 0.556, 192.0, 0.0, 0.0, 0.0, 0.0, 0.0, 0.0, 0.0, 0.0, 0.0, 1.769680282221255E9, 0.0, 2026-01-29 15:21:22.221
44.0, 73390.23183467769, -101244.26051905878, 73516.74270829473, -159379.42676298937, -128540.00968217966, -84814.09666706284, -86339.08913601509, -80794.44835119824, -0.77, -0.28600000000000003, 0.556, 192.0, 0.0, 0.0, 0.0, 0.0, 0.0, 0.0, 0.0, 0.0, 0.0, 1.769680282221346E9, 0.0, 2026-01-29 15:21:22.221
45.0, 73388.24252942116, -102788.76606092049, 73412.38241343289, -162138.5708020414, -128540.97080719123, -84814.90132986323, -86339.29030171518, -80796.72822913268, -0.77, -0.28600000000000003, 0.556, 192.0, 0.0, 0.0, 0.0, 0.0, 0.0, 0.0, 0.0, 0.0, 0.0, 1.769680282279992E9, 0.0, 2026-01-29 15:21:22.279
46.0, 73532.23246720225, -115595.98035764461, 57281.77664062699, -176062.38884477483, -128551.16320266286, -84823.73026892309, -86343.42537443941, -80802.85260711344, -0.77, -0.28600000000000003, 0.556, 192.0, 0.0, 0.0, 0.0, 0.0, 0.0, 0.0, 0.0, 0.0, 0.0, 1.769680282280103E9, 0.0, 2026-01-29 15:21:22.280
47.0, 73621.23711362328, -121867.00813377001, 31976.51737648456, -181935.62262482915, -128557.08641494352, -84830.54755098195, -86347.04635704117, -80808.52995020509, -0.774, -0.294, 0.562, 192.0, 231.0, 208.0, 246.0, 208.0, 17.0, 144.0, 0.0, 0.0, 0.0, 1.769680282280189E9, 0.0, 2026-01-29 15:21:22.280
48.0, 73538.26743820518, -113762.8020361426, 65491.281806383355, -172494.93867098555, -128553.01839745264, -84829.96640562611, -86348.45451694186, -80811.99447059566, -0.774, -0.294, 0.562, 192.0, 0.0, 0.0, 0.0, 0.0, 0.0, 0.0, 0.0, 0.0, 0.0, 1.769680282280325E9, 0.0, 2026-01-29 15:21:22.280
49.0, 73378.89950023884, -101105.12090982449, 73507.13145817893, -159249.33961025949, -128545.01647293766, -84825.0713735904, -86347.67220588592, -80813.31322351852, -0.774, -0.294, 0.562, 192.0, 0.0, 0.0, 0.0, 0.0, 0.0, 0.0, 0.0, 0.0, 0.0, 1.769680282280447E9, 0.0, 2026-01-29 15:21:22.280
50.0, 73377.08900893797, -102843.9748697251, 73400.6253958494, -162210.00697732056, -128544.18945839281, -84823.97613811209, -86346.1299355185, -80813.67085142981, -0.774, -0.294, 0.562, 192.0, 0.0, 0.0, 0.0, 0.0, 0.0, 0.0, 0.0, 0.0, 0.0, 1.769680282280529E9, 0.0, 2026-01-29 15:21:22.280
51.0, 73519.78254554064, -115672.33391670394, 57531.7809023596, -176142.51984864712, -128552.63841779692, -84830.94988238215, -86348.38746170848, -80818.0294415986, -0.774, -0.294, 0.562, 192.0, 0.0, 0.0, 0.0, 0.0, 0.0, 0.0, 0.0, 0.0, 0.0, 1.769680282280622E9, 0.0, 2026-01-29 15:21:22.280
52.0, 73605.54618901566, -121781.84798739529, 33452.85009775759, -181845.70155688544, -128557.30993238807, -84836.47076326261, -86350.80145010966, -80822.58919746747, -0.774, -0.294, 0.562, 192.0, 0.0, 0.0, 0.0, 0.0, 0.0, 0.0, 0.0, 0.0, 0.0, 1.769680282280739E9, 0.0, 2026-01-29 15:21:22.280
53.0, 73520.2519321742, -113536.75884446608, 66114.82842145306, -172269.0072380313, -128553.30897013057, -84835.88961790677, -86352.09785128807, -80826.05371785804, -0.774, -0.294, 0.562, 192.0, 0.0, 0.0, 0.0, 0.0, 0.0, 0.0, 0.0, 0.0, 0.0, 1.769680282280844E9, 0.0, 2026-01-29 15:21:22.280
54.0, 73360.86164246341, -100963.52260870012, 73490.47940855974, -159115.74323365014, -128544.3906240929, -84830.16757132621, -86350.48852568728, -80826.36664228042, -0.774, -0.294, 0.562, 192.0, 0.0, 0.0, 0.0, 0.0, 0.0, 0.0, 0.0, 0.0, 0.0, 1.76968028228094E9, 0.0, 2026-01-29 15:21:22.280
55.0, 73365.80137798803, -102905.59862918837, 73386.63320382038, -162259.11375988886, -128547.65397878338, -84833.4756295056, -86353.05897629965, -80830.88169466039, -0.774, -0.294, 0.562, 192.0, 0.0, 0.0, 0.0, 0.0, 0.0, 0.0, 0.0, 0.0, 0.0, 1.769680282281037E9, 0.0, 2026-01-29 15:21:22.281
56.0, 73509.21017041328, -115774.30257490904, 57762.607367349556, -176219.09692515098, -128556.21469690975, -84840.56113249793, -86355.42826121191, -80835.3743952959, -0.774, -0.294, 0.562, 192.0, 0.0, 0.0, 0.0, 0.0, 0.0, 0.0, 0.0, 0.0, 0.0, 1.769680282281129E9, 0.0, 2026-01-29 15:21:22.281
57.0, 73593.5209504987, -121723.04054773338, 35114.925815454226, -181748.87379990506, -128560.70739754528, -84845.85849593383, -86357.77519437972, -80839.86709593143, -0.77, -0.296, 0.562, 192.0, 231.0, 240.0, 246.0, 192.0, 17.0, 144.0, 0.0, 0.0, 0.0, 1.769680282281222E9, 0.0, 2026-01-29 15:21:22.281
58.0, 73506.46090584528, -113346.18787124014, 66788.48764759155, -172037.44316547434, -128556.41586260985, -84845.03148138899, -86359.00454032476, -80843.01869189963, -0.77, -0.296, 0.562, 192.0, 0.0, 0.0, 0.0, 0.0, 0.0, 0.0, 0.0, 0.0, 0.0, 1.769680282281313E9, 0.0, 2026-01-29 15:21:22.281
59.0, 73349.55165976903, -100863.61031098489, 73480.19760611029, -158984.98552858658, -128549.26330438416, -84841.03051913148, -86359.16100253594, -80845.07505238951, -0.77, -0.296, 0.562, 192.0, 0.0, 0.0, 0.0, 0.0, 0.0, 0.0, 0.0, 0.0, 0.0, 1.769680282281413E9, 0.0, 2026-01-29 15:21:22.281
60.0, 73353.57497377098, -103009.8695170724, 73372.4174943468, -162345.50325220864, -128549.82209799554, -84841.43285053168, -86358.78102288021, -80846.75143322366, -0.77, -0.296, 0.562, 192.0, 0.0, 0.0, 0.0, 0.0, 0.0, 0.0, 0.0, 0.0, 0.0, 1.76968028234019E9, 0.0, 2026-01-29 15:21:22.340
61.0, 73499.75538250868, -115898.57827408056, 57935.78868338927, -176311.70020242932, -128560.90856324538, -84851.1782111142, -86363.631351427, -80853.72517749372, -0.77, -0.296, 0.562, 192.0, 0.0, 0.0, 0.0, 0.0, 0.0, 0.0, 0.0, 0.0, 0.0, 1.7696802823403E9, 0.0, 2026-01-29 15:21:22.340
62.0, 73584.24497654974, -121692.75393399644, 36435.89156101842, -181680.70097931637, -128567.72584530425, -84858.82250771791, -86368.30286601816, -80860.47540431922, -0.77, -0.296, 0.562, 192.0, 0.0, 0.0, 0.0, 0.0, 0.0, 0.0, 0.0, 0.0, 0.0, 1.769680282340384E9, 0.0, 2026-01-29 15:21:22.340
63.0, 73494.63683302842, -113190.50797110892, 67320.05683422767, -171839.9655032117, -128562.9425719908, -84857.36964432833, -86369.0851770741, -80863.26937237613, -0.77, -0.296, 0.562, 192.0, 0.0, 0.0, 0.0, 0.0, 0.0, 0.0, 0.0, 0.0, 0.0, 1.769680282340529E9, 0.0, 2026-01-29 15:21:22.340
64.0, 73335.09008110643, -100782.11585070085, 73466.20541408127, -158880.2005505801, -128552.12432767444, -84849.45712679114, -86365.37478749453, -80861.57063979753, -0.77, -0.296, 0.562, 192.0, 0.0, 0.0, 0.0, 0.0, 0.0, 0.0, 0.0, 0.0, 0.0, 1.769680282340633E9, 0.0, 2026-01-29 15:21:22.340
65.0, 73342.77908119907, -103101.46696585024, 73359.60994477391, -162423.44378512428, -128554.02422595314, -84851.20056285865, -86366.35826425055, -80864.47636657672, -0.77, -0.296, 0.562, 192.0, 0.0, 0.0, 0.0, 0.0, 0.0, 0.0, 0.0, 0.0, 0.0, 1.769680282340717E9, 0.0, 2026-01-29 15:21:22.340
66.0, 73488.06542015856, -116006.87247596652, 58063.841827373726, -176394.2451947028, -128563.68017955784, -84859.2248391181, -86369.75572940776, -80869.90784047935, -0.77, -0.296, 0.562, 192.0, 0.0, 0.0, 0.0, 0.0, 0.0, 0.0, 0.0, 0.0, 0.0, 1.76968028234081E9, 0.0, 2026-01-29 15:21:22.340
67.0, 73568.4199414754, -121664.07664586027, 37433.20404686976, -181617.19967331883, -128567.77054879315, -84864.14222289827, -86371.70033117538, -80874.06526494805, -0.766, -0.296, 0.5640000000000001, 192.0, 232.0, 16.0, 246.0, 192.0, 17.0, 160.0, 0.0, 0.0, 0.0, 1.769680282340893E9, 0.0, 2026-01-29 15:21:22.340
68.0, 73477.15776886437, -113039.34312335767, 67704.01510048093, -171651.9202771092, -128562.58494407951, -84862.5328972975, -86372.19206955339, -80876.6357155604, -0.766, -0.296, 0.5640000000000001, 192.0, 0.0, 0.0, 0.0, 0.0, 0.0, 0.0, 0.0, 0.0, 0.0, 1.769680282340982E9, 0.0, 2026-01-29 15:21:22.340
69.0, 73319.01917684307, -100709.13740505427, 73450.42508249583, -158795.21921816102, -128552.77252826364, -84855.6262082608, -86369.59926719658, -80875.85340450447, -0.766, -0.296, 0.5640000000000001, 192.0, 0.0, 0.0, 0.0, 0.0, 0.0, 0.0, 0.0, 0.0, 0.0, 1.769680282341064E9, 0.0, 2026-01-29 15:21:22.341
70.0, 73327.7587089251, -103203.56973452208, 73335.62652297337, -162505.02765238617, -128553.77835676413, -84856.4755745501, -86369.5322119632, -80877.86506150545, -0.766, -0.296, 0.5640000000000001, 192.0, 0.0, 0.0, 0.0, 0.0, 0.0, 0.0, 0.0, 0.0, 0.0, 1.769680282341157E9, 0.0, 2026-01-29 15:21:22.341
71.0, 73471.48042577272, -116142.63697178806, 57955.36881153212, -176490.98354470535, -128561.60146732349, -84863.02463567551, -86370.9403718639, -80881.3966371294, -0.766, -0.296, 0.5640000000000001, 192.0, 0.0, 0.0, 0.0, 0.0, 0.0, 0.0, 0.0, 0.0, 0.0, 1.769680282341257E9, 0.0, 2026-01-29 15:21:22.341
72.0, 73549.04097903264, -121657.34877077924, 38168.196459793624, -181546.5011056067, -128564.26132491366, -84866.51150781054, -86371.61092419755, -80884.16825344185, -0.766, -0.296, 0.5640000000000001, 192.0, 0.0, 0.0, 0.0, 0.0, 0.0, 0.0, 0.0, 0.0, 0.0, 1.769680282341349E9, 0.0, 2026-01-29 15:21:22.341
73.0, 73454.67191394234, -112917.81668875417, 68009.89872335181, -171471.45229237704, -128557.39933936589, -84863.13639439779, -86370.62744744151, -80885.12937845342, -0.766, -0.296, 0.5640000000000001, 192.0, 0.0, 0.0, 0.0, 0.0, 0.0, 0.0, 0.0, 0.0, 0.0, 1.769680282341442E9, 0.0, 2026-01-29 15:21:22.341
74.0, 73299.5508074225, -100681.80122158543, 73431.02376830862, -158718.4633277015, -128549.33035961752, -84858.08490015089, -86369.6886741744, -80886.06815172055, -0.766, -0.296, 0.5640000000000001, 192.0, 0.0, 0.0, 0.0, 0.0, 0.0, 0.0, 0.0, 0.0, 0.0, 1.769680282341533E9, 0.0, 2026-01-29 15:21:22.341
75.0, 73312.76068839559, -103354.4440095954, 73307.66449065978, -162621.94962763187, -128552.75017651918, -84861.30355135245, -86372.0356073422, -80890.27027967815, -0.766, -0.296, 0.5640000000000001, 192.0, 0.0, 0.0, 0.0, 0.0, 0.0, 0.0, 0.0, 0.0, 0.0, 1.769680282400422E9, 0.0, 2026-01-29 15:21:22.400
76.0, 73457.91291688835, -116299.18858995302, 57627.02168548366, -176603.8375024602, -128561.91439174586, -84869.01490318953, -86374.85192714357, -80895.14295996941, -0.766, -0.296, 0.5640000000000001, 192.0, 0.0, 0.0, 0.0, 0.0, 0.0, 0.0, 0.0, 0.0, 0.0, 1.769680282400532E9, 0.0, 2026-01-29 15:21:22.400
77.0, 73536.43459515985, -121671.16214885261, 38517.35305992998, -181488.27481130062, -128567.3458656485, -84875.51926082603, -86378.3387992786, -80900.73089608323, -0.77, -0.29, 0.5640000000000001, 192.0, 231.0, 240.0, 246.0, 240.0, 17.0, 160.0, 0.0, 0.0, 0.0, 1.769680282400615E9, 0.0, 2026-01-29 15:21:22.400
78.0, 73442.42315798083, -112813.61285610353, 68267.34611598804, -171289.44203727748, -128562.56259233506, -84874.40167360326, -86379.3446277791, -80903.83778856252, -0.77, -0.29, 0.5640000000000001, 192.0, 0.0, 0.0, 0.0, 0.0, 0.0, 0.0, 0.0, 0.0, 0.0, 1.769680282400747E9, 0.0, 2026-01-29 15:21:22.400
79.0, 73287.39145843881, -100655.47086661708, 73418.95382630275, -158650.446969324, -128553.91246723087, -84868.6796270227, -86377.84706090059, -80904.17306472934, -0.77, -0.29, 0.5640000000000001, 192.0, 0.0, 0.0, 0.0, 0.0, 0.0, 0.0, 0.0, 0.0, 0.0, 1.769680282400839E9, 0.0, 2026-01-29 15:21:22.400
80.0, 73301.60716791239, -103487.25807514884, 73281.8929293028, -162754.18254782946, -128556.75113877669, -84871.11596716833, -86379.389331268, -80907.68228860883, -0.77, -0.29, 0.5640000000000001, 192.0, 0.0, 0.0, 0.0, 0.0, 0.0, 0.0, 0.0, 0.0, 0.0, 1.76968028240099E9, 0.0, 2026-01-29 15:21:22.400
81.0, 73448.18990805029, -116436.47300439751, 57303.10020483735, -176723.84401844075, -128566.6976650593, -84879.67668529472, -86383.05501735867, -80913.53844565612, -0.77, -0.29, 0.5640000000000001, 192.0, 0.0, 0.0, 0.0, 0.0, 0.0, 0.0, 0.0, 0.0, 0.0, 1.769680282401081E9, 0.0, 2026-01-29 15:21:22.401
82.0, 73521.77185079716, -121664.00959062691, 38776.11920548906, -181442.05140376705, -128568.70932206027, -84882.51535684054, -86383.25618305877, -80915.90773056839, -0.77, -0.29, 0.5640000000000001, 192.0, 0.0, 0.0, 0.0, 0.0, 0.0, 0.0, 0.0, 0.0, 0.0, 1.769680282401163E9, 0.0, 2026-01-29 15:21:22.401
83.0, 73424.89939032786, -112689.71713658776, 68455.81602523518, -171116.73010787132, -128562.38377837943, -84879.67668529472, -86382.87620340302, -80917.47235268026, -0.77, -0.29, 0.5640000000000001, 192.0, 0.0, 0.0, 0.0, 0.0, 0.0, 0.0, 0.0, 0.0, 0.0, 1.769680282401245E9, 0.0, 2026-01-29 15:21:22.401
84.0, 73273.22045245414, -100604.97827589254, 73404.82752380699, -158601.5860559447, -128556.21469690975, -84876.25686839306, -86383.70321794787, -80920.08750678152, -0.77, -0.29, 0.5640000000000001, 192.0, 0.0, 0.0, 0.0, 0.0, 0.0, 0.0, 0.0, 0.0, 0.0, 1.769680282401326E9, 0.0, 2026-01-29 15:21:22.401
85.0, 73288.66550787276, -103575.23454132493, 73254.91437374525, -162865.4048282391, -128558.44987135529, -84878.04500794948, -86384.57493598163, -80922.9038265829, -0.77, -0.29, 0.5640000000000001, 192.0, 0.0, 0.0, 0.0, 0.0, 0.0, 0.0, 0.0, 0.0, 0.0, 1.769680282401426E9, 0.0, 2026-01-29 15:21:22.401
86.0, 73435.67293115532, -116532.54080206643, 57115.50201362396, -176836.07212735084, -128568.9998947382, -84887.1868714317, -86388.75471219477, -80929.22937026374, -0.77, -0.29, 0.5640000000000001, 192.0, 0.0, 0.0, 0.0, 0.0, 0.0, 0.0, 0.0, 0.0, 0.0, 1.769680282401518E9, 0.0, 2026-01-29 15:21:22.401
87.0, 73511.31123439208, -121616.8027063373, 39365.26648584205, -181376.62784774636, -128574.85605178548, -84894.09356046839, -86392.88978491901, -80935.48785871123, -0.768, -0.28400000000000003, 0.558, 192.0, 232.0, 0.0, 247.0, 32.0, 17.0, 112.0, 0.0, 0.0, 0.0, 1.76968028240161E9, 0.0, 2026-01-29 15:21:22.401
88.0, 73411.42128842132, -112515.306474603, 68723.03113019837, -170921.04058516512, -128567.25645867069, -84890.07024646644, -86391.28045931822, -80935.75607964469, -0.768, -0.28400000000000003, 0.558, 192.0, 0.0, 0.0, 0.0, 0.0, 0.0, 0.0, 0.0, 0.0, 0.0, 1.769680282401699E9, 0.0, 2026-01-29 15:21:22.401
89.0, 73258.17772843572, -100510.07276893531, 73389.69539281075, -158506.7029007319, -128559.07572020004, -84884.86229000834, -86390.00640988427, -80936.31487325608, -0.768, -0.28400000000000003, 0.558, 192.0, 0.0, 0.0, 0.0, 0.0, 0.0, 0.0, 0.0, 0.0, 0.0, 1.769680282401788E9, 0.0, 2026-01-29 15:21:22.401
90.0, 73277.15435947829, -103660.64055688865, 73236.11655665834, -162961.07029450778, -128562.92022024635, -84888.4385691212, -86392.42039828544, -80940.74051865823, -0.768, -0.28400000000000003, 0.558, 192.0, 0.0, 0.0, 0.0, 0.0, 0.0, 0.0, 0.0, 0.0, 0.0, 1.769680282460805E9, 0.0, 2026-01-29 15:21:22.460
91.0, 73421.30075947056, -116626.44048052318, 57120.57585961531, -176931.1117447748, -128570.27394417215, -84894.49589186859, -86393.49328201929, -80944.02622509316, -0.768, -0.28400000000000003, 0.558, 192.0, 0.0, 0.0, 0.0, 0.0, 0.0, 0.0, 0.0, 0.0, 0.0, 1.769680282460916E9, 0.0, 2026-01-29 15:21:22.460
92.0, 73492.37930683844, -121541.67849322302, 40404.19791986918, -181290.10424495986, -128573.31378141807, -84898.67566808172, -86394.87909017553, -80947.602504206, -0.768, -0.28400000000000003, 0.558, 192.0, 0.0, 0.0, 0.0, 0.0, 0.0, 0.0, 0.0, 0.0, 0.0, 1.769680282460999E9, 0.0, 2026-01-29 15:21:22.460
93.0, 73394.2775004241, -112316.44300418414, 69086.02346015257, -170717.12562049934, -128569.73750230522, -84898.56390935945, -86397.27072683224, -80951.84933565251, -0.768, -0.28400000000000003, 0.558, 192.0, 0.0, 0.0, 0.0, 0.0, 0.0, 0.0, 0.0, 0.0, 0.0, 1.769680282461129E9, 0.0, 2026-01-29 15:21:22.461
94.0, 73243.55968756195, -100410.42869215354, 73375.03264844808, -158413.60788507556, -128563.00962722416, -84894.63000233531, -86397.51659602125, -80953.81628916458, -0.768, -0.28400000000000003, 0.558, 192.0, 0.0, 0.0, 0.0, 0.0, 0.0, 0.0, 0.0, 0.0, 0.0, 1.769680282461217E9, 0.0, 2026-01-29 15:21:22.461
95.0, 73262.08928371541, -103751.67921205513, 73214.56947500342, -163053.4277025971, -128564.23897316921, -84895.47936862461, -86397.24837508779, -80955.64913220992, -0.768, -0.28400000000000003, 0.558, 192.0, 0.0, 0.0, 0.0, 0.0, 0.0, 0.0, 0.0, 0.0, 0.0, 1.769680282461305E9, 0.0, 2026-01-29 15:21:22.461
96.0, 73408.11323024193, -116731.0019410851, 57167.22395029354, -177009.40990560173, -128573.15731920688, -84903.23542395061, -86399.81882570015, -80960.36535028998, -0.768, -0.28400000000000003, 0.558, 192.0, 0.0, 0.0, 0.0, 0.0, 0.0, 0.0, 0.0, 0.0, 0.0, 1.769680282461398E9, 0.0, 2026-01-29 15:21:22.461
97.0, 73477.62715549793, -121499.23253050238, 41264.918895354145, -181213.79538938944, -128576.46537738627, -84907.70577284167, -86401.60696525658, -80964.32160905858, -0.768, -0.28600000000000003, 0.562, 192.0, 232.0, 0.0, 247.0, 16.0, 17.0, 144.0, 0.0, 0.0, 0.0, 1.769680282461489E9, 0.0, 2026-01-29 15:21:22.461
98.0, 73376.48551183767, -112151.55418533733, 69365.24145188826, -170502.41476326165, -128571.01155173917, -84905.71646758515, -86402.09870363459, -80966.78030094867, -0.768, -0.28600000000000003, 0.562, 192.0, 0.0, 0.0, 0.0, 0.0, 0.0, 0.0, 0.0, 0.0, 0.0, 1.769680282461578E9, 0.0, 2026-01-29 15:21:22.461
99.0, 73224.02426290802, -100344.04401112128, 73355.63133426086, -158319.95407580782, -128561.71322604576, -84899.23446169311, -86399.70706697788, -80966.22150733728, -0.768, -0.28600000000000003, 0.562, 192.0, 0.0, 0.0, 0.0, 0.0, 0.0, 0.0, 0.0, 0.0, 0.0, 1.76968028246166E9, 0.0, 2026-01-29 15:21:22.461
100.0, 73244.1855364067, -103861.67214651969, 73188.79791364646, -163145.9192211532, -128562.47318535724, -84899.61444134885, -86398.85770068858, -80967.3614463045, -0.768, -0.28600000000000003, 0.562, 192.0, 0.0, 0.0, 0.0, 0.0, 0.0, 0.0, 0.0, 0.0, 0.0, 1.769680282461752E9, 0.0, 2026-01-29 15:21:22.461
101.0, 73392.98109924569, -116844.43704419579, 57258.32966069337, -177098.0569241115, -128573.87257502945, -84909.82918856492, -86403.97625016884, -80974.49165278574, -0.768, -0.28600000000000003, 0.562, 192.0, 0.0, 0.0, 0.0, 0.0, 0.0, 0.0, 0.0, 0.0, 0.0, 1.769680282461842E9, 0.0, 2026-01-29 15:21:22.461
102.0, 73462.1373965904, -121461.30162016173, 42251.50254386694, -181135.1619523957, -128578.38762740942, -84915.59593863439, -86406.9937356703, -80979.610202266, -0.768, -0.28600000000000003, 0.562, 192.0, 0.0, 0.0, 0.0, 0.0, 0.0, 0.0, 0.0, 0.0, 0.0, 1.769680282461933E9, 0.0, 2026-01-29 15:21:22.461
103.0, 73357.8665087064, -111994.35436658317, 69641.84428952269, -170317.38702266064, -128571.23506918372, -84911.95260428818, -86405.9432036809, -80980.59367902204, -0.768, -0.28600000000000003, 0.562, 192.0, 0.0, 0.0, 0.0, 0.0, 0.0, 0.0, 0.0, 0.0, 0.0, 1.769680282462017E9, 0.0, 2026-01-29 15:21:22.462
104.0, 73207.70748945564, -100276.27352193279, 73339.24750557513, -158248.9425836733, -128563.30019990209, -84906.69994434118, -86404.82561645814, -80981.30893484461, -0.768, -0.28600000000000003, 0.562, 192.0, 0.0, 0.0, 0.0, 0.0, 0.0, 0.0, 0.0, 0.0, 0.0, 1.76968028246215E9, 0.0, 2026-01-29 15:21:22.462
105.0, 73230.99800717807, -103957.65053721078, 73169.28484073697, -163237.04728329746, -128565.13304294743, -84908.0410490085, -86404.98207866933, -80983.3205918456, -0.768, -0.28600000000000003, 0.562, 192.0, 0.0, 0.0, 0.0, 0.0, 0.0, 0.0, 0.0, 0.0, 0.0, 1.769680282520985E9, 0.0, 2026-01-29 15:21:22.520
106.0, 73375.94906997074, -116936.19095518482, 57349.34596411538, -177173.60582037043, -128572.46441512876, -84914.29953745598, -86406.03261065873, -80986.60629828052, -0.768, -0.28600000000000003, 0.562, 192.0, 0.0, 0.0, 0.0, 0.0, 0.0, 0.0, 0.0, 0.0, 0.0, 1.769680282521092E9, 0.0, 2026-01-29 15:21:22.521
107.0, 73443.89837311488, -121400.41546826548, 43317.94897531855, -181039.4294308936, -128577.53826112012, -84920.58037764793, -86409.6982967494, -80992.37304834998, -0.768, -0.29, 0.5640000000000001, 192.0, 232.0, 0.0, 246.0, 240.0, 17.0, 160.0, 0.0, 0.0, 0.0, 1.769680282521171E9, 0.0, 2026-01-29 15:21:22.521
108.0, 73341.50503176512, -111826.38100700153, 69948.3090577494, -170114.4555347509, -128573.80551979608, -84920.33450845892, -86412.26874736176, -80996.86574898551, -0.768, -0.29, 0.5640000000000001, 192.0, 0.0, 0.0, 0.0, 0.0, 0.0, 0.0, 0.0, 0.0, 0.0, 1.769680282521306E9, 0.0, 2026-01-29 15:21:22.521
109.0, 73191.10014332536, -100191.0463203247, 73322.57310421146, -158146.05750394554, -128565.2448016697, -84914.43364792272, -86410.43590431641, -80996.77634200768, -0.768, -0.29, 0.5640000000000001, 192.0, 0.0, 0.0, 0.0, 0.0, 0.0, 0.0, 0.0, 0.0, 0.0, 1.769680282521699E9, 0.0, 2026-01-29 15:21:22.521
110.0, 73216.55878025995, -104038.47444516116, 73147.82716605987, -163314.16080166827, -128567.9940662377, -84916.71352585717, -86411.35232583909, -80999.63736529797, -0.768, -0.29, 0.5640000000000001, 192.0, 0.0, 0.0, 0.0, 0.0, 0.0, 0.0, 0.0, 0.0, 0.0, 1.7696802825218E9, 0.0, 2026-01-29 15:21:22.521
111.0, 73366.7177995107, -117033.66691275442, 57466.46910506119, -177243.23150434872, -128580.46633964377, -84927.95645331818, -86417.45435207538, -81007.99691772425, -0.768, -0.29, 0.5640000000000001, 192.0, 0.0, 0.0, 0.0, 0.0, 0.0, 0.0, 0.0, 0.0, 0.0, 1.769680282521897E9, 0.0, 2026-01-29 15:21:22.521
112.0, 73432.52133518712, -121355.35435144357, 44329.29835668783, -180953.95636009652, -128585.49548214622, -84934.21494176566, -86421.14238991051, -81013.76366779371, -0.768, -0.29, 0.5640000000000001, 192.0, 0.0, 0.0, 0.0, 0.0, 0.0, 0.0, 0.0, 0.0, 0.0, 1.769680282521979E9, 0.0, 2026-01-29 15:21:22.521
113.0, 73324.2047815567, -111655.68073459635, 70216.6193981909, -169892.45800882077, -128577.96294426477, -84930.16927601925, -86419.8012852432, -81014.3224614051, -0.768, -0.29, 0.5640000000000001, 192.0, 0.0, 0.0, 0.0, 0.0, 0.0, 0.0, 0.0, 0.0, 0.0, 1.769680282522061E9, 0.0, 2026-01-29 15:21:22.522
114.0, 73174.5151489395, -100118.35844735605, 73305.92105459227, -158052.8507295669, -128569.33517090502, -84924.11195327187, -86417.92373870895, -81014.23305442728, -0.768, -0.29, 0.5640000000000001, 192.0, 0.0, 0.0, 0.0, 0.0, 0.0, 0.0, 0.0, 0.0, 0.0, 1.769680282522142E9, 0.0, 2026-01-29 15:21:22.522
115.0, 73201.35959403033, -104143.95232724576, 73123.30730239241, -163402.85252366692, -128571.72680756175, -84925.87774108384, -86418.30371836468, -81016.64704282845, -0.768, -0.29, 0.5640000000000001, 192.0, 0.0, 0.0, 0.0, 0.0, 0.0, 0.0, 0.0, 0.0, 0.0, 1.769680282522234E9, 0.0, 2026-01-29 15:21:22.522
116.0, 73347.89763067933, -117155.5062717803, 57487.010358215615, -177326.8046768671, -128580.53339487713, -84933.61144466537, -86420.82946548813, -81021.4303161419, -0.768, -0.29, 0.5640000000000001, 192.0, 0.0, 0.0, 0.0, 0.0, 0.0, 0.0, 0.0, 0.0, 0.0, 1.769680282522327E9, 0.0, 2026-01-29 15:21:22.522
117.0, 73411.04130876558, -121322.67610104992, 45119.924261560955, -180858.60381825018, -128585.00374376819, -84939.33349124592, -86424.00341320079, -81026.77238306671, -0.774, -0.292, 0.556, 192.0, 231.0, 208.0, 246.0, 224.0, 17.0, 96.0, 0.0, 0.0, 0.0, 1.769680282522433E9, 0.0, 2026-01-29 15:21:22.522
118.0, 73304.51289469158, -111492.96003496171, 70419.66264482292, -169677.72479983864, -128580.77926406614, -84938.61823542336, -86426.28329113523, -81030.90745579093, -0.774, -0.292, 0.556, 192.0, 0.0, 0.0, 0.0, 0.0, 0.0, 0.0, 0.0, 0.0, 0.0, 1.769680282522526E9, 0.0, 2026-01-29 15:21:22.522
119.0, 73156.54434639745, -100055.43828671436, 73287.9949555391, -157977.61475773033, -128573.13496746242, -84933.52203768755, -86425.34451786811, -81031.64506335797, -0.774, -0.292, 0.556, 192.0, 0.0, 0.0, 0.0, 0.0, 0.0, 0.0, 0.0, 0.0, 0.0, 1.769680282522619E9, 0.0, 2026-01-29 15:21:22.522
120.0, 73186.04864907845, -104260.91900598038, 73091.14314212122, -163522.6355222029, -128575.92893551933, -84935.73486038862, -86426.05977369068, -81034.50608664824, -0.774, -0.292, 0.556, 192.0, 0.0, 0.0, 0.0, 0.0, 0.0, 0.0, 0.0, 0.0, 0.0, 1.769680282581446E9, 0.0, 2026-01-29 15:21:22.581
121.0, 73334.24071481713, -117286.10751463265, 57279.85439060383, -177442.27378872322, -128585.94251703532, -84944.65320642629, -86429.7478115258, -81040.40694718444, -0.774, -0.292, 0.556, 192.0, 0.0, 0.0, 0.0, 0.0, 0.0, 0.0, 0.0, 0.0, 0.0, 1.769680282581559E9, 0.0, 2026-01-29 15:21:22.581
122.0, 73393.65165157935, -121309.15329565445, 45638.305918968435, -180800.55633789973, -128588.04358101412, -84948.0506715835, -86430.70893653738, -81043.44678443036, -0.774, -0.292, 0.556, 192.0, 0.0, 0.0, 0.0, 0.0, 0.0, 0.0, 0.0, 0.0, 0.0, 1.769680282581644E9, 0.0, 2026-01-29 15:21:22.581
123.0, 73280.70828684668, -111369.39959161278, 70585.82551310367, -169515.6075973043, -128579.32640067654, -84942.7980116365, -86428.42905860294, -81042.99974954125, -0.774, -0.292, 0.556, 192.0, 0.0, 0.0, 0.0, 0.0, 0.0, 0.0, 0.0, 0.0, 0.0, 1.769680282581778E9, 0.0, 2026-01-29 15:21:22.581
124.0, 73132.20329668562, -100023.363533421, 73263.7433128051, -157928.23975422856, -128570.38570289442, -84936.42776446675, -86425.97036671286, -81042.28449371869, -0.774, -0.292, 0.556, 192.0, 0.0, 0.0, 0.0, 0.0, 0.0, 0.0, 0.0, 0.0, 0.0, 1.769680282581867E9, 0.0, 2026-01-29 15:21:22.581
125.0, 73162.44520693364, -104392.05669069967, 73048.65247591167, -163649.57107896463, -128572.1514907064, -84937.61240692287, -86425.61273880157, -81043.87146757501, -0.774, -0.292, 0.556, 192.0, 0.0, 0.0, 0.0, 0.0, 0.0, 0.0, 0.0, 0.0, 0.0, 1.769680282581954E9, 0.0, 2026-01-29 15:21:22.581
126.0, 73314.92880760775, -117406.15873410211, 56977.591750334715, -177543.52719110576, -128586.45660715779, -84950.75523266259, -86433.56995982767, -81054.04151130217, -0.774, -0.292, 0.556, 192.0, 0.0, 0.0, 0.0, 0.0, 0.0, 0.0, 0.0, 0.0, 0.0, 1.76968028258204E9, 0.0, 2026-01-29 15:21:22.582
127.0, 73374.65266879233, -121281.34772555206, 45885.002122521655, -180740.3630900816, -128590.41286592638, -84956.11965133187, -86436.38627962903, -81059.13770903798, -0.776, -0.294, 0.556, 192.0, 231.0, 192.0, 246.0, 208.0, 17.0, 96.0, 0.0, 0.0, 0.0, 1.769680282582118E9, 0.0, 2026-01-29 15:21:22.582
128.0, 73259.71999880315, -111218.68177875064, 70696.22077896843, -169333.84321139375, -128580.73456057723, -84949.83881113993, -86433.21233191638, -81057.79660437067, -0.776, -0.294, 0.556, 192.0, 0.0, 0.0, 0.0, 0.0, 0.0, 0.0, 0.0, 0.0, 0.0, 1.769680282582203E9, 0.0, 2026-01-29 15:21:22.582
129.0, 73111.79615399792, -99970.72517522874, 73243.40322535078, -157882.262215884, -128571.1456622059, -84942.7533081476, -86430.21719815937, -81056.41079621445, -0.776, -0.294, 0.556, 192.0, 0.0, 0.0, 0.0, 0.0, 0.0, 0.0, 0.0, 0.0, 0.0, 1.76968028258228E9, 0.0, 2026-01-29 15:21:22.582
130.0, 73145.72610208108, -104510.02919793478, 73017.09181274078, -163773.80207464722, -128574.43136864083, -84945.52492446006, -86431.26773014877, -81059.51768869373, -0.776, -0.294, 0.556, 192.0, 0.0, 0.0, 0.0, 0.0, 0.0, 0.0, 0.0, 0.0, 0.0, 1.769680282582375E9, 0.0, 2026-01-29 15:21:22.582
131.0, 73295.97452830966, -117523.39363377019, 56901.30524650875, -177644.75824174384, -128586.00957226868, -84955.91848563177, -86436.4533348624, -81067.07257831962, -0.776, -0.294, 0.556, 192.0, 0.0, 0.0, 0.0, 0.0, 0.0, 0.0, 0.0, 0.0, 0.0, 1.769680282582475E9, 0.0, 2026-01-29 15:21:22.582
132.0, 73353.2173458597, -121229.51403016021, 46501.08325494328, -180663.71895834434, -128589.20587172579, -84960.52294498956, -86438.68850930793, -81071.45352023287, -0.776, -0.294, 0.556, 192.0, 0.0, 0.0, 0.0, 0.0, 0.0, 0.0, 0.0, 0.0, 0.0, 1.769680282582562E9, 0.0, 2026-01-29 15:21:22.582
133.0, 73236.25066712507, -111038.54907018533, 70840.83656559426, -169136.11967994212, -128579.50521463218, -84954.44327049772, -86435.55926508419, -81070.04536033218, -0.776, -0.294, 0.556, 192.0, 0.0, 0.0, 0.0, 0.0, 0.0, 0.0, 0.0, 0.0, 0.0, 1.769680282582639E9, 0.0, 2026-01-29 15:21:22.582
134.0, 73091.43371479913, -99900.38423542789, 73223.04078615198, -157814.13409878424, -128571.92797326185, -84949.39177625082, -86434.5534365837, -81070.69356092138, -0.776, -0.294, 0.556, 192.0, 0.0, 0.0, 0.0, 0.0, 0.0, 0.0, 0.0, 0.0, 0.0, 1.769680282582725E9, 0.0, 2026-01-29 15:21:22.582
135.0, 73128.71642455058, -104608.51098400485, 72982.53601581288, -163875.8377880857, -128576.26421168617, -84953.19157280822, -86436.63214881804, -81074.89568887898, -0.776, -0.294, 0.556, 192.0, 0.0, 0.0, 0.0, 0.0, 0.0, 0.0, 0.0, 0.0, 0.0, 1.769680282641652E9, 0.0, 2026-01-29 15:21:22.641
136.0, 73276.12617923334, -117618.43325119416, 56836.95457422192, -177731.01362359687, -128584.51200539018, -84960.34413103393, -86438.53204709674, -81078.96370636985, -0.776, -0.294, 0.556, 192.0, 0.0, 0.0, 0.0, 0.0, 0.0, 0.0, 0.0, 0.0, 0.0, 1.769680282641763E9, 0.0, 2026-01-29 15:21:22.641
137.0, 73333.59251422793, -121172.11475039898, 47266.58579904864, -180580.54811722616, -128588.93765079233, -84966.24499157011, -86442.01891923176, -81084.52929073921, -0.766, -0.298, 0.562, 192.0, 232.0, 16.0, 246.0, 176.0, 17.0, 144.0, 0.0, 0.0, 0.0, 1.769680282641854E9, 0.0, 2026-01-29 15:21:22.641
138.0, 73217.51990527152, -110873.9731757609, 71020.67870148167, -168945.3698927605, -128581.33805767752, -84962.24402931261, -86441.05779422019, -81085.40100877297, -0.766, -0.298, 0.562, 192.0, 0.0, 0.0, 0.0, 0.0, 0.0, 0.0, 0.0, 0.0, 0.0, 1.769680282641992E9, 0.0, 2026-01-29 15:21:22.641
139.0, 73073.68642970163, -99829.81977818249, 73205.11468709883, -157730.47151928802, -128573.42554014035, -84956.96901762117, -86439.73904129733, -81085.80334017317, -0.766, -0.298, 0.562, 192.0, 0.0, 0.0, 0.0, 0.0, 0.0, 0.0, 0.0, 0.0, 0.0, 1.769680282642087E9, 0.0, 2026-01-29 15:21:22.642
140.0, 73110.63386328625, -104698.07442403727, 72954.99866664394, -163959.47801583743, -128575.57130760806, -84958.44423275522, -86439.49317210831, -81087.54677624069, -0.766, -0.298, 0.562, 192.0, 0.0, 0.0, 0.0, 0.0, 0.0, 0.0, 0.0, 0.0, 0.0, 1.769680282642178E9, 0.0, 2026-01-29 15:21:22.642
141.0, 73262.15633894877, -117712.534095351, 56876.561865396725, -177800.90752850863, -128587.77536008065, -84969.57540149396, -86445.3046256667, -81095.66045947796, -0.766, -0.298, 0.562, 192.0, 0.0, 0.0, 0.0, 0.0, 0.0, 0.0, 0.0, 0.0, 0.0, 1.769680282642268E9, 0.0, 2026-01-29 15:21:22.642
142.0, 73319.17563905426, -121119.05170906207, 48047.06401193905, -180496.72907551876, -128593.74327585023, -84977.04088414203, -86450.46787863587, -81102.88007293703, -0.766, -0.298, 0.562, 192.0, 0.0, 0.0, 0.0, 0.0, 0.0, 0.0, 0.0, 0.0, 0.0, 1.76968028264235E9, 0.0, 2026-01-29 15:21:22.642
143.0, 73201.04666960797, -110698.28846434219, 71195.84932277791, -168741.96901821723, -128585.83075831304, -84972.43642478425, -86449.17147745746, -81103.32710782613, -0.766, -0.298, 0.562, 192.0, 0.0, 0.0, 0.0, 0.0, 0.0, 0.0, 0.0, 0.0, 0.0, 1.769680282642446E9, 0.0, 2026-01-29 15:21:22.642
144.0, 73056.47558647103, -99761.71401282717, 73187.99325084606, -157657.89540504164, -128576.21950819726, -84965.17210783626, -86445.86341927809, -81101.65072699198, -0.766, -0.298, 0.562, 192.0, 0.0, 0.0, 0.0, 0.0, 0.0, 0.0, 0.0, 0.0, 0.0, 1.769680282642527E9, 0.0, 2026-01-29 15:21:22.642
145.0, 73096.82048521287, -104819.15382375168, 72928.95888435352, -164078.99279343997, -128579.32640067654, -84967.809613682, -86446.6010268451, -81104.37763981553, -0.766, -0.298, 0.562, 192.0, 0.0, 0.0, 0.0, 0.0, 0.0, 0.0, 0.0, 0.0, 0.0, 1.769680282642621E9, 0.0, 2026-01-29 15:21:22.642
146.0, 73246.80069050798, -117822.6611402823, 56904.23332503239, -177893.3766953202, -128589.40703742589, -84976.83971844193, -86450.3114164247, -81110.50201779629, -0.766, -0.298, 0.562, 192.0, 0.0, 0.0, 0.0, 0.0, 0.0, 0.0, 0.0, 0.0, 0.0, 1.769680282642713E9, 0.0, 2026-01-29 15:21:22.642
147.0, 73300.93661557873, -121067.50858634814, 48751.36747972578, -180418.34150771398, -128593.87738631695, -84982.76293072259, -86454.11121298208, -81116.40287833249, -0.764, -0.296, 0.562, 192.0, 232.0, 32.0, 246.0, 192.0, 17.0, 144.0, 0.0, 0.0, 0.0, 1.769680282642806E9, 0.0, 2026-01-29 15:21:22.642
148.0, 73183.09821881035, -110531.45504372776, 71332.97727501122, -168544.75957688806, -128587.48478740273, -84979.85720394341, -86454.40178566001, -81118.48159056684, -0.764, -0.296, 0.562, 192.0, 0.0, 0.0, 0.0, 0.0, 0.0, 0.0, 0.0, 0.0, 0.0, 1.769680282642896E9, 0.0, 2026-01-29 15:21:22.642
149.0, 73040.67290314114, -99723.13490189731, 73172.23527100508, -157606.62050326116, -128579.14758672091, -84973.93399166275, -86452.23366644785, -81117.96750044436, -0.764, -0.296, 0.562, 192.0, 0.0, 0.0, 0.0, 0.0, 0.0, 0.0, 0.0, 0.0, 0.0, 1.769680282642987E9, 0.0, 2026-01-29 15:21:22.642
150.0, 73085.3540403073, -104954.62774689529, 72891.13973273513, -164199.84867570983, -128584.69081934582, -84978.85137544292, -86455.29585543822, -81123.01899469126, -0.764, -0.296, 0.562, 192.0, 0.0, 0.0, 0.0, 0.0, 0.0, 0.0, 0.0, 0.0, 0.0, 1.769680282701969E9, 0.0, 2026-01-29 15:21:22.701
151.0, 73237.36825434784, -117963.05244720608, 56654.76550516672, -178006.34241179735, -128596.76076135169, -84989.80373022602, -86461.04025376323, -81131.02091920626, -0.764, -0.296, 0.562, 192.0, 0.0, 0.0, 0.0, 0.0, 0.0, 0.0, 0.0, 0.0, 0.0, 1.769680282702078E9, 0.0, 2026-01-29 15:21:22.702
152.0, 73287.07853401644, -121040.53003079059, 49174.62011273147, -180342.30087307704, -128598.5041974192, -84992.9553261942, -86462.02373051927, -81134.08310819663, -0.764, -0.296, 0.562, 192.0, 0.0, 0.0, 0.0, 0.0, 0.0, 0.0, 0.0, 0.0, 0.0, 1.769680282702163E9, 0.0, 2026-01-29 15:21:22.702
153.0, 73165.39563720174, -110377.2503587306, 71440.42211060788, -168345.9408099581, -128589.83172057054, -84987.79207322503, -86460.16853572948, -81133.97134947436, -0.764, -0.296, 0.562, 192.0, 0.0, 0.0, 0.0, 0.0, 0.0, 0.0, 0.0, 0.0, 0.0, 1.769680282702288E9, 0.0, 2026-01-29 15:21:22.702
154.0, 73024.24437096648, -99672.59760768386, 73155.7173318526, -157540.2358222289, -128580.91337453287, -84981.33241907746, -86457.48632639484, -81132.92081748496, -0.764, -0.296, 0.562, 192.0, 0.0, 0.0, 0.0, 0.0, 0.0, 0.0, 0.0, 0.0, 0.0, 1.769680282702384E9, 0.0, 2026-01-29 15:21:22.702
155.0, 73072.07710410084, -105075.81890533197, 72855.46634858446, -164325.01844465954, -128587.30597344709, -84987.16622438029, -86461.37552993007, -81138.70991929888, -0.764, -0.296, 0.562, 192.0, 0.0, 0.0, 0.0, 0.0, 0.0, 0.0, 0.0, 0.0, 0.0, 1.769680282702485E9, 0.0, 2026-01-29 15:21:22.702
156.0, 73221.40910880675, -118066.94335543436, 56453.44334285776, -178090.49672967158, -128596.49254041823, -84995.36931459539, -86464.16949798698, -81143.69435831242, -0.764, -0.296, 0.562, 192.0, 0.0, 0.0, 0.0, 0.0, 0.0, 0.0, 0.0, 0.0, 0.0, 1.769680282702578E9, 0.0, 2026-01-29 15:21:22.702
157.0, 73270.09120823041, -120995.22304477968, 49619.33042041426, -180253.050357467, -128598.92888056385, -84999.39262859734, -86466.04704452123, -81147.69532056991, -0.762, -0.298, 0.56, 192.0, 232.0, 48.0, 246.0, 176.0, 17.0, 128.0, 0.0, 0.0, 0.0, 1.76968028270266E9, 0.0, 2026-01-29 15:21:22.702
158.0, 73147.33542768186, -110241.64232512025, 71544.89416419198, -168170.59137470621, -128590.39051418193, -84994.31878260599, -86464.32596019817, -81147.69532056991, -0.762, -0.298, 0.56, 192.0, 0.0, 0.0, 0.0, 0.0, 0.0, 0.0, 0.0, 0.0, 0.0, 1.769680282702749E9, 0.0, 2026-01-29 15:21:22.702
159.0, 73004.50778061245, -99652.70455511863, 73135.9136862652, -157520.8345080417, -128578.74525532071, -84985.06516040149, -86458.87213455107, -81143.89552401252, -0.762, -0.298, 0.56, 192.0, 0.0, 0.0, 0.0, 0.0, 0.0, 0.0, 0.0, 0.0, 0.0, 1.769680282702831E9, 0.0, 2026-01-29 15:21:22.702
160.0, 73052.00523757997, -105201.52511614861, 72817.26721731033, -164460.13473989186, -128583.32736293404, -84989.08847440344, -86460.81673631868, -81147.89648627001, -0.762, -0.298, 0.56, 192.0, 0.0, 0.0, 0.0, 0.0, 0.0, 0.0, 0.0, 0.0, 0.0, 1.769680282702926E9, 0.0, 2026-01-29 15:21:22.702
161.0, 73204.93587314319, -118170.78956017371, 56385.382280991354, -178176.0145039576, -128596.04550552911, -85000.9125472203, -86467.23168697735, -81156.54661137421, -0.762, -0.298, 0.56, 192.0, 0.0, 0.0, 0.0, 0.0, 0.0, 0.0, 0.0, 0.0, 0.0, 1.769680282703018E9, 0.0, 2026-01-29 15:21:22.703
162.0, 73253.21564116665, -120947.32325641195, 50119.830682257496, -180166.0797197914, -128599.84530208651, -85006.32166937849, -86470.53974515674, -81162.06749225468, -0.762, -0.298, 0.56, 192.0, 0.0, 0.0, 0.0, 0.0, 0.0, 0.0, 0.0, 0.0, 0.0, 1.76968028270311E9, 0.0, 2026-01-29 15:21:22.703
163.0, 73129.96812224008, -110088.66698606813, 71632.06596756769, -167978.92516600195, -128592.06689501608, -85002.23130014316, -86469.7574341008, -81162.98391377735, -0.762, -0.298, 0.56, 192.0, 0.0, 0.0, 0.0, 0.0, 0.0, 0.0, 0.0, 0.0, 0.0, 1.769680282703192E9, 0.0, 2026-01-29 15:21:22.703
164.0, 72991.99080371748, -99632.20800545311, 73123.5084680925, -157499.91327523152, -128584.10967398998, -84996.59866054043, -86467.72342535538, -81162.5592306327, -0.762, -0.298, 0.56, 192.0, 0.0, 0.0, 0.0, 0.0, 0.0, 0.0, 0.0, 0.0, 0.0, 1.769680282703284E9, 0.0, 2026-01-29 15:21:22.703
165.0, 73041.23169675251, -105328.97476303278, 72785.32657448371, -164589.32782284354, -128588.62472636995, -85000.55491930901, -86469.42215793398, -81166.26962021228, -0.762, -0.298, 0.56, 192.0, 0.0, 0.0, 0.0, 0.0, 0.0, 0.0, 0.0, 0.0, 0.0, 1.769680282762382E9, 0.0, 2026-01-29 15:21:22.762
166.0, 73188.99907934655, -118248.77479657828, 56362.24822548011, -178248.50121122613, -128596.8501683295, -85007.95334672372, -86471.4561666794, -81170.51645165878, -0.762, -0.298, 0.56, 192.0, 0.0, 0.0, 0.0, 0.0, 0.0, 0.0, 0.0, 0.0, 0.0, 1.769680282762515E9, 0.0, 2026-01-29 15:21:22.762
167.0, 73234.06019616844, -120863.23599377109, 50805.47044342404, -180054.61157019276, -128599.46532243078, -85012.11077119241, -86473.66898938049, -81174.83033833867, -0.764, -0.28600000000000003, 0.5640000000000001, 192.0, 232.0, 32.0, 247.0, 16.0, 17.0, 160.0, 0.0, 0.0, 0.0, 1.769680282762604E9, 0.0, 2026-01-29 15:21:22.762
168.0, 73108.51044756299, -109909.27188506984, 71740.36016945365, -167783.16858806237, -128590.85990081549, -85006.9698699677, -86471.97025680188, -81174.83033833867, -0.764, -0.28600000000000003, 0.5640000000000001, 192.0, 0.0, 0.0, 0.0, 0.0, 0.0, 0.0, 0.0, 0.0, 0.0, 1.76968028276275E9, 0.0, 2026-01-29 15:21:22.762
169.0, 72972.61184127473, -99561.82236216335, 73104.08480216084, -157436.34491400063, -128583.81910131207, -85002.32070712099, -86471.0091317903, -81175.52324241678, -0.764, -0.28600000000000003, 0.5640000000000001, 192.0, 0.0, 0.0, 0.0, 0.0, 0.0, 0.0, 0.0, 0.0, 0.0, 1.769680282762851E9, 0.0, 2026-01-29 15:21:22.762
170.0, 73027.15009774567, -105417.30885712015, 72753.922373524, -164681.34995476605, -128591.9998397827, -85009.9203002358, -86476.37355045958, -81182.87696634256, -0.764, -0.28600000000000003, 0.5640000000000001, 192.0, 0.0, 0.0, 0.0, 0.0, 0.0, 0.0, 0.0, 0.0, 0.0, 1.769680282762948E9, 0.0, 2026-01-29 15:21:22.762
171.0, 73174.6716111507, -118339.70169302246, 56290.588532756396, -178313.5447875911, -128599.89000557543, -85016.78228578357, -86477.98287606036, -81186.7661698778, -0.764, -0.28600000000000003, 0.5640000000000001, 192.0, 0.0, 0.0, 0.0, 0.0, 0.0, 0.0, 0.0, 0.0, 0.0, 1.769680282763046E9, 0.0, 2026-01-29 15:21:22.763
172.0, 73215.57530350391, -120812.89986525773, 51344.03572607467, -179960.64483650267, -128599.68883987534, -85018.34690789544, -86477.5581929157, -81188.4649024564, -0.764, -0.28600000000000003, 0.5640000000000001, 192.0, 0.0, 0.0, 0.0, 0.0, 0.0, 0.0, 0.0, 0.0, 0.0, 1.769680282763134E9, 0.0, 2026-01-29 15:21:22.763
173.0, 73092.35013632181, -109753.36846749407, 71841.2559439249, -167594.6539753263, -128595.19613923981, -85017.29637590604, -86479.99453306134, -81192.59997518062, -0.764, -0.28600000000000003, 0.5640000000000001, 192.0, 0.0, 0.0, 0.0, 0.0, 0.0, 0.0, 0.0, 0.0, 0.0, 1.769680282763221E9, 0.0, 2026-01-29 15:21:22.763
174.0, 72958.41848354561, -99514.90605055167, 73089.98085140953, -157375.52581733774, -128589.18351998134, -85013.54128283756, -86479.77101561679, -81194.07519031467, -0.764, -0.28600000000000003, 0.5640000000000001, 192.0, 0.0, 0.0, 0.0, 0.0, 0.0, 0.0, 0.0, 0.0, 0.0, 1.769680282763308E9, 0.0, 2026-01-29 15:21:22.763
175.0, 73012.71087082755, -105519.03164613625, 72730.58715231266, -164774.31085995567, -128595.24084272873, -85018.97275674019, -86483.0120185628, -81199.2160915394, -0.764, -0.28600000000000003, 0.5640000000000001, 192.0, 0.0, 0.0, 0.0, 0.0, 0.0, 0.0, 0.0, 0.0, 0.0, 1.769680282763417E9, 0.0, 2026-01-29 15:21:22.763
176.0, 73161.17115749969, -118418.46924048297, 56483.70760485025, -178349.70991011977, -128603.91331957739, -85026.84057078845, -86485.5154139418, -81203.97701310838, -0.764, -0.28600000000000003, 0.5640000000000001, 192.0, 0.0, 0.0, 0.0, 0.0, 0.0, 0.0, 0.0, 0.0, 0.0, 1.769680282763517E9, 0.0, 2026-01-29 15:21:22.763
177.0, 73200.35376552984, -120751.32080928337, 52125.58682269893, -179848.39437584812, -128603.82391259956, -85028.44989638924, -86485.18013777497, -81205.76515266481, -0.766, -0.294, 0.558, 192.0, 232.0, 16.0, 246.0, 208.0, 17.0, 112.0, 0.0, 0.0, 0.0, 1.769680282763623E9, 0.0, 2026-01-29 15:21:22.763
178.0, 73073.01587736796, -109595.54279989515, 71939.04482591688, -167388.749705404, -128596.17961599585, -85024.13600970937, -86484.53193718576, -81206.72627767638, -0.766, -0.294, 0.558, 192.0, 0.0, 0.0, 0.0, 0.0, 0.0, 0.0, 0.0, 0.0, 0.0, 1.769680282763714E9, 0.0, 2026-01-29 15:21:22.763
179.0, 72939.9112391366, -99477.17630591111, 73071.42890351164, -157337.59490699708, -128589.78701708163, -85019.79977128503, -86483.88373659656, -81207.79916141024, -0.766, -0.294, 0.558, 192.0, 0.0, 0.0, 0.0, 0.0, 0.0, 0.0, 0.0, 0.0, 0.0, 1.769680282763805E9, 0.0, 2026-01-29 15:21:22.763
180.0, 72995.25415840794, -105625.82828114371, 72699.58528275315, -164891.70222183494, -128595.26319447318, -85024.73950680965, -86486.47653895337, -81212.40362076803, -0.766, -0.294, 0.558, 192.0, 0.0, 0.0, 0.0, 0.0, 0.0, 0.0, 0.0, 0.0, 0.0, 1.769680282822583E9, 0.0, 2026-01-29 15:21:22.822
181.0, 73144.42970090266, -118500.94717752305, 56616.00758028121, -178434.5571320721, -128605.03090680015, -85033.61314935841, -86490.05281806622, -81218.1703708375, -0.766, -0.294, 0.558, 192.0, 0.0, 0.0, 0.0, 0.0, 0.0, 0.0, 0.0, 0.0, 0.0, 1.769680282822697E9, 0.0, 2026-01-29 15:21:22.822
182.0, 73183.76877114401, -120678.81175027034, 52926.561585254865, -179755.74639508087, -128606.84139810102, -85037.14472498235, -86491.81860587819, -81221.99251913936, -0.766, -0.294, 0.558, 192.0, 0.0, 0.0, 0.0, 0.0, 0.0, 0.0, 0.0, 0.0, 0.0, 1.769680282822782E9, 0.0, 2026-01-29 15:21:22.822
183.0, 73055.53681320391, -109436.1301584399, 72043.53923124544, -167206.71709856, -128599.77824685315, -85033.50139063614, -86491.77390238928, -81223.69125171796, -0.766, -0.294, 0.558, 192.0, 0.0, 0.0, 0.0, 0.0, 0.0, 0.0, 0.0, 0.0, 0.0, 1.769680282822913E9, 0.0, 2026-01-29 15:21:22.822
184.0, 72923.10272730622, -99455.78568646738, 73054.50863295897, -157313.49972647426, -128592.4468746718, -85028.24873068914, -86490.09752155513, -81223.69125171796, -0.766, -0.294, 0.558, 192.0, 0.0, 0.0, 0.0, 0.0, 0.0, 0.0, 0.0, 0.0, 0.0, 1.769680282822994E9, 0.0, 2026-01-29 15:21:22.822
185.0, 72979.16090240012, -105753.56850070579, 72663.7554363913, -165015.7991070508, -128596.55959565159, -85031.55678886853, -86491.12570180008, -81226.7757924528, -0.766, -0.294, 0.558, 192.0, 0.0, 0.0, 0.0, 0.0, 0.0, 0.0, 0.0, 0.0, 0.0, 1.769680282823095E9, 0.0, 2026-01-29 15:21:22.823
186.0, 73127.82235477238, -118588.5883675323, 56622.13195826197, -178503.5346154612, -128605.9026248339, -85040.05045176155, -86494.27729776828, -81232.25196984435, -0.766, -0.294, 0.558, 192.0, 0.0, 0.0, 0.0, 0.0, 0.0, 0.0, 0.0, 0.0, 0.0, 1.769680282823178E9, 0.0, 2026-01-29 15:21:22.823
187.0, 73165.17211975719, -120613.09762157174, 53561.70875569687, -179653.08483279764, -128607.5119504347, -85043.44791691875, -86495.77486464678, -81235.85060070165, -0.76, -0.29, 0.5640000000000001, 192.0, 232.0, 64.0, 246.0, 240.0, 17.0, 160.0, 0.0, 0.0, 0.0, 1.769680282823269E9, 0.0, 2026-01-29 15:21:22.823
188.0, 73034.10149027128, -109288.56394154596, 72127.26886597501, -167034.4745557874, -128598.68301137484, -85038.19525697175, -86494.07613206818, -81235.80589721273, -0.76, -0.29, 0.5640000000000001, 192.0, 0.0, 0.0, 0.0, 0.0, 0.0, 0.0, 0.0, 0.0, 0.0, 1.769680282823361E9, 0.0, 2026-01-29 15:21:22.823
189.0, 72902.6061776407, -99449.08016313078, 73034.01208329345, -157297.00413906624, -128590.90460430439, -85032.6743760913, -86492.0644750672, -81235.38121406808, -0.76, -0.29, 0.5640000000000001, 192.0, 0.0, 0.0, 0.0, 0.0, 0.0, 0.0, 0.0, 0.0, 0.0, 1.769680282823458E9, 0.0, 2026-01-29 15:21:22.823
190.0, 72958.95492541253, -105900.44181352161, 72630.2948749417, -165152.14474822817, -128594.03384852814, -85034.93190228129, -86491.95271634492, -81237.32581583569, -0.76, -0.29, 0.5640000000000001, 192.0, 0.0, 0.0, 0.0, 0.0, 0.0, 0.0, 0.0, 0.0, 0.0, 1.769680282823553E9, 0.0, 2026-01-29 15:21:22.823
191.0, 73108.37633709626, -118680.27522328797, 56717.75272104177, -178561.51504057826, -128604.76268586669, -85044.81137333052, -86496.49012046935, -81243.98663568338, -0.76, -0.29, 0.5640000000000001, 192.0, 0.0, 0.0, 0.0, 0.0, 0.0, 0.0, 0.0, 0.0, 0.0, 1.769680282823644E9, 0.0, 2026-01-29 15:21:22.823
192.0, 73145.1673084697, -120532.22901013245, 54203.06971109745, -179546.377604768, -128607.98133706825, -85049.86286757742, -86499.93228911547, -81249.35105435265, -0.76, -0.29, 0.5640000000000001, 192.0, 0.0, 0.0, 0.0, 0.0, 0.0, 0.0, 0.0, 0.0, 0.0, 1.769680282823735E9, 0.0, 2026-01-29 15:21:22.823
193.0, 73012.62146384972, -109120.27765754196, 72197.11806739785, -166838.71797784782, -128599.01828754166, -85044.29728320806, -86498.14414955904, -81249.19459214146, -0.76, -0.29, 0.5640000000000001, 192.0, 0.0, 0.0, 0.0, 0.0, 0.0, 0.0, 0.0, 0.0, 0.0, 1.769680282823817E9, 0.0, 2026-01-29 15:21:22.823
194.0, 72887.42934315556, -99432.6739827006, 73018.94700753057, -157276.50758940072, -128596.31372646258, -85043.53732389657, -86500.84871063814, -81253.59788579916, -0.76, -0.29, 0.5640000000000001, 192.0, 0.0, 0.0, 0.0, 0.0, 0.0, 0.0, 0.0, 0.0, 0.0, 1.769680282823908E9, 0.0, 2026-01-29 15:21:22.823
195.0, 72946.84027991776, -106029.09845460636, 72598.82361874862, -165278.9685462676, -128600.62761314245, -85047.15830649833, -86502.12276007209, -81256.77183351181, -0.76, -0.29, 0.5640000000000001, 192.0, 0.0, 0.0, 0.0, 0.0, 0.0, 0.0, 0.0, 0.0, 0.0, 1.769680282882958E9, 0.0, 2026-01-29 15:21:22.882
196.0, 73093.55713052239, -118767.20115747466, 56801.77292844927, -178635.25344553633, -128608.83070335755, -85054.46732693522, -86504.20147230643, -81261.24218240287, -0.76, -0.29, 0.5640000000000001, 192.0, 0.0, 0.0, 0.0, 0.0, 0.0, 0.0, 0.0, 0.0, 0.0, 1.76968028288307E9, 0.0, 2026-01-29 15:21:22.883
197.0, 73126.07891870486, -120471.40991346956, 54828.42681746803, -179444.54305702963, -128609.52360743567, -85056.97072231422, -86505.09554208464, -81264.05850220425, -0.764, -0.29, 0.558, 192.0, 232.0, 32.0, 246.0, 240.0, 17.0, 112.0, 0.0, 0.0, 0.0, 1.769680282883155E9, 0.0, 2026-01-29 15:21:22.883
198.0, 72992.03550720638, -108981.89800761915, 72258.11597801637, -166652.17031862383, -128599.91235731989, -85050.89104782237, -86502.65920193902, -81263.32089463722, -0.764, -0.29, 0.558, 192.0, 0.0, 0.0, 0.0, 0.0, 0.0, 0.0, 0.0, 0.0, 0.0, 1.769680282883296E9, 0.0, 2026-01-29 15:21:22.883
199.0, 72864.85408125569, -99435.11032284622, 72996.28233865289, -157263.83415029457, -128593.74327585023, -85046.66656812032, -86501.83218739417, -81264.21496441543, -0.764, -0.29, 0.558, 192.0, 0.0, 0.0, 0.0, 0.0, 0.0, 0.0, 0.0, 0.0, 0.0, 1.769680282883378E9, 0.0, 2026-01-29 15:21:22.883
200.0, 72928.75771865342, -106169.3109475745, 72554.9694961273, -165413.9507310332, -128600.82877884255, -85053.03681529008, -86505.65433569603, -81270.09347320718, -0.764, -0.29, 0.558, 192.0, 0.0, 0.0, 0.0, 0.0, 0.0, 0.0, 0.0, 0.0, 0.0, 1.769680282883492E9, 0.0, 2026-01-29 15:21:22.883
201.0, 73077.8438541703, -118853.59064979442, 56736.97522127334, -178719.2736529438, -128611.64702315892, -85063.00569331714, -86510.2140915649, -81277.00016224387, -0.764, -0.29, 0.558, 192.0, 0.0, 0.0, 0.0, 0.0, 0.0, 0.0, 0.0, 0.0, 0.0, 1.769680282883573E9, 0.0, 2026-01-29 15:21:22.883
202.0, 73107.28110161795, -120385.668621739, 55356.19620754674, -179343.4908203472, -128610.75295338071, -85063.94446658426, -86509.65529795353, -81278.430673889, -0.764, -0.29, 0.558, 192.0, 0.0, 0.0, 0.0, 0.0, 0.0, 0.0, 0.0, 0.0, 0.0, 1.76968028288367E9, 0.0, 2026-01-29 15:21:22.883
203.0, 72970.75664648494, -108816.60685737216, 72315.24703684414, -166480.2407002736, -128599.8005985976, -85056.45663219174, -86505.90020488504, -81276.44136863248, -0.764, -0.29, 0.558, 192.0, 0.0, 0.0, 0.0, 0.0, 0.0, 0.0, 0.0, 0.0, 0.0, 1.769680282883752E9, 0.0, 2026-01-29 15:21:22.883
204.0, 72845.58687753521, -99420.3134680168, 72976.9257279546, -157235.40273134742, -128593.74327585023, -85052.36626295642, -86505.25200429583, -81277.35779015515, -0.764, -0.29, 0.558, 192.0, 0.0, 0.0, 0.0, 0.0, 0.0, 0.0, 0.0, 0.0, 0.0, 1.769680282883833E9, 0.0, 2026-01-29 15:21:22.883
205.0, 72911.79274461184, -106304.09196664, 72530.98607432676, -165533.30904642452, -128601.4546276873, -85059.31765548202, -86509.65529795353, -81283.81744430274, -0.764, -0.29, 0.558, 192.0, 0.0, 0.0, 0.0, 0.0, 0.0, 0.0, 0.0, 0.0, 0.0, 1.769680282883925E9, 0.0, 2026-01-29 15:21:22.883
206.0, 73059.78364465042, -118920.15414478233, 56935.79398820329, -178757.53983945132, -128611.60231967001, -85068.5265741976, -86513.63390846657, -81290.12063623914, -0.764, -0.29, 0.558, 192.0, 0.0, 0.0, 0.0, 0.0, 0.0, 0.0, 0.0, 0.0, 0.0, 1.769680282884016E9, 0.0, 2026-01-29 15:21:22.884
207.0, 73091.32195607686, -120292.81947527165, 56029.542509262865, -179236.51537138407, -128614.77626738267, -85073.3321992555, -86517.1207806016, -81295.52975839732, -0.77, -0.292, 0.558, 192.0, 231.0, 240.0, 246.0, 224.0, 17.0, 112.0, 0.0, 0.0, 0.0, 1.769680282884108E9, 0.0, 2026-01-29 15:21:22.884
208.0, 72954.43987303256, -108646.68889602291, 72377.831921319, -166300.13034345274, -128604.47211318876, -85066.55962068554, -86514.14799858905, -81294.25570896336, -0.77, -0.292, 0.558, 192.0, 0.0, 0.0, 0.0, 0.0, 0.0, 0.0, 0.0, 0.0, 0.0, 1.769680282884199E9, 0.0, 2026-01-29 15:21:22.884
209.0, 72829.11364187165, -99399.10166252872, 72960.58660275777, -157218.43775730583, -128596.89487181841, -85061.06109154953, -86511.93517588796, -81293.62986011861, -0.77, -0.292, 0.558, 192.0, 0.0, 0.0, 0.0, 0.0, 0.0, 0.0, 0.0, 0.0, 0.0, 1.76968028288429E9, 0.0, 2026-01-29 15:21:22.884
210.0, 72896.23593047094, -106416.72240695028, 72505.50508564772, -165643.63725705593, -128604.13683702194, -85067.54309744156, -86515.71262070091, -81299.62012763263, -0.77, -0.292, 0.558, 192.0, 0.0, 0.0, 0.0, 0.0, 0.0, 0.0, 0.0, 0.0, 0.0, 1.769680282943345E9, 0.0, 2026-01-29 15:21:22.943
211.0, 73042.90807758666, -118979.34156409999, 57229.406503368205, -178808.5018168094, -128613.41281097088, -85075.94735335677, -86518.86421666911, -81305.11865676864, -0.77, -0.292, 0.558, 192.0, 0.0, 0.0, 0.0, 0.0, 0.0, 0.0, 0.0, 0.0, 0.0, 1.769680282943477E9, 0.0, 2026-01-29 15:21:22.943
212.0, 73068.88080464373, -120188.88386355447, 56826.3151438612, -179116.1735792367, -128612.92107259287, -85077.24375453517, -86518.75245794684, -81307.06325853626, -0.77, -0.292, 0.558, 192.0, 0.0, 0.0, 0.0, 0.0, 0.0, 0.0, 0.0, 0.0, 0.0, 1.769680282943566E9, 0.0, 2026-01-29 15:21:22.943
213.0, 72934.23389604496, -108471.76414391567, 72435.52177375816, -166100.28339627784, -128606.21554925627, -85074.11451031142, -86519.44536202496, -81309.32078472624, -0.77, -0.292, 0.558, 192.0, 0.0, 0.0, 0.0, 0.0, 0.0, 0.0, 0.0, 0.0, 0.0, 1.769680282943699E9, 0.0, 2026-01-29 15:21:22.943
214.0, 72809.935845129, -99377.30871168479, 72941.20764031501, -157196.13071633945, -128598.21362474129, -85067.94542884176, -86516.60669047912, -81308.06908703674, -0.77, -0.292, 0.558, 192.0, 0.0, 0.0, 0.0, 0.0, 0.0, 0.0, 0.0, 0.0, 0.0, 1.769680282943785E9, 0.0, 2026-01-29 15:21:22.943
215.0, 72875.2029389385, -106534.27023104075, 72460.77924499265, -165760.134549157, -128601.61108989849, -85070.49352770967, -86516.49493175685, -81309.94663357099, -0.77, -0.292, 0.558, 192.0, 0.0, 0.0, 0.0, 0.0, 0.0, 0.0, 0.0, 0.0, 0.0, 1.7696802829439E9, 0.0, 2026-01-29 15:21:22.943
216.0, 73020.35516743126, -119054.30931500308, 57245.23153844256, -178871.6678466401, -128609.72477313576, -85077.75784465765, -86518.5736439912, -81314.28287199532, -0.77, -0.292, 0.558, 192.0, 0.0, 0.0, 0.0, 0.0, 0.0, 0.0, 0.0, 0.0, 0.0, 1.769680282943981E9, 0.0, 2026-01-29 15:21:22.943
217.0, 73048.31719974485, -120110.40688877189, 57397.245752483104, -179008.72874364004, -128612.89872084842, -85082.76463541563, -86522.1722748485, -81319.96021508696, -0.77, -0.29, 0.5640000000000001, 192.0, 231.0, 240.0, 246.0, 240.0, 17.0, 160.0, 0.0, 0.0, 0.0, 1.769680282944076E9, 0.0, 2026-01-29 15:21:22.944
218.0, 72911.32335797827, -108319.28054324158, 72480.44878011332, -165923.83872554766, -128604.78503761115, -85078.13782431338, -86521.38996379256, -81320.87663660964, -0.77, -0.29, 0.5640000000000001, 192.0, 0.0, 0.0, 0.0, 0.0, 0.0, 0.0, 0.0, 0.0, 0.0, 1.769680282944168E9, 0.0, 2026-01-29 15:21:22.944
219.0, 72791.89798735357, -99378.15807797409, 72923.14743079513, -157183.32316676655, -128600.11352301999, -85075.36620800092, -86521.90405391503, -81323.0447558218, -0.77, -0.29, 0.5640000000000001, 192.0, 0.0, 0.0, 0.0, 0.0, 0.0, 0.0, 0.0, 0.0, 0.0, 1.76968028294425E9, 0.0, 2026-01-29 15:21:22.944
220.0, 72860.24962189789, -106676.60613973215, 72435.72293945825, -165890.9593094539, -128605.2544242447, -85079.70244642526, -86523.53573126027, -81326.53162795682, -0.77, -0.29, 0.5640000000000001, 192.0, 0.0, 0.0, 0.0, 0.0, 0.0, 0.0, 0.0, 0.0, 0.0, 1.769680282944342E9, 0.0, 2026-01-29 15:21:22.944
221.0, 73005.3794986462, -119130.1711356844, 57416.02121782556, -178916.2819285729, -128613.99395632673, -85087.74907442917, -86526.26264408382, -81331.62782569265, -0.77, -0.29, 0.5640000000000001, 192.0, 0.0, 0.0, 0.0, 0.0, 0.0, 0.0, 0.0, 0.0, 0.0, 1.769680282944447E9, 0.0, 2026-01-29 15:21:22.944
222.0, 73028.78177509092, -120036.10969020244, 57963.54955000276, -178896.74650391896, -128614.32923249356, -85090.00660061915, -86527.15671386203, -81334.48884898292, -0.77, -0.29, 0.5640000000000001, 192.0, 0.0, 0.0, 0.0, 0.0, 0.0, 0.0, 0.0, 0.0, 0.0, 1.769680282944539E9, 0.0, 2026-01-29 15:21:22.944
223.0, 72892.19026472453, -108176.29643396098, 72517.41856544239, -165747.50581353973, -128607.5566539236, -85086.8326529065, -86527.76021096233, -81336.70167168399, -0.77, -0.29, 0.5640000000000001, 192.0, 0.0, 0.0, 0.0, 0.0, 0.0, 0.0, 0.0, 0.0, 0.0, 1.769680282944624E9, 0.0, 2026-01-29 15:21:22.944
224.0, 72773.7260191114, -99378.33689192974, 72905.04251778634, -157163.07248629004, -128602.3039939766, -85083.39048426038, -86527.53669351777, -81338.02042460686, -0.77, -0.29, 0.5640000000000001, 192.0, 0.0, 0.0, 0.0, 0.0, 0.0, 0.0, 0.0, 0.0, 0.0, 1.769680282944715E9, 0.0, 2026-01-29 15:21:22.944
225.0, 72845.47511881294, -106815.5669350108, 72404.31873849854, -166015.9949679369, -128609.07657254656, -85089.31369654104, -86530.73299297488, -81343.22838106494, -0.77, -0.29, 0.5640000000000001, 192.0, 0.0, 0.0, 0.0, 0.0, 0.0, 0.0, 0.0, 0.0, 0.0, 1.7696802830035E9, 0.0, 2026-01-29 15:21:23.003
226.0, 72991.07438219481, -119224.18257286341, 57557.44070499429, -178980.3420281818, -128618.28549126214, -85097.89676641188, -86533.99634766535, -81348.77161368985, -0.77, -0.29, 0.5640000000000001, 192.0, 0.0, 0.0, 0.0, 0.0, 0.0, 0.0, 0.0, 0.0, 0.0, 1.769680283003616E9, 0.0, 2026-01-29 15:21:23.003
227.0, 73012.9343882721, -119967.78040740258, 58524.0642457085, -178790.3969038006, -128619.00074708472, -85100.51192051315, -86535.38215582159, -81352.19143059153, -0.77, -0.29, 0.562, 192.0, 231.0, 240.0, 246.0, 240.0, 17.0, 144.0, 0.0, 0.0, 0.0, 1.769680283003699E9, 0.0, 2026-01-29 15:21:23.003
228.0, 72870.5984795807, -108021.77882454144, 72547.36990301251, -165565.89788984036, -128607.28843299013, -85092.24177506469, -86531.13532437508, -81349.53157300134, -0.77, -0.29, 0.562, 192.0, 0.0, 0.0, 0.0, 0.0, 0.0, 0.0, 0.0, 0.0, 0.0, 1.769680283003841E9, 0.0, 2026-01-29 15:21:23.003
229.0, 72752.29069617877, -99389.93744730204, 72883.51778787587, -157172.7954951281, -128600.4040956979, -85087.21263256224, -86529.32483307419, -81349.30805555679, -0.77, -0.29, 0.562, 192.0, 0.0, 0.0, 0.0, 0.0, 0.0, 0.0, 0.0, 0.0, 0.0, 1.769680283003922E9, 0.0, 2026-01-29 15:21:23.003
230.0, 72825.69382496999, -106958.50634080247, 72358.832938532, -166147.53498405637, -128607.28843299013, -85093.1358448429, -86532.43172555348, -81354.4489567815, -0.77, -0.29, 0.562, 192.0, 0.0, 0.0, 0.0, 0.0, 0.0, 0.0, 0.0, 0.0, 0.0, 1.769680283004026E9, 0.0, 2026-01-29 15:21:23.004
231.0, 72972.70124825255, -119296.44576268742, 57568.86244641095, -179034.09797359683, -128618.59841568452, -85103.73057171471, -86537.7737924783, -81362.07090164076, -0.77, -0.29, 0.562, 192.0, 0.0, 0.0, 0.0, 0.0, 0.0, 0.0, 0.0, 0.0, 0.0, 1.769680283004108E9, 0.0, 2026-01-29 15:21:23.004
232.0, 72992.48254209549, -119880.56390053796, 58992.84738216965, -178680.40396933604, -128618.59841568452, -85105.65282173787, -86538.51140004533, -81364.9095731866, -0.77, -0.29, 0.562, 192.0, 0.0, 0.0, 0.0, 0.0, 0.0, 0.0, 0.0, 0.0, 0.0, 1.7696802830042E9, 0.0, 2026-01-29 15:21:23.004
233.0, 72850.90659271558, -107863.99786043142, 72574.43786554788, -165392.00131797808, -128608.89775859092, -85099.2825745681, -86536.16446687753, -81364.21666910847, -0.77, -0.29, 0.562, 192.0, 0.0, 0.0, 0.0, 0.0, 0.0, 0.0, 0.0, 0.0, 0.0, 1.769680283004277E9, 0.0, 2026-01-29 15:21:23.004
234.0, 72734.02932095878, -99378.76157507439, 72865.3011161448, -157164.592404913, -128601.92401432086, -85094.1863768323, -86534.08575464318, -81363.68022724155, -0.77, -0.29, 0.562, 192.0, 0.0, 0.0, 0.0, 0.0, 0.0, 0.0, 0.0, 0.0, 0.0, 1.769680283004355E9, 0.0, 2026-01-29 15:21:23.004
235.0, 72808.77355441732, -107080.83743820638, 72324.34419683745, -166275.61047978527, -128608.62953765746, -85099.90842341285, -86536.99148142237, -81368.55290753281, -0.77, -0.29, 0.562, 192.0, 0.0, 0.0, 0.0, 0.0, 0.0, 0.0, 0.0, 0.0, 0.0, 1.769680283004454E9, 0.0, 2026-01-29 15:21:23.004
236.0, 72954.66339047712, -119358.4718535509, 57646.22183397077, -179091.7207708026, -128619.40307848492, -85109.83259795101, -86541.79710648026, -81375.57135529177, -0.77, -0.29, 0.562, 192.0, 0.0, 0.0, 0.0, 0.0, 0.0, 0.0, 0.0, 0.0, 0.0, 1.769680283004542E9, 0.0, 2026-01-29 15:21:23.004
237.0, 72974.6234982757, -119790.91105352773, 59466.92788206672, -178578.56942159767, -128621.68295641935, -85114.12413288643, -86544.83694372619, -81380.68990477204, -0.77, -0.29, 0.56, 192.0, 231.0, 240.0, 246.0, 240.0, 17.0, 128.0, 0.0, 0.0, 0.0, 1.769680283004636E9, 0.0, 2026-01-29 15:21:23.004
238.0, 72830.5888570057, -107698.68435843998, 72597.4378105924, -165211.28746405692, -128610.61884291397, -85106.591595005, -86541.30536810224, -81378.72295125997, -0.77, -0.29, 0.56, 192.0, 0.0, 0.0, 0.0, 0.0, 0.0, 0.0, 0.0, 0.0, 0.0, 1.769680283004722E9, 0.0, 2026-01-29 15:21:23.004
239.0, 72714.58330328266, -99363.13770570014, 72845.96685719096, -157140.45252090128, -128602.92984282135, -85100.7354379577, -86538.53375178979, -81377.38184659265, -0.77, -0.29, 0.56, 192.0, 0.0, 0.0, 0.0, 0.0, 0.0, 0.0, 0.0, 0.0, 0.0, 1.769680283004808E9, 0.0, 2026-01-29 15:21:23.004
240.0, 72790.64628966407, -107205.38135831135, 72302.77476343808, -166390.94548117465, -128609.30008999111, -85106.09985662697, -86540.9700919354, -81381.85219548372, -0.77, -0.29, 0.56, 192.0, 0.0, 0.0, 0.0, 0.0, 0.0, 0.0, 0.0, 0.0, 0.0, 1.769680283063707E9, 0.0, 2026-01-29 15:21:23.063
241.0, 72938.10074783574, -119418.17336299103, 57983.88963745709, -179130.1210677768, -128621.79471514163, -85117.87922595492, -86547.675615272, -81390.90465198811, -0.77, -0.29, 0.56, 192.0, 0.0, 0.0, 0.0, 0.0, 0.0, 0.0, 0.0, 0.0, 0.0, 1.769680283063817E9, 0.0, 2026-01-29 15:21:23.063
242.0, 72952.80819568732, -119686.70722087708, 60138.79896864879, -178456.84182129407, -128620.6100726855, -85118.66153701086, -86547.429746083, -81392.67043980009, -0.77, -0.29, 0.56, 192.0, 0.0, 0.0, 0.0, 0.0, 0.0, 0.0, 0.0, 0.0, 0.0, 1.769680283063901E9, 0.0, 2026-01-29 15:21:23.063
243.0, 72809.22058930642, -107536.16482450544, 72622.11413647105, -165026.93027578955, -128610.82000861407, -85112.51480728565, -86545.21692338191, -81392.06694269979, -0.77, -0.29, 0.56, 192.0, 0.0, 0.0, 0.0, 0.0, 0.0, 0.0, 0.0, 0.0, 0.0, 1.769680283064023E9, 0.0, 2026-01-29 15:21:23.064
244.0, 72698.73591646385, -99377.19695296252, 72830.1418221166, -157151.18135823982, -128607.06491554558, -85110.61490900695, -86546.20040013795, -81394.50328284541, -0.77, -0.29, 0.56, 192.0, 0.0, 0.0, 0.0, 0.0, 0.0, 0.0, 0.0, 0.0, 0.0, 1.769680283064111E9, 0.0, 2026-01-29 15:21:23.064
245.0, 72776.4305801905, -107350.64534552638, 72266.02849555356, -166522.3066833385, -128613.39045922643, -85115.97932767622, -86548.50262981685, -81398.90657650311, -0.77, -0.29, 0.56, 192.0, 0.0, 0.0, 0.0, 0.0, 0.0, 0.0, 0.0, 0.0, 0.0, 1.769680283064219E9, 0.0, 2026-01-29 15:21:23.064
246.0, 72920.55462843832, -119492.13528539364, 58114.04384542035, -179180.90423117927, -128623.31463376459, -85125.23294988072, -86552.63770254108, -81405.25447192842, -0.77, -0.29, 0.56, 192.0, 0.0, 0.0, 0.0, 0.0, 0.0, 0.0, 0.0, 0.0, 0.0, 1.769680283064301E9, 0.0, 2026-01-29 15:21:23.064
247.0, 72936.17849781258, -119602.55290300286, 60684.516809525114, -178340.81391582655, -128624.856904132, -85128.71982201574, -86555.14109792007, -81409.72482081948, -0.768, -0.29, 0.5640000000000001, 192.0, 232.0, 0.0, 246.0, 240.0, 17.0, 160.0, 0.0, 0.0, 0.0, 1.769680283064393E9, 0.0, 2026-01-29 15:21:23.064
248.0, 72793.06027806524, -107394.79004082562, 72644.68939837092, -164855.3135818617, -128616.22913077226, -85123.42245857984, -86553.9788072084, -81410.23891094196, -0.768, -0.29, 0.5640000000000001, 192.0, 0.0, 0.0, 0.0, 0.0, 0.0, 0.0, 0.0, 0.0, 0.0, 1.769680283064495E9, 0.0, 2026-01-29 15:21:23.064
249.0, 72683.46967500087, -99393.78194734835, 72814.65206320907, -157148.7897215831, -128611.31174699208, -85120.27086261164, -86553.7776415083, -81411.62471909818, -0.768, -0.29, 0.5640000000000001, 192.0, 0.0, 0.0, 0.0, 0.0, 0.0, 0.0, 0.0, 0.0, 0.0, 1.769680283064576E9, 0.0, 2026-01-29 15:21:23.064
250.0, 72762.95247828394, -107500.75966128823, 72228.16464044627, -166652.86322270194, -128617.72669765077, -85125.74704000319, -86556.23633339838, -81416.13977147815, -0.768, -0.29, 0.5640000000000001, 192.0, 0.0, 0.0, 0.0, 0.0, 0.0, 0.0, 0.0, 0.0, 0.0, 1.769680283064672E9, 0.0, 2026-01-29 15:21:23.064
251.0, 72906.67419513156, -119577.16132130162, 58139.14485444366, -179231.24035969263, -128627.67322393338, -85135.15712441888, -86560.46081310044, -81422.6217773702, -0.768, -0.29, 0.5640000000000001, 192.0, 0.0, 0.0, 0.0, 0.0, 0.0, 0.0, 0.0, 0.0, 0.0, 1.769680283064763E9, 0.0, 2026-01-29 15:21:23.064
252.0, 72919.28057900436, -119524.18768694255, 61081.86377070711, -178217.78991434455, -128628.16496231139, -85137.5487610756, -86561.93602823449, -81426.04159427185, -0.768, -0.29, 0.5640000000000001, 192.0, 0.0, 0.0, 0.0, 0.0, 0.0, 0.0, 0.0, 0.0, 0.0, 1.769680283064856E9, 0.0, 2026-01-29 15:21:23.064
253.0, 72776.14000751257, -107238.79721627203, 72660.02269506725, -164663.2226900128, -128621.23592153024, -85134.01718545165, -86562.53952533478, -81428.23206522847, -0.768, -0.29, 0.5640000000000001, 192.0, 0.0, 0.0, 0.0, 0.0, 0.0, 0.0, 0.0, 0.0, 0.0, 1.769680283064938E9, 0.0, 2026-01-29 15:21:23.064
254.0, 72666.9070323595, -99397.89466832814, 72798.1341240566, -157128.7402068067, -128615.17859878286, -85129.74800226069, -86561.04195845628, -81428.43323092857, -0.768, -0.29, 0.5640000000000001, 192.0, 0.0, 0.0, 0.0, 0.0, 0.0, 0.0, 0.0, 0.0, 0.0, 1.76968028306503E9, 0.0, 2026-01-29 15:21:23.065
255.0, 72747.14979495404, -107637.21706118788, 72207.06459368045, -166785.7666952332, -128621.0571075746, -85134.57597906304, -86562.78539452379, -81432.23302748597, -0.768, -0.29, 0.5640000000000001, 192.0, 0.0, 0.0, 0.0, 0.0, 0.0, 0.0, 0.0, 0.0, 0.0, 1.769680283124E9, 0.0, 2026-01-29 15:21:23.124
0.0, 72891.07267750177, -119632.48188882851, 58461.63582344483, -179276.323828259, -128632.07651759106, -85144.96954023476, -86568.17216493752, -81439.78791711187, -0.768, -0.29, 0.5640000000000001, 192.0, 0.0, 0.0, 0.0, 0.0, 0.0, 0.0, 0.0, 0.0, 0.0, 1.76968028312411E9, 0.0, 2026-01-29 15:21:23.124
1.0, 72902.4050119406, -119418.15101124658, 61690.34531001393, -178097.11284603036, -128633.19410481384, -85148.16583969186, -86570.3849876386, -81444.12415553619, -0.77, -0.29, 0.558, 192.0, 231.0, 240.0, 246.0, 240.0, 17.0, 112.0, 0.0, 0.0, 0.0, 1.769680283124192E9, 0.0, 2026-01-29 15:21:23.124
2.0, 72756.13519622508, -107074.04250789197, 72673.72431441836, -164479.6254610569, -128623.7616686537, -85142.24262741121, -86568.50744110435, -81443.92298983611, -0.77, -0.29, 0.558, 192.0, 0.0, 0.0, 0.0, 0.0, 0.0, 0.0, 0.0, 0.0, 0.0, 1.76968028312433E9, 0.0, 2026-01-29 15:21:23.124
3.0, 72649.07034028416, -99393.02198803688, 72780.29743198126, -157119.10660494646, -128618.62076742898, -85138.75575527619, -86567.83688877069, -81444.72765263649, -0.77, -0.29, 0.558, 192.0, 0.0, 0.0, 0.0, 0.0, 0.0, 0.0, 0.0, 0.0, 0.0, 1.769680283124424E9, 0.0, 2026-01-29 15:21:23.124
4.0, 72729.58132381218, -107765.53842610579, 72162.15993906975, -166892.6974407074, -128623.24757853123, -85142.57790357804, -86568.35097889317, -81447.20869627103, -0.77, -0.29, 0.558, 192.0, 0.0, 0.0, 0.0, 0.0, 0.0, 0.0, 0.0, 0.0, 0.0, 1.76968028312453E9, 0.0, 2026-01-29 15:21:23.124
5.0, 72870.10674120269, -119706.7567356535, 58516.73287352716, -179317.22752061218, -128631.45066874631, -85150.17749669284, -86570.92142950553, -81451.94726609555, -0.77, -0.29, 0.558, 192.0, 0.0, 0.0, 0.0, 0.0, 0.0, 0.0, 0.0, 0.0, 0.0, 1.769680283124611E9, 0.0, 2026-01-29 15:21:23.124
6.0, 72880.56735760777, -119347.07246387869, 62082.81959090467, -177985.4211789872, -128633.55173272511, -85154.29021767262, -86574.25183942936, -81457.28933302038, -0.77, -0.29, 0.558, 192.0, 0.0, 0.0, 0.0, 0.0, 0.0, 0.0, 0.0, 0.0, 0.0, 1.769680283124704E9, 0.0, 2026-01-29 15:21:23.124
7.0, 72732.91173373601, -106950.30325058739, 72674.7077911744, -164324.75022372606, -128623.58285469805, -85147.78586003612, -86571.81549928374, -81456.5293737089, -0.77, -0.29, 0.558, 192.0, 0.0, 0.0, 0.0, 0.0, 0.0, 0.0, 0.0, 0.0, 0.0, 1.769680283124785E9, 0.0, 2026-01-29 15:21:23.124
8.0, 72625.82452605064, -99418.4135697381, 72757.11867298112, -157129.34370390698, -128616.72086915027, -85142.48849660021, -86569.40151088257, -81455.63530393069, -0.77, -0.29, 0.558, 192.0, 0.0, 0.0, 0.0, 0.0, 0.0, 0.0, 0.0, 0.0, 0.0, 1.769680283124866E9, 0.0, 2026-01-29 15:21:23.124
9.0, 72712.63870151505, -107903.98513126197, 72117.14352573676, -167011.00522410934, -128625.88508437695, -85150.73629030422, -86574.47535687393, -81462.6313999452, -0.77, -0.29, 0.558, 192.0, 0.0, 0.0, 0.0, 0.0, 0.0, 0.0, 0.0, 0.0, 0.0, 1.769680283124956E9, 0.0, 2026-01-29 15:21:23.124
10.0, 72854.52757531733, -119788.38530640428, 58485.44043128973, -179370.64818986037, -128635.71985193729, -85159.9005055309, -86578.52102262033, -81469.02399885941, -0.77, -0.29, 0.558, 192.0, 0.0, 0.0, 0.0, 0.0, 0.0, 0.0, 0.0, 0.0, 0.0, 1.769680283125047E9, 0.0, 2026-01-29 15:21:23.125
11.0, 72861.36720912067, -119279.9501752794, 62366.99966990944, -177881.75378820347, -128635.608093215, -85161.88981078743, -86579.683313332, -81472.06383610533, -0.768, -0.29, 0.562, 192.0, 232.0, 0.0, 246.0, 240.0, 17.0, 144.0, 0.0, 0.0, 0.0, 1.76968028312514E9, 0.0, 2026-01-29 15:21:23.125
12.0, 72715.1644486385, -106833.04599917484, 72676.83120689765, -164173.02658236344, -128627.82968614456, -85157.73238631873, -86579.61625809864, -81473.49434775047, -0.768, -0.29, 0.562, 192.0, 0.0, 0.0, 0.0, 0.0, 0.0, 0.0, 0.0, 0.0, 0.0, 1.769680283125229E9, 0.0, 2026-01-29 15:21:23.125
13.0, 72610.31241539866, -99466.3804133392, 72741.62891407358, -157150.600212884, -128621.48179071925, -85153.06087172758, -86577.60460109766, -81473.00260937246, -0.768, -0.29, 0.562, 192.0, 0.0, 0.0, 0.0, 0.0, 0.0, 0.0, 0.0, 0.0, 0.0, 1.76968028312532E9, 0.0, 2026-01-29 15:21:23.125
14.0, 72695.0031751398, -108068.22574951957, 72079.30202237393, -167159.08553112575, -128627.51676172219, -85158.04531074112, -86579.37038890964, -81476.82475767432, -0.768, -0.29, 0.562, 192.0, 0.0, 0.0, 0.0, 0.0, 0.0, 0.0, 0.0, 0.0, 0.0, 1.769680283184422E9, 0.0, 2026-01-29 15:21:23.184
15.0, 72833.22636285143, -119845.4940134876, 58564.76677236161, -179413.2506147922, -128634.49050599225, -85164.39320616642, -86580.6891418325, -81480.46809202053, -0.768, -0.29, 0.562, 192.0, 0.0, 0.0, 0.0, 0.0, 0.0, 0.0, 0.0, 0.0, 0.0, 1.769680283184537E9, 0.0, 2026-01-29 15:21:23.184
16.0, 72835.97562741944, -119176.01456356223, 62698.23017099264, -177765.5694205248, -128632.18827631335, -85164.3037991886, -86579.92918252101, -81481.54097575438, -0.768, -0.29, 0.562, 192.0, 0.0, 0.0, 0.0, 0.0, 0.0, 0.0, 0.0, 0.0, 0.0, 1.76968028318462E9, 0.0, 2026-01-29 15:21:23.184
17.0, 72689.72816344835, -106678.0813548662, 72669.81275913867, -163993.96675753198, -128625.12512506548, -85160.72752007574, -86580.62208659913, -81483.75379845547, -0.768, -0.29, 0.562, 192.0, 0.0, 0.0, 0.0, 0.0, 0.0, 0.0, 0.0, 0.0, 0.0, 1.769680283184702E9, 0.0, 2026-01-29 15:21:23.184
18.0, 72586.19488313138, -99474.33763436528, 72717.55608529522, -157151.5389861511, -128618.39724998442, -85155.65367408439, -86578.16339470904, -81482.81502518833, -0.768, -0.29, 0.562, 192.0, 0.0, 0.0, 0.0, 0.0, 0.0, 0.0, 0.0, 0.0, 0.0, 1.769680283184826E9, 0.0, 2026-01-29 15:21:23.184
19.0, 72672.24909928431, -108188.3887277113, 72053.64221973922, -167271.24658480246, -128624.25340703172, -85160.50400263119, -86579.72801682091, -81486.4360077901, -0.768, -0.29, 0.562, 192.0, 0.0, 0.0, 0.0, 0.0, 0.0, 0.0, 0.0, 0.0, 0.0, 1.769680283184943E9, 0.0, 2026-01-29 15:21:23.184
20.0, 72810.3381765292, -119874.95361267969, 58974.78717264977, -179430.2602923227, -128632.1659245689, -85167.76831957916, -86581.80672905526, -81490.8840049367, -0.768, -0.29, 0.562, 192.0, 0.0, 0.0, 0.0, 0.0, 0.0, 0.0, 0.0, 0.0, 0.0, 1.769680283185025E9, 0.0, 2026-01-29 15:21:23.185
21.0, 72811.45576375196, -119049.43663471182, 63326.42594890904, -177628.86615143612, -128630.19897105683, -85167.99183702373, -86581.35969416615, -81492.26981309293, -0.768, -0.28800000000000003, 0.56, 192.0, 232.0, 0.0, 247.0, 0.0, 17.0, 128.0, 0.0, 0.0, 0.0, 1.769680283185119E9, 0.0, 2026-01-29 15:21:23.185
22.0, 72663.50956720229, -106509.28098073971, 72670.19273879442, -163817.67854901298, -128622.33115700855, -85163.7003020883, -86581.18088021051, -81493.52151078243, -0.768, -0.28800000000000003, 0.56, 192.0, 0.0, 0.0, 0.0, 0.0, 0.0, 0.0, 0.0, 0.0, 0.0, 1.769680283185208E9, 0.0, 2026-01-29 15:21:23.185
23.0, 72566.19007184387, -99497.76226255445, 72697.37246005208, -157150.8013785841, -128620.14068605193, -85163.0521014991, -86583.08077848921, -81497.05308640636, -0.768, -0.28800000000000003, 0.56, 192.0, 0.0, 0.0, 0.0, 0.0, 0.0, 0.0, 0.0, 0.0, 0.0, 1.769680283185345E9, 0.0, 2026-01-29 15:21:23.185
24.0, 72653.36187521958, -108327.6177439234, 72043.22630682305, -167374.1093127858, -128625.79567739913, -85167.65656085689, -86584.42188315652, -81500.45055156357, -0.768, -0.28800000000000003, 0.56, 192.0, 0.0, 0.0, 0.0, 0.0, 0.0, 0.0, 0.0, 0.0, 0.0, 1.769680283185437E9, 0.0, 2026-01-29 15:21:23.185
25.0, 72791.89798735357, -119917.31016842248, 59470.79473385748, -179448.25344660922, -128634.60226471451, -85176.01611328317, -86587.685237847, -81505.90437721067, -0.768, -0.28800000000000003, 0.56, 192.0, 0.0, 0.0, 0.0, 0.0, 0.0, 0.0, 0.0, 0.0, 0.0, 1.769680283185547E9, 0.0, 2026-01-29 15:21:23.185
26.0, 72794.1331617991, -118923.819830873, 64006.81305012859, -177479.9364781304, -128635.47398274827, -85179.07830227356, -86590.188633226, -81510.37472610173, -0.768, -0.28800000000000003, 0.56, 192.0, 0.0, 0.0, 0.0, 0.0, 0.0, 0.0, 0.0, 0.0, 0.0, 1.769680283185639E9, 0.0, 2026-01-29 15:21:23.185
27.0, 72644.04119778171, -106359.59134812253, 72676.51828247527, -163628.89571534345, -128626.06389833259, -85173.06568301507, -86588.51225239185, -81510.15120865717, -0.768, -0.28800000000000003, 0.56, 192.0, 0.0, 0.0, 0.0, 0.0, 0.0, 0.0, 0.0, 0.0, 0.0, 1.769680283185721E9, 0.0, 2026-01-29 15:21:23.185
28.0, 72549.35920826903, -99528.04887629139, 72680.63100345506, -157138.91025053387, -128624.25340703172, -85172.9092208039, -86590.81448207075, -81513.97335695903, -0.768, -0.28800000000000003, 0.56, 192.0, 0.0, 0.0, 0.0, 0.0, 0.0, 0.0, 0.0, 0.0, 0.0, 1.769680283185812E9, 0.0, 2026-01-29 15:21:23.185
29.0, 72640.17434599095, -108478.35790853, 72031.53634447293, -167499.07791603543, -128632.03181410216, -85179.63709588493, -86594.05548501677, -81519.42718260613, -0.768, -0.28800000000000003, 0.56, 192.0, 0.0, 0.0, 0.0, 0.0, 0.0, 0.0, 0.0, 0.0, 0.0, 1.769680283243613E9, 0.0, 2026-01-29 15:21:23.243
30.0, 72777.43640869098, -119968.1156835694, 59809.78129026667, -179474.1591184329, -128640.23490431726, -85187.28139248866, -86596.67063911803, -81524.3892698752, -0.768, -0.28800000000000003, 0.56, 192.0, 0.0, 0.0, 0.0, 0.0, 0.0, 0.0, 0.0, 0.0, 0.0, 1.769680283243727E9, 0.0, 2026-01-29 15:21:23.243
31.0, 72775.93884181247, -118823.66166396877, 64448.34941009872, -177358.2088778268, -128639.1620205834, -85188.33192447806, -86597.45295017397, -81526.98207223203, -0.77, -0.294, 0.562, 192.0, 231.0, 240.0, 246.0, 208.0, 17.0, 144.0, 0.0, 0.0, 0.0, 1.769680283243816E9, 0.0, 2026-01-29 15:21:23.243
32.0, 72623.47759288283, -106231.94053553826, 72670.14803530551, -163463.44810288528, -128627.65087218893, -85180.28529647415, -86593.67550536102, -81524.56808383085, -0.77, -0.294, 0.562, 192.0, 0.0, 0.0, 0.0, 0.0, 0.0, 0.0, 0.0, 0.0, 0.0, 1.769680283243914E9, 0.0, 2026-01-29 15:21:23.243
33.0, 72529.622617915, -99591.79605147793, 72660.96146833438, -157161.86549208945, -128624.856904132, -85179.07830227356, -86594.72603735043, -81527.2949966544, -0.77, -0.294, 0.562, 192.0, 0.0, 0.0, 0.0, 0.0, 0.0, 0.0, 0.0, 0.0, 0.0, 1.769680283244044E9, 0.0, 2026-01-29 15:21:23.244
34.0, 72622.31530217115, -108645.25838437777, 71995.05829752187, -167614.63643486935, -128633.14940132493, -85186.18615701034, -86598.50348216337, -81533.1958571906, -0.77, -0.294, 0.562, 192.0, 0.0, 0.0, 0.0, 0.0, 0.0, 0.0, 0.0, 0.0, 0.0, 1.769680283244154E9, 0.0, 2026-01-29 15:21:23.244
35.0, 72759.42090266, -120036.1320419469, 60005.33670250615, -179497.8296158111, -128642.1124508515, -85194.6574681589, -86602.01270604286, -81538.8955520267, -0.77, -0.294, 0.562, 192.0, 0.0, 0.0, 0.0, 0.0, 0.0, 0.0, 0.0, 0.0, 0.0, 1.76968028324424E9, 0.0, 2026-01-29 15:21:23.244
36.0, 72756.00108575834, -118745.2293926751, 64852.871281250875, -177233.39673678836, -128640.95016013982, -85195.7080001483, -86602.57149965424, -81541.33189217233, -0.77, -0.294, 0.562, 192.0, 0.0, 0.0, 0.0, 0.0, 0.0, 0.0, 0.0, 0.0, 0.0, 1.769680283244344E9, 0.0, 2026-01-29 15:21:23.244
37.0, 72604.7915345182, -106142.75707516159, 72665.32005850316, -163318.2511709036, -128631.58477921305, -85189.91889833438, -86601.00687754237, -81541.15307821668, -0.77, -0.294, 0.562, 192.0, 0.0, 0.0, 0.0, 0.0, 0.0, 0.0, 0.0, 0.0, 0.0, 1.769680283244441E9, 0.0, 2026-01-29 15:21:23.244
38.0, 72509.28253046067, -99678.58787519787, 72640.55432564668, -157190.96746337027, -128625.72862216576, -85185.51560467668, -86598.95051705248, -81540.63898809422, -0.77, -0.294, 0.562, 192.0, 0.0, 0.0, 0.0, 0.0, 0.0, 0.0, 0.0, 0.0, 0.0, 1.769680283244527E9, 0.0, 2026-01-29 15:21:23.244
39.0, 72601.19290366089, -108827.22393598843, 71944.61041028624, -167743.47188990974, -128632.0094623577, -85190.52239543467, -86600.62689788663, -81544.43878465162, -0.77, -0.294, 0.562, 192.0, 0.0, 0.0, 0.0, 0.0, 0.0, 0.0, 0.0, 0.0, 0.0, 1.769680283244611E9, 0.0, 2026-01-29 15:21:23.244
40.0, 72737.78441402726, -120116.01717663016, 60009.5164787193, -179536.2299127853, -128641.53130549566, -85199.35133449452, -86604.71726712195, -81550.71962484356, -0.77, -0.294, 0.562, 192.0, 0.0, 0.0, 0.0, 0.0, 0.0, 0.0, 0.0, 0.0, 0.0, 1.769680283244727E9, 0.0, 2026-01-29 15:21:23.244
41.0, 72732.8670302471, -118669.8146068829, 65106.5188773297, -177111.84795044042, -128640.25725606171, -85200.42421822838, -86605.43252294452, -81553.26772371147, -0.766, -0.292, 0.56, 192.0, 232.0, 16.0, 246.0, 224.0, 17.0, 128.0, 0.0, 0.0, 0.0, 1.769680283244825E9, 0.0, 2026-01-29 15:21:23.244
42.0, 72580.53989178418, -106050.3773153278, 72651.30551472968, -163170.77436098747, -128629.81899140109, -85193.58458442504, -86602.70561012097, -81551.97132253305, -0.766, -0.292, 0.56, 192.0, 0.0, 0.0, 0.0, 0.0, 0.0, 0.0, 0.0, 0.0, 0.0, 1.769680283244919E9, 0.0, 2026-01-29 15:21:23.244
43.0, 72489.97062325128, -99761.57990236043, 72621.2871219262, -157216.1131758825, -128626.68974717734, -85192.13172103545, -86603.4879211769, -81554.27355221195, -0.766, -0.292, 0.56, 192.0, 0.0, 0.0, 0.0, 0.0, 0.0, 0.0, 0.0, 0.0, 0.0, 1.769680283245018E9, 0.0, 2026-01-29 15:21:23.245
44.0, 72583.17739762992, -109010.15061261065, 71898.69992717504, -167885.6736881344, -128633.17175306939, -85197.33967749354, -86605.29841247779, -81558.252162725, -0.766, -0.292, 0.56, 192.0, 0.0, 0.0, 0.0, 0.0, 0.0, 0.0, 0.0, 0.0, 0.0, 1.769680283304127E9, 0.0, 2026-01-29 15:21:23.304
45.0, 72716.57260853918, -120190.64965136645, 59990.02575755427, -179570.80806145765, -128640.45842176181, -85204.08990431904, -86607.26536598985, -81562.36488370478, -0.766, -0.292, 0.56, 192.0, 0.0, 0.0, 0.0, 0.0, 0.0, 0.0, 0.0, 0.0, 0.0, 1.769680283304243E9, 0.0, 2026-01-29 15:21:23.304
46.0, 72709.82238171367, -118596.97027170305, 65273.59816713312, -176994.1213123943, -128639.54200023915, -85205.38630549745, -86608.22649100143, -81565.29296222841, -0.766, -0.292, 0.56, 192.0, 0.0, 0.0, 0.0, 0.0, 0.0, 0.0, 0.0, 0.0, 0.0, 1.769680283304338E9, 0.0, 2026-01-29 15:21:23.304
47.0, 72558.14344383996, -105936.04814243891, 72634.98874127731, -163005.1702863181, -128630.84717164603, -85200.29010776164, -86607.2430142454, -81565.78470060644, -0.766, -0.292, 0.56, 192.0, 0.0, 0.0, 0.0, 0.0, 0.0, 0.0, 0.0, 0.0, 0.0, 1.76968028330444E9, 0.0, 2026-01-29 15:21:23.304
48.0, 72467.77534100716, -99811.40194075131, 72599.09183968209, -157243.3152488846, -128626.60034019953, -85197.4067327269, -86606.6395171451, -81566.7011221291, -0.766, -0.292, 0.56, 192.0, 0.0, 0.0, 0.0, 0.0, 0.0, 0.0, 0.0, 0.0, 0.0, 1.769680283304576E9, 0.0, 2026-01-29 15:21:23.304
49.0, 72563.41845553141, -109157.1133324043, 71852.49887138592, -168021.8628671006, -128634.22228505879, -85203.97814559676, -86609.70170613549, -81571.79731986491, -0.766, -0.292, 0.56, 192.0, 0.0, 0.0, 0.0, 0.0, 0.0, 0.0, 0.0, 0.0, 0.0, 1.769680283304684E9, 0.0, 2026-01-29 15:21:23.304
50.0, 72697.28305307425, -120243.75739619225, 60129.74651214439, -179606.7496665418, -128643.05122411862, -85212.3600497675, -86613.23328175941, -81577.45231121211, -0.766, -0.292, 0.56, 192.0, 0.0, 0.0, 0.0, 0.0, 0.0, 0.0, 0.0, 0.0, 0.0, 1.769680283304771E9, 0.0, 2026-01-29 15:21:23.304
51.0, 72688.07413435867, -118495.85097978724, 65602.72760423752, -176862.22366836356, -128641.79952642912, -85213.4105817569, -86613.948537582, -81580.02276182447, -0.766, -0.28800000000000003, 0.562, 192.0, 232.0, 16.0, 247.0, 0.0, 17.0, 144.0, 0.0, 0.0, 0.0, 1.769680283304869E9, 0.0, 2026-01-29 15:21:23.304
52.0, 72535.83640287357, -105809.17964091059, 72621.75650855977, -162836.99576103638, -128633.41762225839, -85208.73906716575, -86613.32268873724, -81580.87212811377, -0.766, -0.28800000000000003, 0.562, 192.0, 0.0, 0.0, 0.0, 0.0, 0.0, 0.0, 0.0, 0.0, 0.0, 1.769680283304964E9, 0.0, 2026-01-29 15:21:23.304
53.0, 72447.39055006392, -99881.16173519632, 72578.70704873884, -157280.4191446804, -128629.5060669787, -85206.2133200423, -86612.85330210369, -81582.05677056989, -0.766, -0.28800000000000003, 0.562, 192.0, 0.0, 0.0, 0.0, 0.0, 0.0, 0.0, 0.0, 0.0, 0.0, 1.76968028330505E9, 0.0, 2026-01-29 15:21:23.305
54.0, 72540.44086223136, -109328.66297109879, 71799.5922922602, -168153.67110415353, -128633.5070292362, -85208.9625846103, -86612.02628755884, -81583.35317174831, -0.766, -0.28800000000000003, 0.562, 192.0, 0.0, 0.0, 0.0, 0.0, 0.0, 0.0, 0.0, 0.0, 0.0, 1.769680283305224E9, 0.0, 2026-01-29 15:21:23.305
55.0, 72671.46678822837, -120306.02935624473, 60234.68795236206, -179635.42695467794, -128640.43607001736, -85215.62340445798, -86613.81442711526, -81587.39883749472, -0.766, -0.28800000000000003, 0.562, 192.0, 0.0, 0.0, 0.0, 0.0, 0.0, 0.0, 0.0, 0.0, 0.0, 1.769680283305333E9, 0.0, 2026-01-29 15:21:23.305
56.0, 72661.34144799011, -118387.445019179, 65932.92992507576, -176727.2191318535, -128640.03373861716, -85217.63506145896, -86615.62491841614, -81590.99746835203, -0.766, -0.28800000000000003, 0.562, 192.0, 0.0, 0.0, 0.0, 0.0, 0.0, 0.0, 0.0, 0.0, 0.0, 1.76968028330544E9, 0.0, 2026-01-29 15:21:23.305
57.0, 72509.32723394957, -105677.05847943528, 72604.23274090681, -162677.82898877014, -128632.47884899126, -85213.63409920146, -86615.93784283851, -81592.62914569725, -0.766, -0.28800000000000003, 0.562, 192.0, 0.0, 0.0, 0.0, 0.0, 0.0, 0.0, 0.0, 0.0, 0.0, 1.769680283305527E9, 0.0, 2026-01-29 15:21:23.305
58.0, 72423.22831430774, -99927.47454970772, 72554.54481298265, -157304.2908077587, -128628.8578663895, -85211.28716603365, -86615.71432539396, -81593.8584916423, -0.766, -0.28800000000000003, 0.562, 192.0, 0.0, 0.0, 0.0, 0.0, 0.0, 0.0, 0.0, 0.0, 0.0, 1.769680283305613E9, 0.0, 2026-01-29 15:21:23.305
59.0, 72520.99484455524, -109469.05427802257, 71760.14146329659, -168295.0235360889, -128636.32334903757, -85217.65741320341, -86618.46358996196, -81598.7088201891, -0.766, -0.28800000000000003, 0.562, 192.0, 0.0, 0.0, 0.0, 0.0, 0.0, 0.0, 0.0, 0.0, 0.0, 1.769680283364027E9, 0.0, 2026-01-29 15:21:23.364
60.0, 72653.36187521958, -120335.17603101446, 60395.77697465146, -179665.66886492597, -128645.55461949762, -85226.41929702989, -86622.41984873055, -81604.9673086366, -0.766, -0.28800000000000003, 0.562, 192.0, 0.0, 0.0, 0.0, 0.0, 0.0, 0.0, 0.0, 0.0, 0.0, 1.76968028336414E9, 0.0, 2026-01-29 15:21:23.364
61.0, 72640.3978634355, -118260.82238683969, 66230.54340249818, -176595.8355779452, -128644.36997704148, -85227.5145325082, -86623.26921501986, -81607.69422146013, -0.768, -0.28800000000000003, 0.562, 192.0, 232.0, 0.0, 247.0, 0.0, 17.0, 144.0, 0.0, 0.0, 0.0, 1.769680283364223E9, 0.0, 2026-01-29 15:21:23.364
62.0, 72485.92495750487, -105535.59428877763, 72587.31247035414, -162524.42896657335, -128634.7140234368, -85221.43485801636, -86621.3022615078, -81607.29189005995, -0.768, -0.28800000000000003, 0.562, 192.0, 0.0, 0.0, 0.0, 0.0, 0.0, 0.0, 0.0, 0.0, 0.0, 1.769680283364312E9, 0.0, 2026-01-29 15:21:23.364
63.0, 72402.19532277528, -99973.07210839655, 72533.40006272795, -157332.96809589484, -128631.42831700186, -85219.53495973766, -86621.45872371897, -81608.90121566072, -0.768, -0.28800000000000003, 0.562, 192.0, 0.0, 0.0, 0.0, 0.0, 0.0, 0.0, 0.0, 0.0, 0.0, 1.769680283364459E9, 0.0, 2026-01-29 15:21:23.364
64.0, 72502.24173095725, -109606.51750642271, 71746.95393406796, -168422.5625899509, -128639.92197989488, -85226.79927668563, -86625.23616853192, -81614.75737270802, -0.768, -0.28800000000000003, 0.562, 192.0, 0.0, 0.0, 0.0, 0.0, 0.0, 0.0, 0.0, 0.0, 0.0, 1.769680283364563E9, 0.0, 2026-01-29 15:21:23.364
65.0, 72631.85949705356, -120343.49087995183, 60870.95271002683, -179680.21985056638, -128647.09688986503, -85233.6612622334, -86627.40428774408, -81619.16066636571, -0.768, -0.28800000000000003, 0.562, 192.0, 0.0, 0.0, 0.0, 0.0, 0.0, 0.0, 0.0, 0.0, 0.0, 1.769680283364644E9, 0.0, 2026-01-29 15:21:23.364
66.0, 72618.69431956939, -118117.43594615889, 66707.75314661898, -176456.96418964438, -128647.45451777632, -85236.3658233125, -86630.01944184536, -81623.74277397904, -0.768, -0.28800000000000003, 0.562, 192.0, 0.0, 0.0, 0.0, 0.0, 0.0, 0.0, 0.0, 0.0, 0.0, 1.769680283364737E9, 0.0, 2026-01-29 15:21:23.364
67.0, 72466.7024572733, -105391.82786844109, 72575.71191498183, -162350.822967389, -128640.83840141755, -85233.08011687758, -86630.91351162357, -81626.13441063576, -0.768, -0.28800000000000003, 0.562, 192.0, 0.0, 0.0, 0.0, 0.0, 0.0, 0.0, 0.0, 0.0, 0.0, 1.769680283364852E9, 0.0, 2026-01-29 15:21:23.364
68.0, 72381.20703473175, -100029.39850442392, 72512.61294038451, -157357.1973868844, -128633.81995365859, -85227.33571855257, -86627.06901157726, -81623.74277397904, -0.768, -0.28800000000000003, 0.562, 192.0, 0.0, 0.0, 0.0, 0.0, 0.0, 0.0, 0.0, 0.0, 0.0, 1.769680283365E9, 0.0, 2026-01-29 15:21:23.365
69.0, 72481.856940014, -109752.02736282676, 71725.38450066859, -168537.60701866235, -128641.44189851785, -85233.8177244446, -86629.97473835644, -81628.77191648149, -0.768, -0.28800000000000003, 0.562, 192.0, 0.0, 0.0, 0.0, 0.0, 0.0, 0.0, 0.0, 0.0, 0.0, 1.769680283365103E9, 0.0, 2026-01-29 15:21:23.365
70.0, 72613.46401136686, -120378.3148978132, 61169.08027757172, -179704.94087993394, -128651.74605271174, -85243.65249200494, -86635.38386051463, -81636.23739912956, -0.768, -0.28800000000000003, 0.562, 192.0, 0.0, 0.0, 0.0, 0.0, 0.0, 0.0, 0.0, 0.0, 0.0, 1.769680283365205E9, 0.0, 2026-01-29 15:21:23.365
71.0, 72594.95676695785, -117997.36237494498, 67048.57254607351, -176324.84302816904, -128648.10271836552, -85242.49020129326, -86634.13216282513, -81636.79619274095, -0.77, -0.294, 0.562, 192.0, 231.0, 240.0, 246.0, 208.0, 17.0, 144.0, 0.0, 0.0, 0.0, 1.769680283365306E9, 0.0, 2026-01-29 15:21:23.365
72.0, 72440.19328834931, -105269.72028848175, 72554.41070251593, -162203.83789585088, -128638.60322697202, -85236.43287854588, -86632.29931977979, -81636.4162130852, -0.77, -0.294, 0.562, 192.0, 0.0, 0.0, 0.0, 0.0, 0.0, 0.0, 0.0, 0.0, 0.0, 1.769680283365397E9, 0.0, 2026-01-29 15:21:23.365
73.0, 72359.81641528802, -100097.88424943498, 72490.97645175176, -157379.9961662288, -128634.17758156986, -85233.32598606659, -86630.98056685693, -81636.66208227421, -0.77, -0.294, 0.562, 192.0, 0.0, 0.0, 0.0, 0.0, 0.0, 0.0, 0.0, 0.0, 0.0, 1.769680283365489E9, 0.0, 2026-01-29 15:21:23.365
74.0, 72461.8521287265, -109905.02505362334, 71690.6722415295, -168657.18885149824, -128641.88893340695, -85239.85269544754, -86633.84159014722, -81641.57946605438, -0.77, -0.294, 0.562, 192.0, 0.0, 0.0, 0.0, 0.0, 0.0, 0.0, 0.0, 0.0, 0.0, 1.769680283424701E9, 0.0, 2026-01-29 15:21:23.424
75.0, 72587.3795255875, -120408.82502899469, 61304.30833152632, -179721.14589466405, -128646.91807590939, -85244.43480306087, -86633.77453491384, -81643.74758526655, -0.77, -0.294, 0.562, 192.0, 0.0, 0.0, 0.0, 0.0, 0.0, 0.0, 0.0, 0.0, 0.0, 1.769680283424812E9, 0.0, 2026-01-29 15:21:23.424
76.0, 72569.31931606762, -117883.16731252281, 67253.89567063996, -176204.27771857713, -128645.28639856416, -85245.19476237235, -86634.55684596978, -81646.27333239, -0.77, -0.294, 0.562, 192.0, 0.0, 0.0, 0.0, 0.0, 0.0, 0.0, 0.0, 0.0, 0.0, 1.7696802834249E9, 0.0, 2026-01-29 15:21:23.424
77.0, 72416.47808748223, -105155.3687638484, 72533.84709761705, -162062.99955403802, -128637.82091591609, -85241.3726140705, -86634.89212213662, -81647.9720649686, -0.77, -0.294, 0.562, 192.0, 0.0, 0.0, 0.0, 0.0, 0.0, 0.0, 0.0, 0.0, 0.0, 1.769680283424987E9, 0.0, 2026-01-29 15:21:23.424
78.0, 72339.02929294459, -100169.09690726959, 72470.30108813061, -157417.77061435828, -128634.3116920366, -85239.18214311388, -86634.51214248087, -81649.08965219137, -0.77, -0.294, 0.562, 192.0, 0.0, 0.0, 0.0, 0.0, 0.0, 0.0, 0.0, 0.0, 0.0, 1.769680283425121E9, 0.0, 2026-01-29 15:21:23.425
79.0, 72440.48386102723, -110062.29192761087, 71638.30210427071, -168796.77549562164, -128640.10079385052, -85243.69719549385, -86635.38386051463, -81652.08478594838, -0.77, -0.294, 0.562, 192.0, 0.0, 0.0, 0.0, 0.0, 0.0, 0.0, 0.0, 0.0, 0.0, 1.769680283425246E9, 0.0, 2026-01-29 15:21:23.425
80.0, 72568.11232186703, -120446.3759596796, 61380.10309697427, -179749.19733395547, -128647.85684917652, -85251.09562290856, -86638.11077333818, -81657.04687321745, -0.77, -0.294, 0.562, 192.0, 0.0, 0.0, 0.0, 0.0, 0.0, 0.0, 0.0, 0.0, 0.0, 1.769680283425333E9, 0.0, 2026-01-29 15:21:23.425
81.0, 72549.62742920249, -117772.1014943244, 67452.2226991919, -176081.09725488393, -128647.43216603187, -85253.04022467617, -86640.21183731698, -81660.91372500823, -0.772, -0.28800000000000003, 0.562, 192.0, 231.0, 224.0, 247.0, 0.0, 17.0, 144.0, 0.0, 0.0, 0.0, 1.769680283425443E9, 0.0, 2026-01-29 15:21:23.425
82.0, 72395.0427645496, -105047.45454161818, 72515.00457704123, -161922.78706106986, -128638.33500603856, -85247.54169554016, -86638.87073264965, -81660.89137326377, -0.772, -0.28800000000000003, 0.562, 192.0, 0.0, 0.0, 0.0, 0.0, 0.0, 0.0, 0.0, 0.0, 0.0, 1.769680283425538E9, 0.0, 2026-01-29 15:21:23.425
83.0, 72322.06431890301, -100273.97129225389, 72453.38081757794, -157498.1251356751, -128637.39623277144, -85247.85461996253, -86640.92709313954, -81664.44530063216, -0.772, -0.28800000000000003, 0.562, 192.0, 0.0, 0.0, 0.0, 0.0, 0.0, 0.0, 0.0, 0.0, 0.0, 1.769680283425624E9, 0.0, 2026-01-29 15:21:23.425
84.0, 72426.80459342059, -110248.88429032378, 71571.02335346024, -168964.41357903642, -128645.39815728643, -85254.58249504358, -86643.92222689655, -81669.60855360134, -0.772, -0.28800000000000003, 0.562, 192.0, 0.0, 0.0, 0.0, 0.0, 0.0, 0.0, 0.0, 0.0, 0.0, 1.76968028342571E9, 0.0, 2026-01-29 15:21:23.425
85.0, 72553.00254261524, -120491.5935387127, 61310.008026362426, -179798.52763396833, -128652.99775040123, -85261.89151548047, -86646.71619495346, -81674.5259373815, -0.772, -0.28800000000000003, 0.562, 192.0, 0.0, 0.0, 0.0, 0.0, 0.0, 0.0, 0.0, 0.0, 0.0, 1.76968028342581E9, 0.0, 2026-01-29 15:21:23.425
86.0, 72530.9190190934, -117645.7247311741, 67615.12221278217, -175948.79727945296, -128650.85198293353, -85262.15973641393, -86647.18558158704, -81676.8281670604, -0.772, -0.28800000000000003, 0.562, 192.0, 0.0, 0.0, 0.0, 0.0, 0.0, 0.0, 0.0, 0.0, 0.0, 1.769680283425919E9, 0.0, 2026-01-29 15:21:23.425
87.0, 72374.92619453982, -104920.5636883454, 72497.27964368816, -161778.08186746622, -128640.8160496731, -85255.65537877743, -86644.77159318585, -81675.9788007711, -0.772, -0.28800000000000003, 0.562, 192.0, 0.0, 0.0, 0.0, 0.0, 0.0, 0.0, 0.0, 0.0, 0.0, 1.769680283426006E9, 0.0, 2026-01-29 15:21:23.426
88.0, 72300.80780992602, -100341.83118842021, 72432.25841906767, -157552.8422061017, -128636.45745950431, -85252.54848629815, -86643.34108154073, -81676.00115251556, -0.772, -0.28800000000000003, 0.562, 192.0, 0.0, 0.0, 0.0, 0.0, 0.0, 0.0, 0.0, 0.0, 0.0, 1.769680283426093E9, 0.0, 2026-01-29 15:21:23.426
89.0, 72406.68802341081, -110389.8567426034, 71523.57059998163, -169114.70670875392, -128644.2135148303, -85259.03049219018, -86646.13504959764, -81680.8291293179, -0.772, -0.28800000000000003, 0.562, 192.0, 0.0, 0.0, 0.0, 0.0, 0.0, 0.0, 0.0, 0.0, 0.0, 1.769680283484408E9, 0.0, 2026-01-29 15:21:23.484
90.0, 72531.99190282726, -120489.3360125227, 61384.953425521075, -179818.26422432237, -128652.23779108976, -85266.76419577173, -86649.197238588, -81686.08178926489, -0.772, -0.28800000000000003, 0.562, 192.0, 0.0, 0.0, 0.0, 0.0, 0.0, 0.0, 0.0, 0.0, 0.0, 1.769680283484517E9, 0.0, 2026-01-29 15:21:23.484
91.0, 72509.08136476057, -117483.58517689529, 67793.66794749117, -175816.72082146656, -128651.07550037808, -85268.08294869459, -86650.73950895542, -81689.52395791102, -0.772, -0.29, 0.562, 192.0, 231.0, 224.0, 246.0, 240.0, 17.0, 144.0, 0.0, 0.0, 0.0, 1.769680283484602E9, 0.0, 2026-01-29 15:21:23.484
92.0, 72353.33440939599, -104777.75839302044, 72477.63246031194, -161635.6118483081, -128641.55365724012, -85262.04797769165, -86649.01842463236, -81689.12162651082, -0.772, -0.29, 0.562, 192.0, 0.0, 0.0, 0.0, 0.0, 0.0, 0.0, 0.0, 0.0, 0.0, 1.769680283484693E9, 0.0, 2026-01-29 15:21:23.484
93.0, 72283.3063940175, -100415.7484073339, 72414.57818920353, -157588.80616293027, -128639.47494500577, -85261.15390791344, -86649.5995699882, -81691.26739397853, -0.772, -0.29, 0.562, 192.0, 0.0, 0.0, 0.0, 0.0, 0.0, 0.0, 0.0, 0.0, 0.0, 1.769680283484834E9, 0.0, 2026-01-29 15:21:23.484
94.0, 72389.2313109912, -110549.02351486964, 71529.69497796238, -169238.75889048088, -128646.62750323147, -85267.0771201941, -86651.76768920037, -81695.49187368058, -0.772, -0.29, 0.562, 192.0, 0.0, 0.0, 0.0, 0.0, 0.0, 0.0, 0.0, 0.0, 0.0, 1.769680283484944E9, 0.0, 2026-01-29 15:21:23.484
95.0, 72513.14938225143, -120498.12024809365, 61922.78110060467, -179820.23117783442, -128654.65177949093, -85274.83317552009, -86655.0086921464, -81701.0351063055, -0.772, -0.29, 0.562, 192.0, 0.0, 0.0, 0.0, 0.0, 0.0, 0.0, 0.0, 0.0, 0.0, 1.769680283485032E9, 0.0, 2026-01-29 15:21:23.485
96.0, 72487.78015229465, -117330.94511401, 68175.70396372127, -175670.94274412905, -128653.28832307916, -85275.95076274285, -86656.39450030262, -81704.14199878479, -0.772, -0.29, 0.562, 192.0, 0.0, 0.0, 0.0, 0.0, 0.0, 0.0, 0.0, 0.0, 0.0, 1.769680283485129E9, 0.0, 2026-01-29 15:21:23.485
97.0, 72329.66391201782, -104629.32045809276, 72456.28654435714, -161465.604479981, -128641.73247119576, -85267.9711899723, -86652.63940723412, -81701.72801038361, -0.772, -0.29, 0.562, 192.0, 0.0, 0.0, 0.0, 0.0, 0.0, 0.0, 0.0, 0.0, 0.0, 1.769680283485215E9, 0.0, 2026-01-29 15:21:23.485
98.0, 72261.13346351785, -100459.40136425511, 72392.42761044831, -157604.2959218378, -128639.29613105014, -85266.65243704944, -86652.81822118977, -81703.47144645112, -0.772, -0.29, 0.562, 192.0, 0.0, 0.0, 0.0, 0.0, 0.0, 0.0, 0.0, 0.0, 0.0, 1.769680283485302E9, 0.0, 2026-01-29 15:21:23.485
99.0, 72369.60647935946, -110663.55385345864, 71542.86015544656, -169323.7178711555, -128647.94625615433, -85274.0285127197, -86656.3050933248, -81709.08173430941, -0.772, -0.29, 0.562, 192.0, 0.0, 0.0, 0.0, 0.0, 0.0, 0.0, 0.0, 0.0, 0.0, 1.769680283485388E9, 0.0, 2026-01-29 15:21:23.485
100.0, 72491.9599285078, -120498.1425998381, 62531.93319224515, -179803.37796251514, -128655.50114578023, -85281.27047792322, -86659.18846835953, -81714.15558030076, -0.772, -0.29, 0.562, 192.0, 0.0, 0.0, 0.0, 0.0, 0.0, 0.0, 0.0, 0.0, 0.0, 1.769680283485505E9, 0.0, 2026-01-29 15:21:23.485
101.0, 72463.72967526075, -117198.33221415666, 68580.69522150699, -175513.60881490813, -128652.97539865678, -85281.15871920095, -86659.41198580408, -81716.23429253511, -0.774, -0.292, 0.5640000000000001, 192.0, 231.0, 208.0, 246.0, 224.0, 17.0, 160.0, 0.0, 0.0, 0.0, 1.76968028348561E9, 0.0, 2026-01-29 15:21:23.485
102.0, 72307.51333326261, -104508.0175409338, 72436.25938132517, -161304.67191990282, -128643.54296249665, -85275.2802104092, -86657.7579567144, -81715.87666462382, -0.774, -0.292, 0.5640000000000001, 192.0, 0.0, 0.0, 0.0, 0.0, 0.0, 0.0, 0.0, 0.0, 0.0, 1.769680283485709E9, 0.0, 2026-01-29 15:21:23.485
103.0, 72241.12865223034, -100526.38954238768, 72372.46750264973, -157618.22105863347, -128641.19602932883, -85274.0732162086, -86658.02617764786, -81717.73185941362, -0.774, -0.292, 0.5640000000000001, 192.0, 0.0, 0.0, 0.0, 0.0, 0.0, 0.0, 0.0, 0.0, 0.0, 1.769680283485801E9, 0.0, 2026-01-29 15:21:23.485
104.0, 72347.74647328215, -110807.655549962, 71541.7872717127, -169422.46787815905, -128646.80631718712, -85278.4765098663, -86658.51791602587, -81720.34701351488, -0.774, -0.292, 0.5640000000000001, 192.0, 0.0, 0.0, 0.0, 0.0, 0.0, 0.0, 0.0, 0.0, 0.0, 1.769680283544871E9, 0.0, 2026-01-29 15:21:23.544
105.0, 72469.38466660795, -120522.3495390832, 62951.676601371364, -179802.14861657008, -128654.60707600202, -85286.00904774775, -86661.66951199407, -81725.59967346188, -0.774, -0.292, 0.5640000000000001, 192.0, 0.0, 0.0, 0.0, 0.0, 0.0, 0.0, 0.0, 0.0, 0.0, 1.769680283544983E9, 0.0, 2026-01-29 15:21:23.544
106.0, 72443.30018082859, -117083.62306161203, 68859.1532539312, -175370.3564846941, -128655.65760799142, -85289.45121639386, -86665.67047425157, -81731.3887752758, -0.774, -0.292, 0.5640000000000001, 192.0, 0.0, 0.0, 0.0, 0.0, 0.0, 0.0, 0.0, 0.0, 0.0, 1.769680283545069E9, 0.0, 2026-01-29 15:21:23.545
107.0, 72288.26848128659, -104408.32876066313, 72418.0427095941, -161159.9890780436, -128647.78979394316, -85285.04792273616, -86665.58106727376, -81732.77458343204, -0.774, -0.292, 0.5640000000000001, 192.0, 0.0, 0.0, 0.0, 0.0, 0.0, 0.0, 0.0, 0.0, 0.0, 1.769680283545152E9, 0.0, 2026-01-29 15:21:23.545
108.0, 72222.97903573264, -100604.28537181442, 72354.25083091865, -157649.62525959316, -128644.79466018613, -85282.99156224627, -86665.04462540682, -81733.78041193253, -0.774, -0.292, 0.5640000000000001, 192.0, 0.0, 0.0, 0.0, 0.0, 0.0, 0.0, 0.0, 0.0, 0.0, 1.769680283545279E9, 0.0, 2026-01-29 15:21:23.545
109.0, 72331.31794110751, -110964.94477569399, 71539.12741412251, -169546.520059886, -128651.47783177828, -85288.33362917109, -86666.51984054087, -81737.35669104537, -0.774, -0.292, 0.5640000000000001, 192.0, 0.0, 0.0, 0.0, 0.0, 0.0, 0.0, 0.0, 0.0, 0.0, 1.769680283545385E9, 0.0, 2026-01-29 15:21:23.545
110.0, 72449.33515183153, -120554.49134760993, 63305.95175098798, -179806.86483465016, -128656.84225044755, -85293.38512341799, -86667.25744810789, -81740.2400660801, -0.774, -0.292, 0.5640000000000001, 192.0, 0.0, 0.0, 0.0, 0.0, 0.0, 0.0, 0.0, 0.0, 0.0, 1.769680283545484E9, 0.0, 2026-01-29 15:21:23.545
111.0, 72415.20403804828, -116974.54654867013, 69082.02249789507, -175229.67460509238, -128651.65664573392, -85290.72526582782, -86664.99992191792, -81739.7483277021, -0.766, -0.292, 0.562, 192.0, 232.0, 16.0, 246.0, 224.0, 17.0, 144.0, 0.0, 0.0, 0.0, 1.769680283545578E9, 0.0, 2026-01-29 15:21:23.545
112.0, 72260.17233850627, -104314.20556476183, 72390.46065693625, -161013.02635824995, -128643.65472121892, -85286.34432391457, -86664.88816319563, -81741.0447288805, -0.766, -0.292, 0.562, 192.0, 0.0, 0.0, 0.0, 0.0, 0.0, 0.0, 0.0, 0.0, 0.0, 1.769680283545667E9, 0.0, 2026-01-29 15:21:23.545
113.0, 72201.58841628891, -100697.8721258488, 72332.90491496383, -157697.86032412772, -128645.48756426426, -85289.31710592713, -86669.13499464214, -81746.78912720551, -0.766, -0.292, 0.562, 192.0, 0.0, 0.0, 0.0, 0.0, 0.0, 0.0, 0.0, 0.0, 0.0, 1.769680283545749E9, 0.0, 2026-01-29 15:21:23.545
114.0, 72316.14110662235, -111131.24175444148, 71492.34521297755, -169682.39631442982, -128657.17752661438, -85299.71066709884, -86675.460538323, -81755.32749358744, -0.766, -0.292, 0.562, 192.0, 0.0, 0.0, 0.0, 0.0, 0.0, 0.0, 0.0, 0.0, 0.0, 1.769680283545831E9, 0.0, 2026-01-29 15:21:23.545
115.0, 72435.9017534139, -120601.18414177706, 63429.62395305919, -179820.7899714458, -128665.40296857394, -85307.66788812494, -86679.19327964704, -81761.16129889028, -0.766, -0.292, 0.562, 192.0, 0.0, 0.0, 0.0, 0.0, 0.0, 0.0, 0.0, 0.0, 0.0, 1.769680283545924E9, 0.0, 2026-01-29 15:21:23.545
116.0, 72402.6423576644, -116885.60895748246, 69264.23391869474, -175100.45917039624, -128662.67605575039, -85307.37731544701, -86679.64031453614, -81763.10590065789, -0.766, -0.292, 0.562, 192.0, 0.0, 0.0, 0.0, 0.0, 0.0, 0.0, 0.0, 0.0, 0.0, 1.769680283546026E9, 0.0, 2026-01-29 15:21:23.546
117.0, 72244.52611738755, -104247.66442151838, 72375.21676721773, -160899.47949641699, -128651.61194224501, -85299.86712931003, -86676.26520112339, -81761.20600237919, -0.766, -0.292, 0.562, 192.0, 0.0, 0.0, 0.0, 0.0, 0.0, 0.0, 0.0, 0.0, 0.0, 1.76968028354611E9, 0.0, 2026-01-29 15:21:23.546
118.0, 72183.17057885774, -100824.047723299, 72314.39767055484, -157794.41986017465, -128648.39329104344, -85297.76606533123, -86675.3040761118, -81761.92125820175, -0.766, -0.292, 0.562, 192.0, 0.0, 0.0, 0.0, 0.0, 0.0, 0.0, 0.0, 0.0, 0.0, 1.769680283546193E9, 0.0, 2026-01-29 15:21:23.546
119.0, 72294.59402496745, -111302.38906173577, 71420.73022374275, -169843.91001986386, -128655.88112543598, -85303.9798502898, -86677.51689881289, -81766.19044139271, -0.766, -0.292, 0.562, 192.0, 0.0, 0.0, 0.0, 0.0, 0.0, 0.0, 0.0, 0.0, 0.0, 1.769680283605118E9, 0.0, 2026-01-29 15:21:23.605
120.0, 72410.44311647929, -120613.09762157174, 63353.806835866795, -179844.3487101017, -128661.4690615498, -85309.14310325899, -86678.52272731338, -81769.34203736091, -0.766, -0.292, 0.562, 192.0, 0.0, 0.0, 0.0, 0.0, 0.0, 0.0, 0.0, 0.0, 0.0, 1.769680283605244E9, 0.0, 2026-01-29 15:21:23.605
121.0, 72377.60840387444, -116737.3498365104, 69341.48154753227, -174954.7034448032, -128660.55264002713, -85310.8418358376, -86680.64614303663, -81773.32064787396, -0.768, -0.29, 0.5640000000000001, 192.0, 232.0, 0.0, 246.0, 240.0, 17.0, 160.0, 0.0, 0.0, 0.0, 1.769680283605332E9, 0.0, 2026-01-29 15:21:23.605
122.0, 72221.25795140957, -104139.41492312134, 72352.23917391768, -160779.3388699697, -128651.07550037808, -85304.96332704584, -86678.92505871356, -81772.94066821822, -0.768, -0.29, 0.5640000000000001, 192.0, 0.0, 0.0, 0.0, 0.0, 0.0, 0.0, 0.0, 0.0, 0.0, 1.769680283605438E9, 0.0, 2026-01-29 15:21:23.605
123.0, 72162.96460187013, -100923.20006170274, 72294.23639705616, -157871.42161982317, -128648.57210499908, -85303.48811191179, -86678.74624475793, -81774.30412463, -0.768, -0.29, 0.5640000000000001, 192.0, 0.0, 0.0, 0.0, 0.0, 0.0, 0.0, 0.0, 0.0, 0.0, 1.769680283605572E9, 0.0, 2026-01-29 15:21:23.605
124.0, 72275.21506252469, -111444.3002872825, 71412.48243003874, -169991.0292018687, -128656.32816032508, -85309.8360073371, -86681.204936648, -81778.79682526551, -0.768, -0.29, 0.5640000000000001, 192.0, 0.0, 0.0, 0.0, 0.0, 0.0, 0.0, 0.0, 0.0, 0.0, 1.769680283605683E9, 0.0, 2026-01-29 15:21:23.605
125.0, 72391.57824415901, -120593.00340330641, 63648.35812429883, -179852.28357938334, -128664.06186390661, -85317.27913824072, -86684.44593959404, -81784.11654044587, -0.768, -0.29, 0.5640000000000001, 192.0, 0.0, 0.0, 0.0, 0.0, 0.0, 0.0, 0.0, 0.0, 0.0, 1.769680283605774E9, 0.0, 2026-01-29 15:21:23.605
126.0, 72354.56375534103, -116582.2734334795, 69510.77366003676, -174833.60169334433, -128660.93261968288, -85316.7873998627, -86684.5129948274, -81785.97173523567, -0.768, -0.29, 0.5640000000000001, 192.0, 0.0, 0.0, 0.0, 0.0, 0.0, 0.0, 0.0, 0.0, 0.0, 1.76968028360587E9, 0.0, 2026-01-29 15:21:23.605
127.0, 72198.99561393209, -104021.57652635295, 72330.20035388475, -160652.40331320802, -128652.26014283422, -85311.80296084916, -86683.61892504919, -81786.39641838032, -0.768, -0.29, 0.5640000000000001, 192.0, 0.0, 0.0, 0.0, 0.0, 0.0, 0.0, 0.0, 0.0, 0.0, 1.769680283605957E9, 0.0, 2026-01-29 15:21:23.605
128.0, 72143.6303429163, -100997.34079806099, 72274.90213810232, -157920.34958843584, -128651.07550037808, -85311.60179514906, -86684.49064308294, -81788.76570329258, -0.768, -0.29, 0.5640000000000001, 192.0, 0.0, 0.0, 0.0, 0.0, 0.0, 0.0, 0.0, 0.0, 0.0, 1.769680283606043E9, 0.0, 2026-01-29 15:21:23.606
129.0, 72258.29479197202, -111560.6858206613, 71413.46590679478, -170098.38463048753, -128660.28441909367, -85319.64842315298, -86688.49160534044, -81794.86772952888, -0.768, -0.29, 0.5640000000000001, 192.0, 0.0, 0.0, 0.0, 0.0, 0.0, 0.0, 0.0, 0.0, 0.0, 1.769680283606131E9, 0.0, 2026-01-29 15:21:23.606
130.0, 72371.79695031607, -120550.57979233025, 64126.95367657587, -179837.41966932054, -128666.49820405224, -85325.61633892254, -86690.34680013022, -81798.7569330641, -0.768, -0.29, 0.5640000000000001, 192.0, 0.0, 0.0, 0.0, 0.0, 0.0, 0.0, 0.0, 0.0, 0.0, 1.76968028360623E9, 0.0, 2026-01-29 15:21:23.606
131.0, 72332.81550798602, -116404.55471331534, 69786.3259656818, -174680.3804851032, -128663.3689598285, -85324.92343484443, -86690.39150361915, -81800.61212785389, -0.768, -0.28800000000000003, 0.562, 192.0, 232.0, 0.0, 247.0, 0.0, 17.0, 144.0, 0.0, 0.0, 0.0, 1.769680283606336E9, 0.0, 2026-01-29 15:21:23.606
132.0, 72176.80033168798, -103909.79545233196, 72308.04977512953, -160515.8341545861, -128654.16004111292, -85319.26844349723, -86688.9162884851, -81800.38861040934, -0.768, -0.28800000000000003, 0.562, 192.0, 0.0, 0.0, 0.0, 0.0, 0.0, 0.0, 0.0, 0.0, 0.0, 1.769680283606444E9, 0.0, 2026-01-29 15:21:23.606
133.0, 72122.3738339393, -101094.12385155247, 72253.6009256364, -157970.9315861382, -128652.19308760084, -85318.26261499675, -86688.87158499617, -81801.86382554339, -0.768, -0.28800000000000003, 0.562, 192.0, 0.0, 0.0, 0.0, 0.0, 0.0, 0.0, 0.0, 0.0, 0.0, 1.769680283606532E9, 0.0, 2026-01-29 15:21:23.606
134.0, 72238.08881498442, -111693.2093135368, 71422.83128772155, -170203.9742712944, -128662.02785516118, -85326.68922265641, -86693.27487865387, -81808.39053492434, -0.768, -0.28800000000000003, 0.562, 192.0, 0.0, 0.0, 0.0, 0.0, 0.0, 0.0, 0.0, 0.0, 0.0, 1.769680283665434E9, 0.0, 2026-01-29 15:21:23.665
135.0, 72349.55696458304, -120529.52444905335, 64547.568803735834, -179840.6606722666, -128667.63814301946, -85331.96423434785, -86694.63833506565, -81811.83270357046, -0.768, -0.28800000000000003, 0.562, 192.0, 0.0, 0.0, 0.0, 0.0, 0.0, 0.0, 0.0, 0.0, 0.0, 1.769680283665553E9, 0.0, 2026-01-29 15:21:23.665
136.0, 72306.41809778429, -116249.79123470679, 69988.9668809136, -174543.36429159218, -128661.53611678316, -85328.43265872392, -86692.04553270883, -81810.87157855887, -0.768, -0.28800000000000003, 0.562, 192.0, 0.0, 0.0, 0.0, 0.0, 0.0, 0.0, 0.0, 0.0, 0.0, 1.769680283665644E9, 0.0, 2026-01-29 15:21:23.665
137.0, 72150.73819765309, -103800.74129113452, 72282.18880679474, -160387.602196646, -128652.59541900104, -85323.02353656573, -86690.77148327488, -81810.98333728116, -0.768, -0.28800000000000003, 0.562, 192.0, 0.0, 0.0, 0.0, 0.0, 0.0, 0.0, 0.0, 0.0, 0.0, 1.769680283665731E9, 0.0, 2026-01-29 15:21:23.665
138.0, 72099.41859238369, -101168.19753267737, 72230.62333233636, -157994.13269688282, -128651.41077654492, -85322.6882603989, -86691.44203560855, -81813.17380823777, -0.768, -0.28800000000000003, 0.562, 192.0, 0.0, 0.0, 0.0, 0.0, 0.0, 0.0, 0.0, 0.0, 0.0, 1.769680283665871E9, 0.0, 2026-01-29 15:21:23.665
139.0, 72216.47467809614, -111803.4928206793, 71458.88465152796, -170298.52215034034, -128661.69257899435, -85331.62895818103, -86696.42647462207, -81820.23695948566, -0.768, -0.28800000000000003, 0.562, 192.0, 0.0, 0.0, 0.0, 0.0, 0.0, 0.0, 0.0, 0.0, 0.0, 1.769680283665982E9, 0.0, 2026-01-29 15:21:23.665
140.0, 72329.21687712871, -120491.34766952369, 65174.40112524047, -179806.6413172056, -128669.9180209539, -85339.7873449072, -86700.36038164621, -81826.38368921087, -0.768, -0.28800000000000003, 0.562, 192.0, 0.0, 0.0, 0.0, 0.0, 0.0, 0.0, 0.0, 0.0, 0.0, 1.769680283666074E9, 0.0, 2026-01-29 15:21:23.666
141.0, 72285.45216148521, -116089.7527444068, 70256.09257889898, -174374.2062895544, -128665.17945112938, -85337.66392918395, -86698.99692523443, -81826.74131712214, -0.77, -0.29, 0.558, 192.0, 231.0, 240.0, 246.0, 240.0, 17.0, 112.0, 0.0, 0.0, 0.0, 1.769680283666174E9, 0.0, 2026-01-29 15:21:23.666
142.0, 72127.35827295283, -103697.0739003508, 72258.8535855834, -160234.78331980508, -128653.62359924598, -85329.72905990233, -86695.0630182103, -81824.17086650978, -0.77, -0.29, 0.558, 192.0, 0.0, 0.0, 0.0, 0.0, 0.0, 0.0, 0.0, 0.0, 0.0, 1.769680283666271E9, 0.0, 2026-01-29 15:21:23.666
143.0, 72075.52457756098, -101254.38585929702, 72206.77402100254, -158045.92168878578, -128649.91320966641, -85326.86803661204, -86693.18547167606, -81823.79088685404, -0.77, -0.29, 0.558, 192.0, 0.0, 0.0, 0.0, 0.0, 0.0, 0.0, 0.0, 0.0, 0.0, 1.769680283666358E9, 0.0, 2026-01-29 15:21:23.666
144.0, 72193.295919096, -111918.53724939076, 71492.34521297755, -170413.7677447519, -128660.08325339358, -85335.76403090525, -86698.12520720068, -81830.74227937964, -0.77, -0.29, 0.558, 192.0, 0.0, 0.0, 0.0, 0.0, 0.0, 0.0, 0.0, 0.0, 0.0, 1.769680283666479E9, 0.0, 2026-01-29 15:21:23.666
145.0, 72304.71936520569, -120454.40023593906, 65830.9389151262, -179779.70746513695, -128668.28634360866, -85343.6989001869, -86702.19322469154, -81836.95606433821, -0.77, -0.29, 0.558, 192.0, 0.0, 0.0, 0.0, 0.0, 0.0, 0.0, 0.0, 0.0, 0.0, 1.769680283666579E9, 0.0, 2026-01-29 15:21:23.666
146.0, 72263.43569319675, -115935.8162803431, 70525.58756179662, -174206.94818579534, -128667.83930871956, -85345.73290893232, -86705.1660067041, -81841.7169859072, -0.77, -0.29, 0.558, 192.0, 0.0, 0.0, 0.0, 0.0, 0.0, 0.0, 0.0, 0.0, 0.0, 1.769680283666688E9, 0.0, 2026-01-29 15:21:23.666
147.0, 72109.3204151774, -103604.29180911682, 72240.88278304134, -160093.11796344735, -128659.99384641575, -85341.396670508, -86705.03189623737, -81842.9686835967, -0.77, -0.29, 0.558, 192.0, 0.0, 0.0, 0.0, 0.0, 0.0, 0.0, 0.0, 0.0, 0.0, 1.769680283666775E9, 0.0, 2026-01-29 15:21:23.666
148.0, 72058.9619349196, -101357.56151170272, 72190.32313708343, -158112.70870121822, -128655.83642194707, -85338.17801930643, -86702.46144562501, -81842.05226207404, -0.77, -0.29, 0.558, 192.0, 0.0, 0.0, 0.0, 0.0, 0.0, 0.0, 0.0, 0.0, 0.0, 1.769680283666862E9, 0.0, 2026-01-29 15:21:23.666
149.0, 72175.01219213154, -112059.04031503682, 71496.81556186861, -170546.58181030536, -128663.68188425088, -85344.70472868739, -86704.92013751509, -81846.54496270955, -0.77, -0.29, 0.558, 192.0, 0.0, 0.0, 0.0, 0.0, 0.0, 0.0, 0.0, 0.0, 0.0, 1.769680283725768E9, 0.0, 2026-01-29 15:21:23.725
150.0, 72283.03817308405, -120443.60434336714, 66190.22085550081, -179784.80366287276, -128670.119186654, -85350.8514584126, -86707.20001544953, -81850.92590462278, -0.77, -0.29, 0.558, 192.0, 0.0, 0.0, 0.0, 0.0, 0.0, 0.0, 0.0, 0.0, 0.0, 1.769680283725886E9, 0.0, 2026-01-29 15:21:23.725
151.0, 72238.58055336244, -115788.3841739159, 70681.49097937238, -174050.7765472861, -128667.9734191863, -85351.41025202397, -86708.67523058358, -81854.01044535762, -0.766, -0.294, 0.558, 192.0, 232.0, 16.0, 246.0, 208.0, 17.0, 112.0, 0.0, 0.0, 0.0, 1.769680283725974E9, 0.0, 2026-01-29 15:21:23.725
152.0, 72084.48762708755, -103506.77114805832, 72216.0946984404, -159959.02984845996, -128660.0161981602, -85346.895199644, -86708.3176026723, -81854.85981164692, -0.766, -0.294, 0.558, 192.0, 0.0, 0.0, 0.0, 0.0, 0.0, 0.0, 0.0, 0.0, 0.0, 1.769680283726072E9, 0.0, 2026-01-29 15:21:23.726
153.0, 72040.32058004387, -101451.6400041151, 72171.74883744108, -158172.20904495826, -128659.65857024892, -85347.45399325539, -86709.65870733962, -81857.67613144829, -0.766, -0.294, 0.558, 192.0, 0.0, 0.0, 0.0, 0.0, 0.0, 0.0, 0.0, 0.0, 0.0, 1.769680283726206E9, 0.0, 2026-01-29 15:21:23.726
154.0, 72156.59435470037, -112194.78245911389, 71506.20329453985, -170678.30064038048, -128666.94523894135, -85353.37720553603, -86711.4691986405, -81861.54298323907, -0.766, -0.294, 0.558, 192.0, 0.0, 0.0, 0.0, 0.0, 0.0, 0.0, 0.0, 0.0, 0.0, 1.769680283726321E9, 0.0, 2026-01-29 15:21:23.726
155.0, 72262.65338214081, -120431.02031123881, 66548.8098917973, -179766.2293632304, -128672.8237477331, -85359.16630734997, -86713.34674517474, -81865.47689026319, -0.766, -0.294, 0.558, 192.0, 0.0, 0.0, 0.0, 0.0, 0.0, 0.0, 0.0, 0.0, 0.0, 1.769680283726427E9, 0.0, 2026-01-29 15:21:23.726
156.0, 72213.5913030614, -115653.93843101722, 70813.88036178116, -173885.88772843932, -128668.04047441966, -85356.90878115997, -86712.00564050743, -81865.81216643003, -0.766, -0.294, 0.558, 192.0, 0.0, 0.0, 0.0, 0.0, 0.0, 0.0, 0.0, 0.0, 0.0, 1.769680283726526E9, 0.0, 2026-01-29 15:21:23.726
157.0, 72058.58195526386, -103432.98803961136, 72190.12197138334, -159826.46165209552, -128659.05507314863, -85351.43260376842, -86710.59748060674, -81865.74511119665, -0.766, -0.294, 0.558, 192.0, 0.0, 0.0, 0.0, 0.0, 0.0, 0.0, 0.0, 0.0, 0.0, 1.769680283726614E9, 0.0, 2026-01-29 15:21:23.726
158.0, 72013.9455215866, -101563.39872639165, 72145.28437200599, -158230.63650496444, -128656.35051206953, -85349.62211246755, -86709.54694861734, -81866.25920131913, -0.766, -0.294, 0.558, 192.0, 0.0, 0.0, 0.0, 0.0, 0.0, 0.0, 0.0, 0.0, 0.0, 1.769680283726702E9, 0.0, 2026-01-29 15:21:23.726
159.0, 72133.66146488923, -112336.22429802708, 71487.76310536423, -170795.28967085955, -128666.5652592856, -85358.40634803848, -86714.17375971959, -81873.076483378, -0.766, -0.294, 0.558, 192.0, 0.0, 0.0, 0.0, 0.0, 0.0, 0.0, 0.0, 0.0, 0.0, 1.769680283726789E9, 0.0, 2026-01-29 15:21:23.726
160.0, 72240.77102431907, -120423.66658731301, 66784.44198184514, -179758.60741837113, -128674.67894252289, -85366.38592080903, -86718.24177721045, -81879.3796753144, -0.766, -0.294, 0.558, 192.0, 0.0, 0.0, 0.0, 0.0, 0.0, 0.0, 0.0, 0.0, 0.0, 1.769680283726889E9, 0.0, 2026-01-29 15:21:23.726
161.0, 72192.20068361767, -115529.32745567888, 70917.90538047616, -173765.74710199205, -128671.3708843435, -85365.76007196428, -86718.6217568662, -81881.41368405982, -0.768, -0.294, 0.56, 192.0, 232.0, 0.0, 246.0, 208.0, 17.0, 128.0, 0.0, 0.0, 0.0, 1.769680283726995E9, 0.0, 2026-01-29 15:21:23.726
162.0, 72037.01252186448, -103353.72875377283, 72168.70900019514, -159734.7524445954, -128661.5137650387, -85359.54628700571, -86716.5206928874, -81880.54196602607, -0.768, -0.294, 0.56, 192.0, 0.0, 0.0, 0.0, 0.0, 0.0, 0.0, 0.0, 0.0, 0.0, 1.769680283727094E9, 0.0, 2026-01-29 15:21:23.727
163.0, 71995.88531206672, -101648.40241055518, 72127.31356946392, -158319.35057870753, -128660.6196952605, -85359.38982479452, -86716.99007952095, -81882.41951256031, -0.768, -0.294, 0.56, 192.0, 0.0, 0.0, 0.0, 0.0, 0.0, 0.0, 0.0, 0.0, 0.0, 1.769680283727181E9, 0.0, 2026-01-29 15:21:23.727
164.0, 72115.60125536934, -112438.01414227654, 71457.364732905, -170918.62659676393, -128670.0744831651, -85367.43645279843, -86720.94633828955, -81888.49918705216, -0.768, -0.294, 0.56, 192.0, 0.0, 0.0, 0.0, 0.0, 0.0, 0.0, 0.0, 0.0, 0.0, 1.769680283785845E9, 0.0, 2026-01-29 15:21:23.785
165.0, 72218.77690777504, -120390.22837760787, 66869.37861077531, -179759.21091547143, -128675.79652974565, -85373.06909240116, -86722.64507086815, -81892.29898360957, -0.768, -0.294, 0.56, 192.0, 0.0, 0.0, 0.0, 0.0, 0.0, 0.0, 0.0, 0.0, 0.0, 1.769680283785962E9, 0.0, 2026-01-29 15:21:23.785
166.0, 72168.17255832822, -115389.11496271074, 70966.94510781112, -173644.3771295997, -128671.88497446597, -85371.9515051784, -86722.44390516805, -81893.70714351024, -0.768, -0.294, 0.56, 192.0, 0.0, 0.0, 0.0, 0.0, 0.0, 0.0, 0.0, 0.0, 0.0, 1.769680283786052E9, 0.0, 2026-01-29 15:21:23.786
167.0, 72014.41490822016, -103274.8717993345, 72145.91022085074, -159651.69336219947, -128663.2124976173, -85366.6988452314, -86721.4157249231, -81893.90830921034, -0.768, -0.294, 0.56, 192.0, 0.0, 0.0, 0.0, 0.0, 0.0, 0.0, 0.0, 0.0, 0.0, 1.76968028378614E9, 0.0, 2026-01-29 15:21:23.786
168.0, 71974.67350657863, -101723.39251320274, 72105.87824653128, -158381.64489050448, -128661.75963422772, -85366.16240336448, -86721.4157249231, -81895.49528306667, -0.768, -0.294, 0.56, 192.0, 0.0, 0.0, 0.0, 0.0, 0.0, 0.0, 0.0, 0.0, 0.0, 1.769680283786293E9, 0.0, 2026-01-29 15:21:23.786
169.0, 72093.96476673661, -112533.79136726753, 71447.44055836684, -171025.2220660713, -128670.20859363182, -85373.27025810126, -86724.36615519121, -81900.43501859129, -0.768, -0.294, 0.56, 192.0, 0.0, 0.0, 0.0, 0.0, 0.0, 0.0, 0.0, 0.0, 0.0, 1.769680283786397E9, 0.0, 2026-01-29 15:21:23.786
170.0, 72195.0393551635, -120362.7133801834, 67050.56185133003, -179746.5151246208, -128675.01421868971, -85377.98647618134, -86725.26022496942, -81903.40780060385, -0.768, -0.294, 0.56, 192.0, 0.0, 0.0, 0.0, 0.0, 0.0, 0.0, 0.0, 0.0, 0.0, 1.769680283786499E9, 0.0, 2026-01-29 15:21:23.786
171.0, 72144.1220812943, -115259.54190010333, 71028.34534982983, -173501.3483168302, -128672.1755471439, -85377.98647618134, -86726.24370172546, -81905.95589947175, -0.774, -0.28800000000000003, 0.56, 192.0, 231.0, 208.0, 247.0, 0.0, 17.0, 128.0, 0.0, 0.0, 0.0, 1.769680283786592E9, 0.0, 2026-01-29 15:21:23.786
172.0, 71990.25267246398, -103206.76603397919, 72121.61387462782, -159549.72470399438, -128662.94427668385, -85372.30913308969, -86724.5226174024, -81905.4865128382, -0.774, -0.28800000000000003, 0.56, 192.0, 0.0, 0.0, 0.0, 0.0, 0.0, 0.0, 0.0, 0.0, 0.0, 1.769680283786682E9, 0.0, 2026-01-29 15:21:23.786
173.0, 71950.71243652255, -101829.76446506554, 72082.00658345301, -158461.84294961012, -128659.79268071565, -85370.02925515524, -86722.6674226126, -81905.330050627, -0.774, -0.28800000000000003, 0.56, 192.0, 0.0, 0.0, 0.0, 0.0, 0.0, 0.0, 0.0, 0.0, 0.0, 1.769680283786764E9, 0.0, 2026-01-29 15:21:23.786
174.0, 72072.2612228705, -112648.96990644574, 71475.84962556954, -171143.99923610679, -128670.36505584301, -85379.03700817074, -86727.56245464832, -81912.41555361934, -0.774, -0.28800000000000003, 0.56, 192.0, 0.0, 0.0, 0.0, 0.0, 0.0, 0.0, 0.0, 0.0, 0.0, 1.769680283786846E9, 0.0, 2026-01-29 15:21:23.786
175.0, 72175.280413065, -120320.31212095167, 67530.92319141903, -179719.40245859654, -128678.54579431366, -85387.12833966356, -86731.9210448171, -81918.80815253356, -0.774, -0.28800000000000003, 0.56, 192.0, 0.0, 0.0, 0.0, 0.0, 0.0, 0.0, 0.0, 0.0, 0.0, 1.769680283786946E9, 0.0, 2026-01-29 15:21:23.786
176.0, 72122.59735138385, -115101.85034297114, 71175.46453183467, -173347.07657659968, -128675.59536404556, -85387.06128443018, -86733.06098378432, -81921.40095489037, -0.774, -0.28800000000000003, 0.56, 192.0, 0.0, 0.0, 0.0, 0.0, 0.0, 0.0, 0.0, 0.0, 0.0, 1.769680283787052E9, 0.0, 2026-01-29 15:21:23.787
177.0, 71967.8338727753, -103106.45140486376, 72099.21742668361, -159411.99325466077, -128665.17945112938, -85380.17694713795, -86730.15525700513, -81919.76927754513, -0.774, -0.28800000000000003, 0.56, 192.0, 0.0, 0.0, 0.0, 0.0, 0.0, 0.0, 0.0, 0.0, 0.0, 1.769680283787139E9, 0.0, 2026-01-29 15:21:23.787
178.0, 71931.62404675772, -101915.43870156273, 72062.91819368818, -158508.53574377726, -128663.7712912287, -85379.46169131539, -86729.95409130503, -81921.13273395691, -0.774, -0.28800000000000003, 0.56, 192.0, 0.0, 0.0, 0.0, 0.0, 0.0, 0.0, 0.0, 0.0, 0.0, 1.769680283787227E9, 0.0, 2026-01-29 15:21:23.787
179.0, 72052.4575772831, -112770.5186927937, 71490.89234958796, -171244.69384487794, -128672.71198901082, -85387.12833966356, -86733.39625995116, -81926.51950437063, -0.774, -0.28800000000000003, 0.56, 192.0, 0.0, 0.0, 0.0, 0.0, 0.0, 0.0, 0.0, 0.0, 0.0, 1.769680283846157E9, 0.0, 2026-01-29 15:21:23.846
180.0, 72151.11817730882, -120301.87193177604, 67895.74836441856, -179697.22952809688, -128677.98700070227, -85392.38099961056, -86734.89382682966, -81930.25224569468, -0.774, -0.28800000000000003, 0.56, 192.0, 0.0, 0.0, 0.0, 0.0, 0.0, 0.0, 0.0, 0.0, 0.0, 1.769680283846267E9, 0.0, 2026-01-29 15:21:23.846
181.0, 72096.2669964155, -114955.62523074451, 71281.56826276402, -173176.39865593895, -128674.79070124516, -85391.9563164659, -86735.67613788559, -81932.59917886248, -0.774, -0.294, 0.5640000000000001, 192.0, 231.0, 208.0, 246.0, 208.0, 17.0, 160.0, 0.0, 0.0, 0.0, 1.769680283846354E9, 0.0, 2026-01-29 15:21:23.846
182.0, 71940.94472419558, -103004.52745014757, 72072.48474031505, -159276.2511105837, -128663.88304995098, -85384.53553730674, -86732.27867272838, -81930.40870790587, -0.774, -0.294, 0.5640000000000001, 192.0, 0.0, 0.0, 0.0, 0.0, 0.0, 0.0, 0.0, 0.0, 0.0, 1.769680283846466E9, 0.0, 2026-01-29 15:21:23.846
183.0, 71908.26647380191, -101973.95556854673, 72039.62767596575, -158559.22950020188, -128664.28538135116, -85385.58606929613, -86733.77623960689, -81933.51560038514, -0.774, -0.294, 0.5640000000000001, 192.0, 0.0, 0.0, 0.0, 0.0, 0.0, 0.0, 0.0, 0.0, 0.0, 1.769680283846595E9, 0.0, 2026-01-29 15:21:23.846
184.0, 72029.32352177186, -112845.08411229661, 71552.20318462887, -171338.21354367895, -128673.0696169221, -85393.02920019976, -86737.01724255292, -81938.74590858769, -0.774, -0.294, 0.5640000000000001, 192.0, 0.0, 0.0, 0.0, 0.0, 0.0, 0.0, 0.0, 0.0, 0.0, 1.769680283846699E9, 0.0, 2026-01-29 15:21:23.846
185.0, 72127.69354911966, -120234.52612573221, 68484.82858953817, -179652.32487348616, -128679.5739745586, -85399.46650260288, -86739.9229693321, -81943.52918190112, -0.774, -0.294, 0.5640000000000001, 192.0, 0.0, 0.0, 0.0, 0.0, 0.0, 0.0, 0.0, 0.0, 0.0, 1.76968028384678E9, 0.0, 2026-01-29 15:21:23.846
186.0, 72072.14946414823, -114785.86373160646, 71422.29484585463, -172993.71784850574, -128676.89176522396, -85399.48885434734, -86741.1746670216, -81946.45726042477, -0.774, -0.294, 0.5640000000000001, 192.0, 0.0, 0.0, 0.0, 0.0, 0.0, 0.0, 0.0, 0.0, 0.0, 1.769680283846873E9, 0.0, 2026-01-29 15:21:23.846
187.0, 71920.89520941916, -102918.78615841702, 72052.30111507191, -159145.89573692033, -128669.873317465, -85395.82316825667, -86741.6217019107, -81948.20069649228, -0.774, -0.294, 0.5640000000000001, 192.0, 0.0, 0.0, 0.0, 0.0, 0.0, 0.0, 0.0, 0.0, 0.0, 1.769680283846956E9, 0.0, 2026-01-29 15:21:23.846
188.0, 71889.20043578153, -102072.70557555028, 72020.4051757342, -158613.5889427172, -128669.24746862025, -85395.64435430102, -86741.95697807753, -81950.03353953762, -0.774, -0.294, 0.5640000000000001, 192.0, 0.0, 0.0, 0.0, 0.0, 0.0, 0.0, 0.0, 0.0, 0.0, 1.769680283847038E9, 0.0, 2026-01-29 15:21:23.847
189.0, 72009.0504895509, -112983.73198315287, 71585.73080131183, -171454.68848403555, -128676.28826812367, -85401.34404913713, -86743.40984146713, -81953.5427634171, -0.774, -0.294, 0.5640000000000001, 192.0, 0.0, 0.0, 0.0, 0.0, 0.0, 0.0, 0.0, 0.0, 0.0, 1.769680283847121E9, 0.0, 2026-01-29 15:21:23.847
190.0, 72106.28057793148, -120236.94011413338, 68883.94133853214, -179618.77490505873, -128683.21730890482, -85408.38484864055, -86746.82965836879, -81958.95188557528, -0.774, -0.294, 0.5640000000000001, 192.0, 0.0, 0.0, 0.0, 0.0, 0.0, 0.0, 0.0, 0.0, 0.0, 1.76968028384722E9, 0.0, 2026-01-29 15:21:23.847
191.0, 72048.0095801365, -114685.28088155758, 71512.03709984268, -172832.4500122607, -128679.64102979196, -85407.51313060679, -86747.36610023573, -81960.87413559844, -0.768, -0.292, 0.562, 192.0, 232.0, 0.0, 246.0, 224.0, 17.0, 144.0, 0.0, 0.0, 0.0, 1.769680283847329E9, 0.0, 2026-01-29 15:21:23.847
192.0, 71893.13434280567, -102880.87759982081, 72024.49554496951, -159026.62682850682, -128668.30869535312, -85399.80177876972, -86743.4768967005, -81958.28133324163, -0.768, -0.292, 0.562, 192.0, 0.0, 0.0, 0.0, 0.0, 0.0, 0.0, 0.0, 0.0, 0.0, 1.769680283847434E9, 0.0, 2026-01-29 15:21:23.847
193.0, 71864.99349653644, -102211.86753652901, 71996.17588474463, -158702.59358913824, -128669.20276513134, -85401.20993867039, -86745.24268451246, -81961.58939142102, -0.768, -0.292, 0.562, 192.0, 0.0, 0.0, 0.0, 0.0, 0.0, 0.0, 0.0, 0.0, 0.0, 1.769680283847521E9, 0.0, 2026-01-29 15:21:23.847
194.0, 71988.01749801845, -113125.3526360217, 71568.47525459234, -171577.51131981748, -128678.90342222493, -85409.4577323744, -86749.33305374779, -81967.73612114623, -0.768, -0.292, 0.562, 192.0, 0.0, 0.0, 0.0, 0.0, 0.0, 0.0, 0.0, 0.0, 0.0, 1.769680283906489E9, 0.0, 2026-01-29 15:21:23.906
195.0, 72083.79472300944, -120234.41436700993, 69020.8904768098, -179614.05868697868, -128685.74305602827, -85416.45382838891, -86752.70816716054, -81973.1005398155, -0.768, -0.292, 0.562, 192.0, 0.0, 0.0, 0.0, 0.0, 0.0, 0.0, 0.0, 0.0, 0.0, 1.769680283906599E9, 0.0, 2026-01-29 15:21:23.906
196.0, 72024.54024845842, -114581.45702856268, 71549.40921657196, -172701.04410660794, -128682.59146006007, -85416.11855222209, -86753.66929217211, -81975.69334217231, -0.768, -0.292, 0.562, 192.0, 0.0, 0.0, 0.0, 0.0, 0.0, 0.0, 0.0, 0.0, 0.0, 1.769680283906681E9, 0.0, 2026-01-29 15:21:23.906
197.0, 71870.64848788363, -102841.89615749076, 72002.03204179193, -158940.23733618707, -128671.84027097706, -85408.74247655184, -86750.33888224828, -81973.56992644905, -0.768, -0.292, 0.562, 192.0, 0.0, 0.0, 0.0, 0.0, 0.0, 0.0, 0.0, 0.0, 0.0, 1.769680283906762E9, 0.0, 2026-01-29 15:21:23.906
198.0, 71842.9099730146, -102324.29681113921, 71974.20411994506, -158783.39514534417, -128671.41558783241, -85408.96599399639, -86750.71886190401, -81975.51452821666, -0.768, -0.292, 0.562, 192.0, 0.0, 0.0, 0.0, 0.0, 0.0, 0.0, 0.0, 0.0, 0.0, 1.769680283906889E9, 0.0, 2026-01-29 15:21:23.906
199.0, 71963.51998609543, -113240.19589903306, 71539.46269028935, -171690.29822233896, -128678.27757338018, -85414.4645231324, -86751.90350436015, -81978.68847592932, -0.768, -0.292, 0.562, 192.0, 0.0, 0.0, 0.0, 0.0, 0.0, 0.0, 0.0, 0.0, 0.0, 1.769680283906991E9, 0.0, 2026-01-29 15:21:23.906
200.0, 72056.61500175178, -120208.93337833088, 69057.9049656278, -179600.15590192747, -128683.77610251619, -85420.03010750176, -86754.00456833895, -81982.82354865356, -0.768, -0.292, 0.562, 192.0, 0.0, 0.0, 0.0, 0.0, 0.0, 0.0, 0.0, 0.0, 0.0, 1.769680283907074E9, 0.0, 2026-01-29 15:21:23.907
201.0, 71995.48298066652, -114452.75568398902, 71550.03506541671, -172564.85492764175, -128679.55162281415, -85418.7113545789, -86753.87045787221, -81984.32111553206, -0.768, -0.292, 0.56, 192.0, 232.0, 0.0, 246.0, 224.0, 17.0, 128.0, 0.0, 0.0, 0.0, 1.769680283907167E9, 0.0, 2026-01-29 15:21:23.907
202.0, 71843.58052534825, -102795.00219762351, 71975.03113448991, -158866.61068995128, -128669.98507618727, -85412.63168008706, -86751.76939389341, -81983.35999052048, -0.768, -0.292, 0.56, 192.0, 0.0, 0.0, 0.0, 0.0, 0.0, 0.0, 0.0, 0.0, 0.0, 1.769680283907256E9, 0.0, 2026-01-29 15:21:23.907
203.0, 71819.46299308098, -102441.41995208502, 71950.64538128917, -158869.91874813067, -128671.08031166559, -85414.33041266566, -86753.60223693875, -81986.8021591666, -0.768, -0.292, 0.56, 192.0, 0.0, 0.0, 0.0, 0.0, 0.0, 0.0, 0.0, 0.0, 0.0, 1.769680283907338E9, 0.0, 2026-01-29 15:21:23.907
204.0, 71943.26930561892, -113370.14894129623, 71529.24794307326, -171812.96459590967, -128680.69156178136, -85422.55585462521, -86757.5808474518, -81992.79242668062, -0.768, -0.292, 0.56, 192.0, 0.0, 0.0, 0.0, 0.0, 0.0, 0.0, 0.0, 0.0, 0.0, 1.769680283907433E9, 0.0, 2026-01-29 15:21:23.907
205.0, 72034.26325729648, -120199.83621833757, 69170.22248151571, -179589.38236110003, -128685.31837288362, -85427.22736921637, -86758.85489688575, -81996.07813311554, -0.768, -0.292, 0.56, 192.0, 0.0, 0.0, 0.0, 0.0, 0.0, 0.0, 0.0, 0.0, 0.0, 1.769680283907526E9, 0.0, 2026-01-29 15:21:23.907
206.0, 71970.35961989875, -114346.4954908485, 71566.642411547, -172441.94268488203, -128679.84219549206, -85424.50045639282, -86757.53614396289, -81996.39105753793, -0.768, -0.292, 0.56, 192.0, 0.0, 0.0, 0.0, 0.0, 0.0, 0.0, 0.0, 0.0, 0.0, 1.769680283907626E9, 0.0, 2026-01-29 15:21:23.907
207.0, 71819.79826924781, -102742.40854292018, 71951.1818231561, -158777.85191271926, -128671.43793957686, -85419.5607208682, -86756.64207418467, -81996.65927847139, -0.768, -0.292, 0.56, 192.0, 0.0, 0.0, 0.0, 0.0, 0.0, 0.0, 0.0, 0.0, 0.0, 1.769680283907708E9, 0.0, 2026-01-29 15:21:23.907
208.0, 71795.9936614029, -102540.54993874431, 71927.22075310002, -158951.770836326, -128671.23677387676, -85419.9183487795, -86757.22321954051, -81998.76034245019, -0.768, -0.292, 0.56, 192.0, 0.0, 0.0, 0.0, 0.0, 0.0, 0.0, 0.0, 0.0, 0.0, 1.769680283907789E9, 0.0, 2026-01-29 15:21:23.907
209.0, 71920.51522976342, -113476.72205885913, 71539.61915250053, -171933.61931247942, -128681.36211411502, -85428.52377039478, -86761.53710622038, -82005.1529413644, -0.768, -0.292, 0.56, 192.0, 0.0, 0.0, 0.0, 0.0, 0.0, 0.0, 0.0, 0.0, 0.0, 1.769680283966304E9, 0.0, 2026-01-29 15:21:23.966
210.0, 72012.60441691929, -120158.865470751, 69425.45705145085, -179567.32118932263, -128688.64878280745, -85435.87749432058, -86765.47101324452, -82011.2102641118, -0.768, -0.292, 0.56, 192.0, 0.0, 0.0, 0.0, 0.0, 0.0, 0.0, 0.0, 0.0, 0.0, 1.769680283966427E9, 0.0, 2026-01-29 15:21:23.966
211.0, 71950.01953244442, -114190.54736978382, 71618.65492089449, -172279.0655230362, -128686.05598045063, -85436.10101176513, -86767.16974582312, -82014.45126705781, -0.764, -0.28600000000000003, 0.558, 192.0, 232.0, 32.0, 247.0, 16.0, 17.0, 112.0, 0.0, 0.0, 0.0, 1.769680283966512E9, 0.0, 2026-01-29 15:21:23.966
212.0, 71799.68169923803, -102655.66142268914, 71930.90879093514, -158656.07960892672, -128677.42820709088, -85430.98246228487, -86765.98510336698, -82014.45126705781, -0.764, -0.28600000000000003, 0.558, 192.0, 0.0, 0.0, 0.0, 0.0, 0.0, 0.0, 0.0, 0.0, 0.0, 1.76968028396668E9, 0.0, 2026-01-29 15:21:23.966
213.0, 71774.0889518367, -102633.42143695611, 71905.3160435338, -159030.11370064184, -128673.80722448912, -85427.7638110833, -86762.96761786552, -82012.9089966904, -0.764, -0.28600000000000003, 0.558, 192.0, 0.0, 0.0, 0.0, 0.0, 0.0, 0.0, 0.0, 0.0, 0.0, 1.769680283966811E9, 0.0, 2026-01-29 15:21:23.966
214.0, 71898.18583705257, -113576.72376355217, 71559.5345568102, -172038.71721490828, -128682.72557052679, -85435.29634896474, -86766.20862081154, -82018.1616566374, -0.764, -0.28600000000000003, 0.558, 192.0, 0.0, 0.0, 0.0, 0.0, 0.0, 0.0, 0.0, 0.0, 0.0, 1.769680283966914E9, 0.0, 2026-01-29 15:21:23.966
215.0, 71988.97862303002, -120104.48367649123, 69709.41361301109, -179516.40391545344, -128690.63808806398, -85443.3206252242, -86770.81308016933, -82024.84482822953, -0.764, -0.28600000000000003, 0.558, 192.0, 0.0, 0.0, 0.0, 0.0, 0.0, 0.0, 0.0, 0.0, 0.0, 1.769680283966995E9, 0.0, 2026-01-29 15:21:23.966
216.0, 71923.5774187538, -114025.25621953681, 71664.05131388323, -172092.20493938983, -128686.79358801767, -85442.38185195708, -86771.28246680289, -82026.78942999714, -0.764, -0.28600000000000003, 0.558, 192.0, 0.0, 0.0, 0.0, 0.0, 0.0, 0.0, 0.0, 0.0, 0.0, 1.769680283967087E9, 0.0, 2026-01-29 15:21:23.967
217.0, 71774.11130358116, -102589.50025910143, 71905.42780225609, -158540.2305174149, -128678.34462861356, -85437.44211643244, -86770.18723132458, -82026.99059569724, -0.764, -0.28600000000000003, 0.558, 192.0, 0.0, 0.0, 0.0, 0.0, 0.0, 0.0, 0.0, 0.0, 0.0, 1.76968028396717E9, 0.0, 2026-01-29 15:21:23.967
218.0, 71755.98403882791, -102747.54944414491, 71887.30053750283, -159080.96391927768, -128679.99865770325, -85439.52082866679, -86772.37770228121, -82030.72333702128, -0.764, -0.28600000000000003, 0.558, 192.0, 0.0, 0.0, 0.0, 0.0, 0.0, 0.0, 0.0, 0.0, 0.0, 1.769680283967251E9, 0.0, 2026-01-29 15:21:23.967
219.0, 71879.87975834367, -113718.3891199099, 71587.54129261272, -172145.06681502663, -128688.26880315172, -85446.24870374784, -86774.85874591574, -82035.30544463462, -0.764, -0.28600000000000003, 0.558, 192.0, 0.0, 0.0, 0.0, 0.0, 0.0, 0.0, 0.0, 0.0, 0.0, 1.769680283967336E9, 0.0, 2026-01-29 15:21:23.967
220.0, 71966.62687857472, -120105.22128405825, 69973.5665289839, -179489.69358082933, -128693.36500088753, -85451.43430846147, -86776.71394070554, -82039.28405514765, -0.764, -0.28600000000000003, 0.558, 192.0, 0.0, 0.0, 0.0, 0.0, 0.0, 0.0, 0.0, 0.0, 0.0, 1.769680283967445E9, 0.0, 2026-01-29 15:21:23.967
221.0, 71898.3199475193, -113931.51300329126, 71697.53422707728, -171938.5366962596, -128688.15704442943, -85449.19913401594, -86775.97633313852, -82040.02166271469, -0.77, -0.294, 0.56, 192.0, 231.0, 240.0, 246.0, 208.0, 17.0, 128.0, 0.0, 0.0, 0.0, 1.769680283967544E9, 0.0, 2026-01-29 15:21:23.967
222.0, 71749.01029455785, -102553.6033575062, 71880.28208974387, -158438.08304525414, -128679.59632630306, -85444.14763976904, -86774.81404242683, -82040.02166271469, -0.77, -0.294, 0.56, 192.0, 0.0, 0.0, 0.0, 0.0, 0.0, 0.0, 0.0, 0.0, 0.0, 1.76968028396765E9, 0.0, 2026-01-29 15:21:23.967
223.0, 71731.91121004954, -102868.29356769247, 71863.11595000219, -159170.70617326573, -128680.57980305908, -85445.53344792526, -86776.08809186079, -82042.72622379378, -0.77, -0.294, 0.56, 192.0, 0.0, 0.0, 0.0, 0.0, 0.0, 0.0, 0.0, 0.0, 0.0, 1.769680283967738E9, 0.0, 2026-01-29 15:21:23.967
224.0, 71855.31519118728, -113833.3217898991, 71593.37509791554, -172259.9547815269, -128688.13469268498, -85451.63547416157, -86777.8315279283, -82046.68248256236, -0.77, -0.294, 0.56, 192.0, 0.0, 0.0, 0.0, 0.0, 0.0, 0.0, 0.0, 0.0, 0.0, 1.769680283967845E9, 0.0, 2026-01-29 15:21:23.967
225.0, 71941.39175908468, -120072.00659179768, 70172.98879301416, -179460.68101652636, -128693.94614624335, -85457.6704451645, -86780.62549598521, -82051.53281110917, -0.77, -0.294, 0.56, 192.0, 0.0, 0.0, 0.0, 0.0, 0.0, 0.0, 0.0, 0.0, 0.0, 1.769680284027574E9, 0.0, 2026-01-29 15:21:24.027
226.0, 71868.99445879394, -113803.6610250069, 71718.34370116517, -171792.8480258999, -128685.96657347282, -85452.64130266206, -86777.09392036128, -82049.5658575971, -0.77, -0.294, 0.56, 192.0, 0.0, 0.0, 0.0, 0.0, 0.0, 0.0, 0.0, 0.0, 0.0, 1.769680284027676E9, 0.0, 2026-01-29 15:21:24.027
227.0, 71720.75768956634, -102520.43336873454, 71852.09653998572, -158340.80825338463, -128677.69642802436, -85447.85802934862, -86776.26690581643, -82049.7670232972, -0.77, -0.294, 0.56, 192.0, 0.0, 0.0, 0.0, 0.0, 0.0, 0.0, 0.0, 0.0, 0.0, 1.769680284027755E9, 0.0, 2026-01-29 15:21:24.027
228.0, 71705.20087542545, -103000.95117103471, 71836.450318867, -159249.16079630386, -128678.5234425692, -85448.88620959356, -86777.33978955029, -82052.22571518728, -0.77, -0.294, 0.56, 192.0, 0.0, 0.0, 0.0, 0.0, 0.0, 0.0, 0.0, 0.0, 0.0, 1.76968028402788E9, 0.0, 2026-01-29 15:21:24.027
229.0, 71830.43769960853, -113962.91720425096, 71578.66765006396, -172362.6833990435, -128687.57589907359, -85456.5752096862, -86780.62549598521, -82057.54543036765, -0.77, -0.294, 0.56, 192.0, 0.0, 0.0, 0.0, 0.0, 0.0, 0.0, 0.0, 0.0, 0.0, 1.769680284027985E9, 0.0, 2026-01-29 15:21:24.027
230.0, 71914.61436922722, -120069.97258305224, 70234.63490422188, -179437.03287089264, -128693.09677995405, -85462.20784928893, -86783.21829834204, -82062.01577925871, -0.77, -0.294, 0.56, 192.0, 0.0, 0.0, 0.0, 0.0, 0.0, 0.0, 0.0, 0.0, 0.0, 1.769680284028068E9, 0.0, 2026-01-29 15:21:24.028
231.0, 71843.91580151509, -113707.54852384908, 71714.54390460777, -171643.270152005, -128688.17939617389, -85460.19619228796, -86782.79361519738, -82063.11101473702, -0.77, -0.294, 0.56, 192.0, 0.0, 0.0, 0.0, 0.0, 0.0, 0.0, 0.0, 0.0, 0.0, 1.769680284028159E9, 0.0, 2026-01-29 15:21:24.028
232.0, 71695.63432879858, -102485.51994389534, 71826.99553096242, -158261.5489675461, -128679.59632630306, -85455.09999455215, -86781.45251053006, -82062.95455252583, -0.77, -0.298, 0.56, 192.0, 231.0, 240.0, 246.0, 176.0, 17.0, 128.0, 0.0, 0.0, 0.0, 1.769680284028242E9, 0.0, 2026-01-29 15:21:24.028
233.0, 71680.45749431342, -103096.90720998135, 71811.70693775499, -159333.0021897557, -128678.76931175821, -85454.58590442967, -86780.75960645195, -82063.82627055958, -0.77, -0.298, 0.56, 192.0, 0.0, 0.0, 0.0, 0.0, 0.0, 0.0, 0.0, 0.0, 0.0, 1.769680284028332E9, 0.0, 2026-01-29 15:21:24.028
234.0, 71804.8002487183, -114066.18226363449, 71571.11276043806, -172472.34105734123, -128686.72653278429, -85461.11261381062, -86783.01713264194, -82068.18486072838, -0.77, -0.298, 0.56, 192.0, 0.0, 0.0, 0.0, 0.0, 0.0, 0.0, 0.0, 0.0, 0.0, 1.769680284028438E9, 0.0, 2026-01-29 15:21:24.028
235.0, 71886.96526133601, -120040.04359722658, 70348.42763524386, -179402.2982600091, -128692.04624796465, -85466.49938422434, -86785.27465883191, -82072.45404391934, -0.77, -0.298, 0.56, 192.0, 0.0, 0.0, 0.0, 0.0, 0.0, 0.0, 0.0, 0.0, 0.0, 1.769680284028533E9, 0.0, 2026-01-29 15:21:24.028
236.0, 71813.87505696715, -113583.42928688876, 71715.0803464747, -171489.8254263193, -128686.23479440628, -85463.57130570071, -86783.9782576535, -82072.67756136389, -0.77, -0.298, 0.56, 192.0, 0.0, 0.0, 0.0, 0.0, 0.0, 0.0, 0.0, 0.0, 0.0, 1.769680284028636E9, 0.0, 2026-01-29 15:21:24.028
237.0, 71665.90650867301, -102424.18675710997, 71797.22300734794, -158164.09536172097, -128677.6740762799, -85458.47510796488, -86782.70420821955, -82072.5658026416, -0.77, -0.298, 0.56, 192.0, 0.0, 0.0, 0.0, 0.0, 0.0, 0.0, 0.0, 0.0, 0.0, 1.769680284028717E9, 0.0, 2026-01-29 15:21:24.028
238.0, 71654.41771202299, -103185.12954534646, 71785.62245197564, -159412.06030989412, -128679.39516060296, -85460.37500624359, -86784.49234777599, -82075.85150907654, -0.77, -0.298, 0.56, 192.0, 0.0, 0.0, 0.0, 0.0, 0.0, 0.0, 0.0, 0.0, 0.0, 1.7696802840288E9, 0.0, 2026-01-29 15:21:24.028
239.0, 71778.73811468341, -114169.447323018, 71538.8368414446, -172594.9403756786, -128687.10651244003, -85466.56643945772, -86786.2804873324, -82079.69600912285, -0.77, -0.298, 0.56, 192.0, 0.0, 0.0, 0.0, 0.0, 0.0, 0.0, 0.0, 0.0, 0.0, 1.769680284028891E9, 0.0, 2026-01-29 15:21:24.028
240.0, 71859.96435403399, -120016.9318934598, 70356.0495801031, -179380.37119869844, -128692.56033808713, -85472.33318952718, -86788.91799317814, -82084.38987545847, -0.77, -0.298, 0.56, 192.0, 0.0, 0.0, 0.0, 0.0, 0.0, 0.0, 0.0, 0.0, 0.0, 1.769680284087773E9, 0.0, 2026-01-29 15:21:24.087
241.0, 71786.85179792068, -113470.3294599449, 71702.74218353536, -171352.943343275, -128688.11234094053, -85470.76856741532, -86789.07445538932, -82085.9768493148, -0.77, -0.298, 0.56, 192.0, 0.0, 0.0, 0.0, 0.0, 0.0, 0.0, 0.0, 0.0, 0.0, 1.769680284087891E9, 0.0, 2026-01-29 15:21:24.087
242.0, 71638.19034554844, -102376.15285827553, 71769.55154771228, -158085.93131136076, -128678.0764076801, -85464.15245105654, -86786.34754256577, -82084.34517196956, -0.764, -0.294, 0.56, 192.0, 232.0, 32.0, 246.0, 208.0, 17.0, 128.0, 0.0, 0.0, 0.0, 1.76968028408798E9, 0.0, 2026-01-29 15:21:24.087
243.0, 71627.68502565444, -103288.81928787462, 71758.84506211818, -159511.25735178677, -128678.59049780256, -85464.95711385693, -86786.92868792161, -82086.46858769281, -0.764, -0.294, 0.56, 192.0, 0.0, 0.0, 0.0, 0.0, 0.0, 0.0, 0.0, 0.0, 0.0, 1.769680284088125E9, 0.0, 2026-01-29 15:21:24.088
244.0, 71753.48064344891, -114275.88633011417, 71495.4744572013, -172707.79433343344, -128687.64295430697, -85472.51200348283, -86790.16969086764, -82091.76595112872, -0.764, -0.294, 0.56, 192.0, 0.0, 0.0, 0.0, 0.0, 0.0, 0.0, 0.0, 0.0, 0.0, 1.76968028408824E9, 0.0, 2026-01-29 15:21:24.088
245.0, 71831.5552868313, -119997.1729513613, 70299.9914050092, -179363.3391694235, -128691.66626830892, -85476.78118667379, -86791.39903681267, -82094.89519535247, -0.764, -0.294, 0.56, 192.0, 0.0, 0.0, 0.0, 0.0, 0.0, 0.0, 0.0, 0.0, 0.0, 1.769680284088322E9, 0.0, 2026-01-29 15:21:24.088
246.0, 71754.33000973822, -113350.03237128645, 71673.95313667692, -171204.84068451414, -128684.26784089422, -85472.422596505, -86788.7391792225, -82093.73290464078, -0.764, -0.294, 0.56, 192.0, 0.0, 0.0, 0.0, 0.0, 0.0, 0.0, 0.0, 0.0, 0.0, 1.769680284088456E9, 0.0, 2026-01-29 15:21:24.088
247.0, 71607.54610390021, -102322.62043030506, 71738.95200955296, -158008.57192380095, -128675.95299195684, -85467.39345400257, -86787.59924025527, -82093.7776081297, -0.764, -0.294, 0.56, 192.0, 0.0, 0.0, 0.0, 0.0, 0.0, 0.0, 0.0, 0.0, 0.0, 1.769680284088539E9, 0.0, 2026-01-29 15:21:24.088
248.0, 71598.76186832928, -103376.37107090605, 71730.05601525975, -159596.79747781725, -128676.73530301277, -85468.53339296978, -86788.3815513112, -82096.21394827533, -0.764, -0.294, 0.56, 192.0, 0.0, 0.0, 0.0, 0.0, 0.0, 0.0, 0.0, 0.0, 0.0, 1.769680284088621E9, 0.0, 2026-01-29 15:21:24.088
249.0, 71725.98799776888, -114375.03866851791, 71483.80684659563, -172825.16334356825, -128686.43596010638, -85476.71413144043, -86792.1366443797, -82102.09245706708, -0.764, -0.294, 0.56, 192.0, 0.0, 0.0, 0.0, 0.0, 0.0, 0.0, 0.0, 0.0, 0.0, 1.769680284088703E9, 0.0, 2026-01-29 15:21:24.088
250.0, 71804.55437952929, -119969.09916032544, 70377.06021989111, -179333.00785219765, -128692.04624796465, -85482.39147453207, -86794.8859089477, -82106.8757303805, -0.764, -0.294, 0.56, 192.0, 0.0, 0.0, 0.0, 0.0, 0.0, 0.0, 0.0, 0.0, 0.0, 1.769680284088796E9, 0.0, 2026-01-29 15:21:24.088
251.0, 71728.96077978144, -113222.64977963566, 71668.70047672994, -171052.69236000685, -128687.39708511796, -85480.75979718684, -86794.99766766997, -82108.61916644803, -0.764, -0.294, 0.56, 192.0, 0.0, 0.0, 0.0, 0.0, 0.0, 0.0, 0.0, 0.0, 0.0, 1.769680284088889E9, 0.0, 2026-01-29 15:21:24.088
252.0, 71583.27210942174, -102258.85090337407, 71714.63331158558, -157919.00848376853, -128679.35045711405, -85476.13298608459, -86794.14830138067, -82109.08855308159, -0.768, -0.292, 0.554, 192.0, 232.0, 0.0, 246.0, 224.0, 17.0, 80.0, 0.0, 0.0, 0.0, 1.769680284088983E9, 0.0, 2026-01-29 15:21:24.088
253.0, 71577.25949016327, -103463.49817079285, 71708.46423011592, -159686.5844352942, -128680.80332050363, -85477.80936691874, -86795.51175779245, -82111.99427986078, -0.768, -0.292, 0.554, 192.0, 0.0, 0.0, 0.0, 0.0, 0.0, 0.0, 0.0, 0.0, 0.0, 1.769680284089072E9, 0.0, 2026-01-29 15:21:24.089
254.0, 71704.41856436951, -114472.20170166514, 71479.71647736031, -172942.64411242536, -128690.25810840823, -85485.74423620036, -86798.99862992748, -82117.64927120796, -0.768, -0.292, 0.554, 192.0, 0.0, 0.0, 0.0, 0.0, 0.0, 0.0, 0.0, 0.0, 0.0, 1.769680284089164E9, 0.0, 2026-01-29 15:21:24.089
255.0, 71780.30273679527, -119933.13520349684, 70471.8316163816, -179294.94283139025, -128694.28142241019, -85490.14752985806, -86800.42914157262, -82120.95732938735, -0.768, -0.292, 0.554, 192.0, 0.0, 0.0, 0.0, 0.0, 0.0, 0.0, 0.0, 0.0, 0.0, 1.769680284148082E9, 0.0, 2026-01-29 15:21:24.148
0.0, 71702.89864574655, -113093.00966179487, 71665.168901106, -170891.75979992867, -128689.00641071874, -85487.95705890145, -86800.07151366133, -82121.87375091002, -0.768, -0.292, 0.554, 192.0, 0.0, 0.0, 0.0, 0.0, 0.0, 0.0, 0.0, 0.0, 0.0, 1.76968028414823E9, 0.0, 2026-01-29 15:21:24.148
1.0, 71558.52872830973, -102191.08041418558, 71689.84522698465, -157807.02624404745, -128681.69739028186, -85483.95609664395, -86799.91505145015, -82122.70076545487, -0.768, -0.292, 0.554, 192.0, 0.0, 0.0, 0.0, 0.0, 0.0, 0.0, 0.0, 0.0, 0.0, 1.769680284148312E9, 0.0, 2026-01-29 15:21:24.148
2.0, 71553.54428929619, -103539.35999147416, 71684.68197401548, -159745.6600958896, -128682.65851529343, -85485.09603561116, -86800.58560378381, -82125.09240211158, -0.768, -0.292, 0.554, 192.0, 0.0, 0.0, 0.0, 0.0, 0.0, 0.0, 0.0, 0.0, 0.0, 1.769680284148448E9, 0.0, 2026-01-29 15:21:24.148
3.0, 71678.49054080136, -114566.81663594444, 71467.44536965435, -173028.47481113372, -128688.58172757408, -85489.56638450222, -86800.67501076162, -82127.28287306821, -0.768, -0.292, 0.554, 192.0, 0.0, 0.0, 0.0, 0.0, 0.0, 0.0, 0.0, 0.0, 0.0, 1.769680284148553E9, 0.0, 2026-01-29 15:21:24.148
4.0, 71755.64876266108, -119913.91270326528, 70552.23084118734, -179268.27720025508, -128695.04138172168, -85496.31661132773, -86804.49715906348, -82132.98256790431, -0.768, -0.292, 0.554, 192.0, 0.0, 0.0, 0.0, 0.0, 0.0, 0.0, 0.0, 0.0, 0.0, 1.769680284148635E9, 0.0, 2026-01-29 15:21:24.148
5.0, 71677.08238090067, -112981.00507032932, 71659.53626150325, -170745.26646676857, -128689.94518398587, -85494.26025083783, -86804.27364161893, -82134.14485861598, -0.768, -0.292, 0.554, 192.0, 0.0, 0.0, 0.0, 0.0, 0.0, 0.0, 0.0, 0.0, 0.0, 1.769680284148726E9, 0.0, 2026-01-29 15:21:24.148
6.0, 71532.7348152083, -102143.4041432624, 71664.20777609441, -157734.62894375672, -128682.05501819313, -85489.76755020232, -86803.60308928527, -82134.54719001618, -0.768, -0.296, 0.556, 192.0, 232.0, 0.0, 246.0, 192.0, 17.0, 96.0, 0.0, 0.0, 0.0, 1.769680284148807E9, 0.0, 2026-01-29 15:21:24.148
7.0, 71531.0807861186, -103634.98075425396, 71662.39728479354, -159841.66083832513, -128684.29019263867, -85492.09213162567, -86805.48063581952, -82137.94465517339, -0.768, -0.296, 0.556, 192.0, 0.0, 0.0, 0.0, 0.0, 0.0, 0.0, 0.0, 0.0, 0.0, 1.769680284148895E9, 0.0, 2026-01-29 15:21:24.148
8.0, 71658.03869462475, -114675.04378259704, 71465.90309928694, -173137.4619170978, -128692.31446889813, -85498.64119275108, -86807.46994107604, -82142.07972789762, -0.768, -0.296, 0.556, 192.0, 0.0, 0.0, 0.0, 0.0, 0.0, 0.0, 0.0, 0.0, 0.0, 1.769680284148976E9, 0.0, 2026-01-29 15:21:24.148
9.0, 71731.19595422698, -119901.84276125941, 70631.6242374926, -179232.91674052677, -128695.95780324434, -85502.66450675303, -86808.60988004327, -82145.20897212136, -0.768, -0.296, 0.556, 192.0, 0.0, 0.0, 0.0, 0.0, 0.0, 0.0, 0.0, 0.0, 0.0, 1.769680284149073E9, 0.0, 2026-01-29 15:21:24.149
10.0, 71649.47797649837, -112865.78182766221, 71648.62861020907, -170586.6137846248, -128688.62643106299, -85498.35062007316, -86806.17353989763, -82144.22549536533, -0.768, -0.296, 0.556, 192.0, 0.0, 0.0, 0.0, 0.0, 0.0, 0.0, 0.0, 0.0, 0.0, 1.76968028414917E9, 0.0, 2026-01-29 15:21:24.149
11.0, 71505.26452127272, -102079.05347097559, 71636.58101994765, -157641.8021490338, -128680.55745131463, -85493.61205024863, -86805.14535965268, -82144.42666106543, -0.768, -0.296, 0.556, 192.0, 0.0, 0.0, 0.0, 0.0, 0.0, 0.0, 0.0, 0.0, 0.0, 1.769680284149269E9, 0.0, 2026-01-29 15:21:24.149
12.0, 71504.43750672787, -103716.89989768266, 71635.64224668054, -159911.8900194037, -128682.05501819313, -85495.26607933833, -86806.28529861991, -82147.15357388897, -0.768, -0.296, 0.556, 192.0, 0.0, 0.0, 0.0, 0.0, 0.0, 0.0, 0.0, 0.0, 0.0, 1.769680284149354E9, 0.0, 2026-01-29 15:21:24.149
13.0, 71634.34584550213, -114790.46819096425, 71433.22484889327, -173244.88440095002, -128692.31446889813, -85503.96090793144, -86810.62153704424, -82153.50146931427, -0.768, -0.296, 0.556, 192.0, 0.0, 0.0, 0.0, 0.0, 0.0, 0.0, 0.0, 0.0, 0.0, 1.769680284149457E9, 0.0, 2026-01-29 15:21:24.149
14.0, 71706.9219597485, -119900.9486914812, 70621.02951062078, -179199.7467517551, -128696.44954162235, -85508.49831205588, -86812.29791787839, -82157.10010017158, -0.768, -0.296, 0.556, 192.0, 0.0, 0.0, 0.0, 0.0, 0.0, 0.0, 0.0, 0.0, 0.0, 1.769680284208499E9, 0.0, 2026-01-29 15:21:24.208
15.0, 71628.13206054355, -112762.9638031678, 71635.17286004697, -170446.49069863447, -128693.4767596098, -85508.72182950043, -86814.42133360164, -82160.56462056216, -0.768, -0.296, 0.556, 192.0, 0.0, 0.0, 0.0, 0.0, 0.0, 0.0, 0.0, 0.0, 0.0, 1.76968028420861E9, 0.0, 2026-01-29 15:21:24.208
16.0, 71482.95748030633, -102019.77664468011, 71614.20692374789, -157570.81300864374, -128683.66434379392, -85502.3292305862, -86811.739124267, -82158.91059147246, -0.768, -0.298, 0.562, 192.0, 232.0, 0.0, 246.0, 176.0, 17.0, 144.0, 0.0, 0.0, 0.0, 1.7696802842087E9, 0.0, 2026-01-29 15:21:24.208
17.0, 71482.06341052812, -103798.19319226661, 71613.29050222522, -160018.4631369666, -128683.15025367144, -85501.90454744155, -86810.71094402205, -82159.40232985048, -0.768, -0.298, 0.562, 192.0, 0.0, 0.0, 0.0, 0.0, 0.0, 0.0, 0.0, 0.0, 0.0, 1.769680284208833E9, 0.0, 2026-01-29 15:21:24.208
18.0, 71612.82111559167, -114894.42615442589, 71384.76626691417, -173365.49441403087, -128693.99084973228, -85511.1805213905, -86815.44951384659, -82166.26431539826, -0.768, -0.298, 0.562, 192.0, 0.0, 0.0, 0.0, 0.0, 0.0, 0.0, 0.0, 0.0, 0.0, 1.769680284208938E9, 0.0, 2026-01-29 15:21:24.208
19.0, 71688.05708742823, -119917.91366552278, 70550.80032954221, -179190.35901908387, -128701.881015525, -85519.5400738168, -86821.08215344932, -82173.77450153524, -0.768, -0.298, 0.562, 192.0, 0.0, 0.0, 0.0, 0.0, 0.0, 0.0, 0.0, 0.0, 0.0, 1.769680284209026E9, 0.0, 2026-01-29 15:21:24.209
20.0, 71605.84737132161, -112679.65885158288, 71613.78224060324, -170322.86320005218, -128696.53894860018, -85517.2378441379, -86820.81393251586, -82174.892088758, -0.768, -0.298, 0.562, 192.0, 0.0, 0.0, 0.0, 0.0, 0.0, 0.0, 0.0, 0.0, 0.0, 1.769680284209124E9, 0.0, 2026-01-29 15:21:24.209
21.0, 71463.17618646339, -101949.43570487926, 71594.51503688277, -157520.76745280833, -128689.31933514112, -85513.16982664703, -86820.5457115824, -82175.71910330285, -0.768, -0.298, 0.562, 192.0, 0.0, 0.0, 0.0, 0.0, 0.0, 0.0, 0.0, 0.0, 0.0, 1.769680284209212E9, 0.0, 2026-01-29 15:21:24.209
22.0, 71464.85256729754, -103832.2572508165, 71596.12436248355, -160116.76610908104, -128690.3251636416, -85514.26506212534, -86820.90333949369, -82177.75311204829, -0.768, -0.298, 0.562, 192.0, 0.0, 0.0, 0.0, 0.0, 0.0, 0.0, 0.0, 0.0, 0.0, 1.7696802842093E9, 0.0, 2026-01-29 15:21:24.209
23.0, 71595.11853398306, -114973.17135014193, 71334.67600758982, -173470.63701994863, -128699.80230329065, -85522.24463489588, -86824.5466738399, -82183.31869641766, -0.768, -0.298, 0.562, 192.0, 0.0, 0.0, 0.0, 0.0, 0.0, 0.0, 0.0, 0.0, 0.0, 1.769680284209387E9, 0.0, 2026-01-29 15:21:24.209
24.0, 71666.19708135094, -119924.84270630393, 70450.82097659362, -179172.67878921973, -128704.56322485964, -85527.43023960952, -86826.96066224106, -82187.58787960862, -0.768, -0.298, 0.562, 192.0, 0.0, 0.0, 0.0, 0.0, 0.0, 0.0, 0.0, 0.0, 0.0, 1.769680284209502E9, 0.0, 2026-01-29 15:21:24.209
25.0, 71581.30515590968, -112579.94771956775, 71585.61904258956, -170190.8761490436, -128697.76829454521, -85523.85396049666, -86825.30663315137, -82187.38671390852, -0.768, -0.298, 0.562, 192.0, 0.0, 0.0, 0.0, 0.0, 0.0, 0.0, 0.0, 0.0, 0.0, 1.769680284209601E9, 0.0, 2026-01-29 15:21:24.209
26.0, 71437.5163838287, -101875.96552085466, 71568.85523424807, -157457.51201599982, -128689.09581769657, -85518.42248659402, -86823.58554882831, -82186.82792029715, -0.77, -0.292, 0.5680000000000001, 192.0, 231.0, 240.0, 246.0, 224.0, 17.0, 192.0, 0.0, 0.0, 0.0, 1.7696802842097E9, 0.0, 2026-01-29 15:21:24.209
27.0, 71440.57857281907, -103887.71192881012, 71571.71625753836, -160206.19543864674, -128689.72166654131, -85519.1824459055, -86823.58554882831, -82188.39254240901, -0.77, -0.292, 0.5680000000000001, 192.0, 0.0, 0.0, 0.0, 0.0, 0.0, 0.0, 0.0, 0.0, 0.0, 1.769680284209796E9, 0.0, 2026-01-29 15:21:24.209
28.0, 71569.01169645926, -115073.86595891308, 71296.90155946036, -173583.7815503814, -128697.25420442274, -85525.15036167507, -86825.06076396236, -82192.03587675522, -0.77, -0.292, 0.5680000000000001, 192.0, 0.0, 0.0, 0.0, 0.0, 0.0, 0.0, 0.0, 0.0, 0.0, 1.769680284209894E9, 0.0, 2026-01-29 15:21:24.209
29.0, 71639.41969149347, -119919.29947367901, 70428.40217690494, -179134.6808236457, -128702.46216088084, -85530.82770476672, -86828.05589771937, -82196.90855704648, -0.77, -0.292, 0.5680000000000001, 192.0, 0.0, 0.0, 0.0, 0.0, 0.0, 0.0, 0.0, 0.0, 0.0, 1.769680284268741E9, 0.0, 2026-01-29 15:21:24.268
30.0, 71553.99132418529, -112460.2988314985, 71564.3401818681, -170033.47516458933, -128696.53894860018, -85528.21255066546, -86827.34064189681, -82197.55675763568, -0.77, -0.292, 0.5680000000000001, 192.0, 0.0, 0.0, 0.0, 0.0, 0.0, 0.0, 0.0, 0.0, 0.0, 1.769680284268854E9, 0.0, 2026-01-29 15:21:24.268
31.0, 71411.94598817182, -101768.3195195579, 71543.21778335783, -157363.902910221, -128689.25227990774, -85524.16688491905, -86826.96066224106, -82198.36142043608, -0.77, -0.292, 0.5680000000000001, 192.0, 0.0, 0.0, 0.0, 0.0, 0.0, 0.0, 0.0, 0.0, 0.0, 1.769680284268946E9, 0.0, 2026-01-29 15:21:24.268
32.0, 71417.62333126347, -103916.0762925239, 71548.80571947167, -160294.328367034, -128690.95101248634, -85525.79856226427, -86827.9441389971, -82200.90951930398, -0.77, -0.292, 0.5680000000000001, 192.0, 0.0, 0.0, 0.0, 0.0, 0.0, 0.0, 0.0, 0.0, 0.0, 1.769680284269078E9, 0.0, 2026-01-29 15:21:24.269
33.0, 71547.55402178217, -115160.34485821068, 71237.49062269815, -173689.61706037726, -128698.7294195568, -85532.10175420067, -86829.8440372758, -82204.86577807258, -0.77, -0.292, 0.5680000000000001, 192.0, 0.0, 0.0, 0.0, 0.0, 0.0, 0.0, 0.0, 0.0, 0.0, 1.76968028426919E9, 0.0, 2026-01-29 15:21:24.269
34.0, 71617.35851971609, -119938.74549135513, 70342.25855377418, -179106.24940469855, -128704.07148648161, -85537.82380078123, -86833.01798498846, -82209.96197580839, -0.77, -0.292, 0.5680000000000001, 192.0, 0.0, 0.0, 0.0, 0.0, 0.0, 0.0, 0.0, 0.0, 0.0, 1.769680284269277E9, 0.0, 2026-01-29 15:21:24.269
35.0, 71532.95833265285, -112376.45743804664, 71544.67064674743, -169888.03236341864, -128700.49520736876, -85537.39911763658, -86834.64966233369, -82213.04651654321, -0.77, -0.292, 0.5680000000000001, 192.0, 0.0, 0.0, 0.0, 0.0, 0.0, 0.0, 0.0, 0.0, 0.0, 1.769680284269375E9, 0.0, 2026-01-29 15:21:24.269
36.0, 71390.46596175026, -101702.38187341475, 71521.71540519183, -157290.8797610855, -128692.51563459823, -85532.63819606761, -86833.59913034429, -82213.0018130543, -0.77, -0.29, 0.5660000000000001, 192.0, 231.0, 240.0, 246.0, 240.0, 17.0, 176.0, 0.0, 0.0, 0.0, 1.769680284269474E9, 0.0, 2026-01-29 15:21:24.269
37.0, 71397.3502990425, -103967.8876361713, 71528.44328027288, -160367.1056469805, -128694.03555322118, -85534.02400422383, -86834.13557221122, -82215.12522877756, -0.77, -0.29, 0.5660000000000001, 192.0, 0.0, 0.0, 0.0, 0.0, 0.0, 0.0, 0.0, 0.0, 0.0, 1.769680284269569E9, 0.0, 2026-01-29 15:21:24.269
38.0, 71531.70663496335, -115255.8538622682, 71199.1573809573, -173784.74608477904, -128706.10549522705, -85544.66343458455, -86840.28230193643, -82223.37302248157, -0.77, -0.29, 0.5660000000000001, 192.0, 0.0, 0.0, 0.0, 0.0, 0.0, 0.0, 0.0, 0.0, 0.0, 1.769680284269654E9, 0.0, 2026-01-29 15:21:24.269
39.0, 71600.81822881916, -119952.29064849505, 70290.84954152699, -179086.8257387669, -128711.7828383187, -85550.9442747765, -86843.76917407145, -82228.89390336203, -0.77, -0.29, 0.5660000000000001, 192.0, 0.0, 0.0, 0.0, 0.0, 0.0, 0.0, 0.0, 0.0, 0.0, 1.769680284269757E9, 0.0, 2026-01-29 15:21:24.269
40.0, 71512.90881787644, -112275.02522170845, 71526.09634710508, -169743.59539074844, -128705.83727429359, -85548.1950102085, -86843.14332522672, -82229.63151092906, -0.77, -0.29, 0.5660000000000001, 192.0, 0.0, 0.0, 0.0, 0.0, 0.0, 0.0, 0.0, 0.0, 0.0, 1.769680284269853E9, 0.0, 2026-01-29 15:21:24.269
41.0, 71367.91305159486, -101618.92045961863, 71499.0730880586, -157208.67004497888, -128695.04138172168, -85540.61776883814, -86839.27647343594, -82226.8598946166, -0.77, -0.29, 0.5660000000000001, 192.0, 0.0, 0.0, 0.0, 0.0, 0.0, 0.0, 0.0, 0.0, 0.0, 1.769680284269951E9, 0.0, 2026-01-29 15:21:24.269
42.0, 71375.93732785432, -104019.58722109643, 71507.05266082915, -160454.0315811672, -128695.95780324434, -85541.62359733864, -86839.34352866931, -82228.44686847292, -0.77, -0.29, 0.5660000000000001, 192.0, 0.0, 0.0, 0.0, 0.0, 0.0, 0.0, 0.0, 0.0, 0.0, 1.769680284270033E9, 0.0, 2026-01-29 15:21:24.270
43.0, 71508.46082072983, -115357.82252047332, 71175.46453183467, -173902.7409437586, -128705.52434987121, -85549.84903929819, -86842.87510429324, -82234.10185982012, -0.77, -0.29, 0.5660000000000001, 192.0, 0.0, 0.0, 0.0, 0.0, 0.0, 0.0, 0.0, 0.0, 0.0, 1.769680284270127E9, 0.0, 2026-01-29 15:21:24.270
44.0, 71573.88437675052, -119953.60940141791, 70311.90488480388, -179046.27967432496, -128708.54183537267, -85553.47002189995, -86843.72447058254, -82236.98523485484, -0.77, -0.29, 0.5660000000000001, 192.0, 0.0, 0.0, 0.0, 0.0, 0.0, 0.0, 0.0, 0.0, 0.0, 1.769680284328937E9, 0.0, 2026-01-29 15:21:24.328
45.0, 71483.91860531791, -112167.89331053417, 71507.4326404849, -169586.75319990556, -128702.14923645846, -85550.0949084872, -86842.6962903376, -82237.25345578832, -0.77, -0.29, 0.5660000000000001, 192.0, 0.0, 0.0, 0.0, 0.0, 0.0, 0.0, 0.0, 0.0, 0.0, 1.76968028432905E9, 0.0, 2026-01-29 15:21:24.329
46.0, 71342.16384198236, -101529.7146474975, 71473.3238784461, -157129.9919044962, -128694.48258811029, -85545.51280087385, -86841.86927579276, -82237.58873195514, -0.772, -0.294, 0.5660000000000001, 192.0, 231.0, 224.0, 246.0, 208.0, 17.0, 176.0, 0.0, 0.0, 0.0, 1.769680284329134E9, 0.0, 2026-01-29 15:21:24.329
47.0, 71354.3902461994, -104049.80677960001, 71485.3714687075, -160541.87393687654, -128698.1259224565, -85549.13378347561, -86844.55148512739, -82242.0590808462, -0.772, -0.294, 0.5660000000000001, 192.0, 0.0, 0.0, 0.0, 0.0, 0.0, 0.0, 0.0, 0.0, 0.0, 1.76968028432928E9, 0.0, 2026-01-29 15:21:24.329
48.0, 71488.63482339798, -115423.98368406102, 71147.81542394345, -173989.93509887878, -128709.19003596187, -85558.81208882476, -86849.71473809658, -82249.25634256081, -0.772, -0.294, 0.5660000000000001, 192.0, 0.0, 0.0, 0.0, 0.0, 0.0, 0.0, 0.0, 0.0, 0.0, 1.769680284329476E9, 0.0, 2026-01-29 15:21:24.329
49.0, 71555.04185617469, -119952.93884908425, 70318.36453895147, -179003.7443046265, -128714.50975114224, -85564.80235633878, -86853.0004445315, -82254.37489204109, -0.772, -0.294, 0.5660000000000001, 192.0, 0.0, 0.0, 0.0, 0.0, 0.0, 0.0, 0.0, 0.0, 0.0, 1.769680284329642E9, 0.0, 2026-01-29 15:21:24.329
50.0, 71462.57268936309, -112077.9051873571, 71493.7757246227, -169442.22682025752, -128706.82075104961, -85560.42141442555, -86850.85467706379, -82253.45847051841, -0.772, -0.294, 0.5660000000000001, 192.0, 0.0, 0.0, 0.0, 0.0, 0.0, 0.0, 0.0, 0.0, 0.0, 1.769680284329748E9, 0.0, 2026-01-29 15:21:24.329
51.0, 71319.07448996002, -101469.52139967936, 71450.23452642377, -157057.63930769436, -128697.0753904671, -85553.78294632232, -86847.88189505124, -82251.58092398416, -0.772, -0.294, 0.5660000000000001, 192.0, 0.0, 0.0, 0.0, 0.0, 0.0, 0.0, 0.0, 0.0, 0.0, 1.769680284329829E9, 0.0, 2026-01-29 15:21:24.329
52.0, 71329.11042322045, -104113.46454780872, 71460.00223875073, -160626.49764138434, -128697.14244570048, -85553.78294632232, -86846.92077003965, -82252.34088329565, -0.772, -0.294, 0.5660000000000001, 192.0, 0.0, 0.0, 0.0, 0.0, 0.0, 0.0, 0.0, 0.0, 0.0, 1.769680284329911E9, 0.0, 2026-01-29 15:21:24.329
53.0, 71459.75636956173, -115523.02426374248, 71077.40742890924, -174088.95332681577, -128703.87032078151, -85558.83444056922, -86847.52426713995, -82254.93368565246, -0.772, -0.294, 0.5660000000000001, 192.0, 0.0, 0.0, 0.0, 0.0, 0.0, 0.0, 0.0, 0.0, 0.0, 1.769680284329993E9, 0.0, 2026-01-29 15:21:24.329
54.0, 71524.5317249932, -119964.36059050092, 70206.69522365276, -178986.75697884048, -128708.47478013931, -85563.88593481612, -86850.0500142634, -82259.42638628797, -0.772, -0.294, 0.5660000000000001, 192.0, 0.0, 0.0, 0.0, 0.0, 0.0, 0.0, 0.0, 0.0, 0.0, 1.769680284330095E9, 0.0, 2026-01-29 15:21:24.330
55.0, 71433.80599424911, -111985.79364845678, 71462.70679982982, -169306.68584188056, -128703.44563763686, -85562.12014700416, -86850.51940089696, -82261.3709880556, -0.772, -0.294, 0.5660000000000001, 192.0, 0.0, 0.0, 0.0, 0.0, 0.0, 0.0, 0.0, 0.0, 0.0, 1.7696802843302E9, 0.0, 2026-01-29 15:21:24.330
56.0, 71290.1289808904, -101414.64786704158, 71421.1549068874, -157010.8124030605, -128692.98502123178, -85554.67701610054, -86846.78665957293, -82258.71113046541, -0.764, -0.294, 0.556, 192.0, 232.0, 32.0, 246.0, 208.0, 17.0, 96.0, 0.0, 0.0, 0.0, 1.769680284330302E9, 0.0, 2026-01-29 15:21:24.330
57.0, 71302.333033363, -104186.48769694421, 71433.20249714881, -160728.7345205229, -128693.23089042079, -85554.699367845, -86845.93729328363, -82259.53814501026, -0.764, -0.294, 0.556, 192.0, 0.0, 0.0, 0.0, 0.0, 0.0, 0.0, 0.0, 0.0, 0.0, 1.769680284330394E9, 0.0, 2026-01-29 15:21:24.330
58.0, 71435.57178206107, -115637.80047152049, 71028.61357076331, -174207.64108987345, -128702.39510564746, -85562.34366444871, -86848.93242704064, -82264.5672875127, -0.764, -0.294, 0.556, 192.0, 0.0, 0.0, 0.0, 0.0, 0.0, 0.0, 0.0, 0.0, 0.0, 1.769680284330508E9, 0.0, 2026-01-29 15:21:24.330
59.0, 71499.05073631415, -119973.39069526085, 70144.53502232254, -178963.08648146232, -128706.82075104961, -85567.52926916233, -86851.5475811419, -82269.17174687049, -0.764, -0.294, 0.556, 192.0, 0.0, 0.0, 0.0, 0.0, 0.0, 0.0, 0.0, 0.0, 0.0, 1.76968028438942E9, 0.0, 2026-01-29 15:21:24.389
60.0, 71404.86048517948, -111881.05337393921, 71434.78947100515, -169175.8834333281, -128699.84700677956, -85563.84123132721, -86850.11706949676, -82269.14939512603, -0.764, -0.294, 0.556, 192.0, 0.0, 0.0, 0.0, 0.0, 0.0, 0.0, 0.0, 0.0, 0.0, 1.769680284389534E9, 0.0, 2026-01-29 15:21:24.389
61.0, 71261.04936135405, -101342.60819466213, 71392.23174956224, -156942.2372510716, -128689.25227990774, -85556.2416382124, -86846.22786596154, -82266.37777881358, -0.764, -0.294, 0.556, 192.0, 0.0, 0.0, 0.0, 0.0, 0.0, 0.0, 0.0, 0.0, 0.0, 1.769680284389618E9, 0.0, 2026-01-29 15:21:24.389
62.0, 71276.71793421722, -104253.18530239884, 71407.69915672531, -160811.32421628525, -128691.66626830892, -85558.47681265793, -86847.45721190659, -82269.30585733723, -0.764, -0.294, 0.556, 192.0, 0.0, 0.0, 0.0, 0.0, 0.0, 0.0, 0.0, 0.0, 0.0, 1.769680284389761E9, 0.0, 2026-01-29 15:21:24.389
63.0, 71412.61654050548, -115736.88575469087, 70933.61865682824, -174291.99657344777, -128702.59627134756, -85567.97630405144, -86852.30754045339, -82276.30195335174, -0.764, -0.294, 0.556, 192.0, 0.0, 0.0, 0.0, 0.0, 0.0, 0.0, 0.0, 0.0, 0.0, 1.769680284389866E9, 0.0, 2026-01-29 15:21:24.389
64.0, 71475.2237767248, -119984.16423608831, 69986.3740785568, -178916.483094273, -128706.75369581625, -85572.8489843427, -86854.58741838783, -82280.39232258705, -0.764, -0.294, 0.556, 192.0, 0.0, 0.0, 0.0, 0.0, 0.0, 0.0, 0.0, 0.0, 0.0, 1.769680284389966E9, 0.0, 2026-01-29 15:21:24.389
65.0, 71382.37463025744, -111800.31887296664, 71408.54852301462, -169040.92360030694, -128701.99277424726, -85571.41847269757, -86855.43678467713, -82282.5157383103, -0.764, -0.294, 0.556, 192.0, 0.0, 0.0, 0.0, 0.0, 0.0, 0.0, 0.0, 0.0, 0.0, 1.769680284390065E9, 0.0, 2026-01-29 15:21:24.390
66.0, 71240.68692215526, -101302.57622034267, 71371.86931036346, -156895.29858771546, -128692.6273933205, -85565.09292901671, -86852.86633406476, -82280.95111619844, -0.774, -0.29, 0.562, 192.0, 231.0, 208.0, 246.0, 240.0, 17.0, 144.0, 0.0, 0.0, 0.0, 1.769680284390147E9, 0.0, 2026-01-29 15:21:24.390
67.0, 71261.5187479876, -104338.59131796258, 71392.47761875125, -160921.51831644992, -128698.79647479016, -85570.97143780845, -86857.62725563375, -82287.50017732385, -0.774, -0.29, 0.562, 192.0, 0.0, 0.0, 0.0, 0.0, 0.0, 0.0, 0.0, 0.0, 0.0, 1.769680284390238E9, 0.0, 2026-01-29 15:21:24.390
68.0, 71396.18800833084, -115844.35294203198, 70867.725714174, -174403.8223509577, -128708.20655920585, -85578.92865883454, -86861.02472079096, -82292.9763547154, -0.774, -0.29, 0.562, 192.0, 0.0, 0.0, 0.0, 0.0, 0.0, 0.0, 0.0, 0.0, 0.0, 1.769680284390318E9, 0.0, 2026-01-29 15:21:24.390
69.0, 71456.69418057134, -119983.71720119921, 69901.75037404899, -178894.95836436254, -128711.76048657425, -85583.13078679214, -86862.87991558075, -82296.5749855727, -0.774, -0.29, 0.562, 192.0, 0.0, 0.0, 0.0, 0.0, 0.0, 0.0, 0.0, 0.0, 0.0, 1.769680284390427E9, 0.0, 2026-01-29 15:21:24.390
70.0, 71361.36399046946, -111676.24433949523, 71389.1025053385, -168891.83746479006, -128705.83727429359, -85580.49328094641, -86862.61169464728, -82297.69257279547, -0.774, -0.29, 0.562, 192.0, 0.0, 0.0, 0.0, 0.0, 0.0, 0.0, 0.0, 0.0, 0.0, 1.769680284390526E9, 0.0, 2026-01-29 15:21:24.390
71.0, 71220.39153818984, -101226.51323396126, 71351.4398159313, -156842.88374696777, -128696.874224767, -85574.48066168794, -86860.26476147947, -82296.5749855727, -0.774, -0.29, 0.562, 192.0, 0.0, 0.0, 0.0, 0.0, 0.0, 0.0, 0.0, 0.0, 0.0, 1.769680284390626E9, 0.0, 2026-01-29 15:21:24.390
72.0, 71240.23988726614, -104410.07219673065, 71371.10935105197, -161029.4101869357, -128700.24933817975, -85577.4981471894, -86862.38817720272, -82300.30772689673, -0.774, -0.29, 0.562, 192.0, 0.0, 0.0, 0.0, 0.0, 0.0, 0.0, 0.0, 0.0, 0.0, 1.769680284390708E9, 0.0, 2026-01-29 15:21:24.390
73.0, 71375.75851389868, -115958.5703561986, 70821.74817582943, -174526.1981518505, -128709.81588480662, -85585.52242344886, -86865.8079941044, -82305.85095952165, -0.774, -0.29, 0.562, 192.0, 0.0, 0.0, 0.0, 0.0, 0.0, 0.0, 0.0, 0.0, 0.0, 1.769680284390807E9, 0.0, 2026-01-29 15:21:24.390
74.0, 71436.13057567246, -119987.29348031206, 69870.50263530048, -178855.0157970209, -128714.19682671987, -85590.66332467357, -86868.51255518348, -82310.43306713499, -0.774, -0.29, 0.562, 192.0, 0.0, 0.0, 0.0, 0.0, 0.0, 0.0, 0.0, 0.0, 0.0, 1.769680284449752E9, 0.0, 2026-01-29 15:21:24.449
75.0, 71337.17940296882, -111556.75191363716, 71369.76824638466, -168739.39856760486, -128706.01608824922, -85585.85769961569, -86865.98680806003, -82309.29312816777, -0.774, -0.29, 0.562, 192.0, 0.0, 0.0, 0.0, 0.0, 0.0, 0.0, 0.0, 0.0, 0.0, 1.769680284449863E9, 0.0, 2026-01-29 15:21:24.449
76.0, 71196.98926174513, -101146.69515451136, 71328.10459471996, -156786.8479236183, -128697.34361140056, -85580.11330129068, -86863.88574408123, -82308.26494792283, -0.768, -0.292, 0.562, 192.0, 232.0, 0.0, 246.0, 224.0, 17.0, 144.0, 0.0, 0.0, 0.0, 1.769680284449949E9, 0.0, 2026-01-29 15:21:24.449
77.0, 71216.39057593234, -104465.83979914663, 71347.26003971817, -161133.36815039732, -128698.59530909006, -85581.11912979116, -86863.7069301256, -82309.74016305688, -0.768, -0.292, 0.562, 192.0, 0.0, 0.0, 0.0, 0.0, 0.0, 0.0, 0.0, 0.0, 0.0, 1.769680284450104E9, 0.0, 2026-01-29 15:21:24.450
78.0, 71353.27265897664, -116047.15031947498, 70755.452901775, -174632.54775196884, -128709.41355340643, -85590.48451071794, -86868.40079646121, -82316.49038988238, -0.768, -0.292, 0.562, 192.0, 0.0, 0.0, 0.0, 0.0, 0.0, 0.0, 0.0, 0.0, 0.0, 1.769680284450209E9, 0.0, 2026-01-29 15:21:24.450
79.0, 71412.43772654983, -119974.4188755058, 69804.36382345723, -178825.22092166197, -128713.43686740838, -85595.26778403137, -86870.85948835129, -82320.73722132889, -0.768, -0.292, 0.562, 192.0, 0.0, 0.0, 0.0, 0.0, 0.0, 0.0, 0.0, 0.0, 0.0, 1.769680284450309E9, 0.0, 2026-01-29 15:21:24.450
80.0, 71315.4311556138, -111452.6598397088, 71351.48451942022, -168607.16564740727, -128708.36302141703, -85593.41258924158, -86871.53004068496, -82322.77123007432, -0.768, -0.292, 0.562, 192.0, 0.0, 0.0, 0.0, 0.0, 0.0, 0.0, 0.0, 0.0, 0.0, 1.769680284450419E9, 0.0, 2026-01-29 15:21:24.450
81.0, 71176.58211905744, -101086.2113340153, 71307.56334156553, -156727.5934490673, -128700.29404166866, -85588.27168801686, -86869.98777031753, -82322.30184344076, -0.768, -0.292, 0.562, 192.0, 0.0, 0.0, 0.0, 0.0, 0.0, 0.0, 0.0, 0.0, 0.0, 1.769680284450501E9, 0.0, 2026-01-29 15:21:24.450
82.0, 71200.05145073551, -104527.10593069863, 71330.87621103242, -161230.12885214435, -128704.2279486928, -85591.95972585198, -86872.49116569653, -82326.45926790945, -0.768, -0.292, 0.562, 192.0, 0.0, 0.0, 0.0, 0.0, 0.0, 0.0, 0.0, 0.0, 0.0, 1.769680284450584E9, 0.0, 2026-01-29 15:21:24.450
83.0, 71336.28533319061, -116128.89064894804, 70698.25478771387, -174717.81965706585, -128713.83919880858, -85600.07340908927, -86875.93333434264, -82332.11425925663, -0.768, -0.292, 0.562, 192.0, 0.0, 0.0, 0.0, 0.0, 0.0, 0.0, 0.0, 0.0, 0.0, 1.769680284450667E9, 0.0, 2026-01-29 15:21:24.450
84.0, 71393.21522631827, -119973.03306734956, 69733.21822085598, -178787.66999097707, -128716.85668431006, -85603.89555739112, -86877.4532529656, -82335.42231743602, -0.768, -0.292, 0.562, 192.0, 0.0, 0.0, 0.0, 0.0, 0.0, 0.0, 0.0, 0.0, 0.0, 1.769680284450768E9, 0.0, 2026-01-29 15:21:24.450
85.0, 71293.81701872552, -111350.75823673705, 71330.83150754351, -168461.54403228094, -128710.88876854048, -85601.19099631203, -86877.22973552105, -82336.42814593652, -0.768, -0.292, 0.562, 192.0, 0.0, 0.0, 0.0, 0.0, 0.0, 0.0, 0.0, 0.0, 0.0, 1.769680284450866E9, 0.0, 2026-01-29 15:21:24.450
86.0, 71155.25855484707, -101011.4447488123, 71286.19507386626, -156665.65676518163, -128702.81978879211, -85596.05009508731, -86875.62040992027, -82336.07051802523, -0.764, -0.29, 0.5660000000000001, 192.0, 232.0, 32.0, 246.0, 240.0, 17.0, 176.0, 0.0, 0.0, 0.0, 1.769680284450966E9, 0.0, 2026-01-29 15:21:24.450
87.0, 71178.97375571415, -104570.69183238648, 71309.75381252216, -161302.57085592402, -128705.12201847101, -85598.06175208828, -86876.31331399838, -82338.4845064264, -0.764, -0.29, 0.5660000000000001, 192.0, 0.0, 0.0, 0.0, 0.0, 0.0, 0.0, 0.0, 0.0, 0.0, 1.769680284451055E9, 0.0, 2026-01-29 15:21:24.451
88.0, 71312.72659453472, -116207.85936210863, 70664.39189486408, -174795.2013963701, -128711.71578308532, -85603.20265331301, -86876.84975586532, -82341.07730878322, -0.764, -0.29, 0.5660000000000001, 192.0, 0.0, 0.0, 0.0, 0.0, 0.0, 0.0, 0.0, 0.0, 0.0, 1.769680284451154E9, 0.0, 2026-01-29 15:21:24.451
89.0, 71367.57777542803, -119963.39946548933, 69726.13271786366, -178740.1501822651, -128713.54862613067, -85605.77310392537, -86877.14032854323, -82343.29013148429, -0.764, -0.29, 0.5660000000000001, 192.0, 0.0, 0.0, 0.0, 0.0, 0.0, 0.0, 0.0, 0.0, 0.0, 1.769680284509982E9, 0.0, 2026-01-29 15:21:24.509
90.0, 71267.55371899053, -111244.16276742969, 71309.64205379988, -168323.58906550278, -128707.49130338327, -85603.15794982409, -86877.02856982095, -82344.51947742933, -0.764, -0.29, 0.5660000000000001, 192.0, 0.0, 0.0, 0.0, 0.0, 0.0, 0.0, 0.0, 0.0, 0.0, 1.7696802845101E9, 0.0, 2026-01-29 15:21:24.510
91.0, 71132.61623771385, -100953.10669578395, 71263.55275673304, -156622.2720291939, -128702.5739196031, -85601.19099631203, -86878.52613669947, -82347.11227978615, -0.764, -0.29, 0.5660000000000001, 192.0, 0.0, 0.0, 0.0, 0.0, 0.0, 0.0, 0.0, 0.0, 0.0, 1.769680284510277E9, 0.0, 2026-01-29 15:21:24.510
92.0, 71159.46068280467, -104647.98416471294, 71290.24073961267, -161408.7416420867, -128706.79839930516, -85605.10255159171, -86881.07423556737, -82351.24735251039, -0.764, -0.29, 0.5660000000000001, 192.0, 0.0, 0.0, 0.0, 0.0, 0.0, 0.0, 0.0, 0.0, 0.0, 1.769680284510515E9, 0.0, 2026-01-29 15:21:24.510
93.0, 71295.91808270432, -116324.71428212099, 70585.93727182594, -174907.51891225803, -128715.73909708728, -85612.67979296205, -86883.86820362428, -82356.36590199065, -0.764, -0.29, 0.5660000000000001, 192.0, 0.0, 0.0, 0.0, 0.0, 0.0, 0.0, 0.0, 0.0, 0.0, 1.769680284510655E9, 0.0, 2026-01-29 15:21:24.510
94.0, 71350.47869091973, -119969.6132504479, 69647.92396401452, -178708.41070513855, -128718.48836165528, -85616.32312730826, -86885.2093082916, -82359.51749795885, -0.764, -0.29, 0.5660000000000001, 192.0, 0.0, 0.0, 0.0, 0.0, 0.0, 0.0, 0.0, 0.0, 0.0, 1.769680284510834E9, 0.0, 2026-01-29 15:21:24.510
95.0, 71248.15240480333, -111141.6800191021, 71293.39233558087, -168196.02765989635, -128711.69343134087, -85612.8586069177, -86884.38229374675, -82359.85277412567, -0.764, -0.29, 0.5660000000000001, 192.0, 0.0, 0.0, 0.0, 0.0, 0.0, 0.0, 0.0, 0.0, 0.0, 1.769680284510956E9, 0.0, 2026-01-29 15:21:24.510
96.0, 71110.30919674745, -100884.50919205061, 71241.20101227773, -156580.58602578475, -128703.3338789146, -85607.47183650397, -86882.43769197914, -82358.8916491141, -0.766, -0.28800000000000003, 0.5700000000000001, 192.0, 232.0, 16.0, 247.0, 0.0, 17.0, 208.0, 0.0, 0.0, 0.0, 1.769680284511065E9, 0.0, 2026-01-29 15:21:24.511
97.0, 71137.69008370521, -104708.69150265354, 71268.33603004647, -161524.70249232085, -128706.39606790496, -85610.17639758305, -86883.8011483909, -82361.88678287111, -0.766, -0.28800000000000003, 0.5700000000000001, 192.0, 0.0, 0.0, 0.0, 0.0, 0.0, 0.0, 0.0, 0.0, 0.0, 1.769680284511161E9, 0.0, 2026-01-29 15:21:24.511
98.0, 71275.06390512752, -116415.08238495378, 70483.20865430936, -175004.68194540526, -128715.98496627629, -85618.46889477599, -86887.33272401485, -82367.56412596276, -0.766, -0.28800000000000003, 0.5700000000000001, 192.0, 0.0, 0.0, 0.0, 0.0, 0.0, 0.0, 0.0, 0.0, 0.0, 1.769680284511248E9, 0.0, 2026-01-29 15:21:24.511
99.0, 71329.9374377653, -119983.73955294366, 69516.45100312842, -178676.29124835625, -128720.03063202271, -85623.63214774516, -86890.0596368384, -82372.14623357609, -0.766, -0.28800000000000003, 0.5700000000000001, 192.0, 0.0, 0.0, 0.0, 0.0, 0.0, 0.0, 0.0, 0.0, 0.0, 1.769680284511358E9, 0.0, 2026-01-29 15:21:24.511
100.0, 71226.94059931525, -111045.54516619984, 71271.62173648141, -168050.33898953666, -128713.72744008631, -85620.63701398815, -86889.74671241602, -82373.06265509877, -0.766, -0.28800000000000003, 0.5700000000000001, 192.0, 0.0, 0.0, 0.0, 0.0, 0.0, 0.0, 0.0, 0.0, 0.0, 1.769680284511486E9, 0.0, 2026-01-29 15:21:24.511
101.0, 71090.14792324876, -100824.96414482167, 71221.03973877904, -156528.41705422607, -128706.17255046041, -85616.0102028859, -86888.47266298207, -82372.86148939867, -0.766, -0.28800000000000003, 0.5700000000000001, 192.0, 0.0, 0.0, 0.0, 0.0, 0.0, 0.0, 0.0, 0.0, 0.0, 1.769680284511592E9, 0.0, 2026-01-29 15:21:24.511
102.0, 71117.90878986225, -104769.80117199436, 71248.57708794798, -161619.9432754449, -128708.36302141703, -85617.82069418678, -86888.8079391489, -82374.87314639964, -0.766, -0.28800000000000003, 0.5700000000000001, 192.0, 0.0, 0.0, 0.0, 0.0, 0.0, 0.0, 0.0, 0.0, 0.0, 1.769680284511681E9, 0.0, 2026-01-29 15:21:24.511
103.0, 71255.90846012931, -116496.08510685983, 70466.75777039025, -175101.21912970772, -128718.01897502173, -85626.22495010197, -86892.31716302839, -82380.5951929802, -0.766, -0.28800000000000003, 0.5700000000000001, 192.0, 0.0, 0.0, 0.0, 0.0, 0.0, 0.0, 0.0, 0.0, 0.0, 1.769680284511798E9, 0.0, 2026-01-29 15:21:24.511
104.0, 71308.21154215474, -119957.94563984223, 69555.54420418074, -178623.56348318618, -128720.70118435637, -85629.95769142601, -86893.72532292907, -82383.90325115959, -0.766, -0.28800000000000003, 0.5700000000000001, 192.0, 0.0, 0.0, 0.0, 0.0, 0.0, 0.0, 0.0, 0.0, 0.0, 1.769680284570274E9, 0.0, 2026-01-29 15:21:24.570
105.0, 71204.34298567093, -110918.45314722696, 71256.71312292971, -167893.51915043822, -128714.48739939778, -85627.14137162465, -86893.68061944016, -82384.93143140453, -0.766, -0.28800000000000003, 0.5700000000000001, 192.0, 0.0, 0.0, 0.0, 0.0, 0.0, 0.0, 0.0, 0.0, 0.0, 1.769680284570389E9, 0.0, 2026-01-29 15:21:24.570
106.0, 71067.46090262663, -100726.66117270723, 71198.26331117908, -156483.91473101554, -128706.0831434826, -85621.53108376636, -86891.53485197245, -82383.81384418176, -0.762, -0.296, 0.5680000000000001, 192.0, 232.0, 48.0, 246.0, 192.0, 17.0, 192.0, 0.0, 0.0, 0.0, 1.769680284570497E9, 0.0, 2026-01-29 15:21:24.570
107.0, 71098.75334486406, -104781.8264105113, 71229.39929120532, -161724.01299762883, -128709.65942259545, -85624.90619717911, -86893.39004676224, -82387.18895759451, -0.762, -0.296, 0.5680000000000001, 192.0, 0.0, 0.0, 0.0, 0.0, 0.0, 0.0, 0.0, 0.0, 0.0, 1.769680284570664E9, 0.0, 2026-01-29 15:21:24.570
108.0, 71236.8647738534, -116550.62336333077, 70422.23309543528, -175207.3005088926, -128719.02480352222, -85633.08693564976, -86896.74280843054, -82392.5533762638, -0.762, -0.296, 0.5680000000000001, 192.0, 0.0, 0.0, 0.0, 0.0, 0.0, 0.0, 0.0, 0.0, 0.0, 1.769680284570748E9, 0.0, 2026-01-29 15:21:24.570
109.0, 71288.2737861006, -119919.6571015903, 69549.10690177762, -178576.0883779631, -128722.06464076813, -85637.15495314062, -86898.53094798696, -82396.26376584337, -0.762, -0.296, 0.5680000000000001, 192.0, 0.0, 0.0, 0.0, 0.0, 0.0, 0.0, 0.0, 0.0, 0.0, 1.769680284570855E9, 0.0, 2026-01-29 15:21:24.570
110.0, 71182.90766273829, -110779.47000020386, 71241.04455006654, -167745.7070643553, -128716.14142848748, -85634.49509555043, -86898.48624449805, -82397.67192574406, -0.762, -0.296, 0.5680000000000001, 192.0, 0.0, 0.0, 0.0, 0.0, 0.0, 0.0, 0.0, 0.0, 0.0, 1.769680284570938E9, 0.0, 2026-01-29 15:21:24.570
111.0, 71045.39973084924, -100658.13072420725, 71176.15743591278, -156433.39978854655, -128706.35136441606, -85627.49899953592, -86895.04407585193, -82395.3026408318, -0.762, -0.296, 0.5680000000000001, 192.0, 0.0, 0.0, 0.0, 0.0, 0.0, 0.0, 0.0, 0.0, 0.0, 1.769680284571032E9, 0.0, 2026-01-29 15:21:24.571
112.0, 71078.05562949844, -104864.68432720714, 71208.6568723508, -161847.5063857444, -128710.19586446237, -85630.89646469313, -86896.9663258751, -82398.74480947791, -0.762, -0.296, 0.5680000000000001, 192.0, 0.0, 0.0, 0.0, 0.0, 0.0, 0.0, 0.0, 0.0, 0.0, 1.769680284571114E9, 0.0, 2026-01-29 15:21:24.571
113.0, 71218.04460502203, -116651.60854477985, 70343.24203053022, -175316.57818753461, -128721.14821924547, -85640.50771480892, -86901.88370965526, -82405.62914677014, -0.762, -0.296, 0.5680000000000001, 192.0, 0.0, 0.0, 0.0, 0.0, 0.0, 0.0, 0.0, 0.0, 0.0, 1.769680284571196E9, 0.0, 2026-01-29 15:21:24.571
114.0, 71269.18539633577, -119907.31893865096, 69465.26550832576, -178538.2915780892, -128724.85860882504, -85645.42509858908, -86904.56591898989, -82410.14419915012, -0.762, -0.296, 0.5680000000000001, 192.0, 0.0, 0.0, 0.0, 0.0, 0.0, 0.0, 0.0, 0.0, 0.0, 1.769680284571289E9, 0.0, 2026-01-29 15:21:24.571
115.0, 71161.82996771693, -110666.14665581545, 71221.48677366815, -167601.89594052982, -128717.95191978836, -85641.80411598732, -86903.73890444505, -82410.52417880585, -0.762, -0.296, 0.5680000000000001, 192.0, 0.0, 0.0, 0.0, 0.0, 0.0, 0.0, 0.0, 0.0, 0.0, 1.769680284571384E9, 0.0, 2026-01-29 15:21:24.571
116.0, 71027.00424516252, -100613.15901436318, 71157.87370894835, -156391.1102880371, -128710.30762318465, -85636.90908395161, -86902.30839279991, -82410.14419915012, -0.76, -0.294, 0.5640000000000001, 192.0, 232.0, 64.0, 246.0, 208.0, 17.0, 160.0, 0.0, 0.0, 0.0, 1.769680284571499E9, 0.0, 2026-01-29 15:21:24.571
117.0, 71059.28016415598, -104964.66368015572, 71189.99316573062, -161952.11254979522, -128711.96165227433, -85638.16078164111, -86901.88370965526, -82411.48530381743, -0.76, -0.294, 0.5640000000000001, 192.0, 0.0, 0.0, 0.0, 0.0, 0.0, 0.0, 0.0, 0.0, 0.0, 1.769680284571588E9, 0.0, 2026-01-29 15:21:24.571
118.0, 71199.20208444621, -116758.11460710938, 70284.36753563494, -175405.80635140018, -128722.62343437952, -85647.68262477906, -86906.46581726859, -82418.16847540958, -0.76, -0.294, 0.5640000000000001, 192.0, 0.0, 0.0, 0.0, 0.0, 0.0, 0.0, 0.0, 0.0, 0.0, 1.76968028457168E9, 0.0, 2026-01-29 15:21:24.571
119.0, 71248.80060539253, -119896.47834259014, 69433.12369979903, -178492.64931591146, -128726.19971349237, -85652.4211946036, -86908.96921264759, -82422.48236208945, -0.76, -0.294, 0.5640000000000001, 192.0, 0.0, 0.0, 0.0, 0.0, 0.0, 0.0, 0.0, 0.0, 0.0, 1.769680284630536E9, 0.0, 2026-01-29 15:21:24.630
120.0, 71140.17112733974, -110554.63380272793, 71203.58302635944, -167460.29763940547, -128718.91304479993, -85648.50963932391, -86907.80692193592, -82422.52706557835, -0.76, -0.294, 0.5640000000000001, 192.0, 0.0, 0.0, 0.0, 0.0, 0.0, 0.0, 0.0, 0.0, 0.0, 1.769680284630646E9, 0.0, 2026-01-29 15:21:24.630
121.0, 71005.30070129642, -100566.9356068296, 71136.12546159333, -156360.08606673314, -128710.37467841801, -85642.63113053217, -86905.50469225702, -82421.2083126555, -0.76, -0.294, 0.5640000000000001, 192.0, 0.0, 0.0, 0.0, 0.0, 0.0, 0.0, 0.0, 0.0, 0.0, 1.76968028463073E9, 0.0, 2026-01-29 15:21:24.630
122.0, 71044.72917851558, -105045.50993985057, 71175.28571787903, -162052.31542018836, -128717.86251281053, -85649.49311607995, -86910.89146267074, -82428.31616739227, -0.76, -0.294, 0.5640000000000001, 192.0, 0.0, 0.0, 0.0, 0.0, 0.0, 0.0, 0.0, 0.0, 0.0, 1.76968028463086E9, 0.0, 2026-01-29 15:21:24.630
123.0, 71184.96402322818, -116864.77713165012, 70219.70393892574, -175495.30273619923, -128728.59135014909, -85658.7690900289, -86915.45121853963, -82434.93228375106, -0.76, -0.294, 0.5640000000000001, 192.0, 0.0, 0.0, 0.0, 0.0, 0.0, 0.0, 0.0, 0.0, 0.0, 1.769680284630943E9, 0.0, 2026-01-29 15:21:24.630
124.0, 71231.58976216195, -119913.84564803191, 69382.18407418538, -178454.2266671928, -128730.04421353868, -85661.33954064126, -86915.87590168428, -82437.12275470767, -0.76, -0.294, 0.5640000000000001, 192.0, 0.0, 0.0, 0.0, 0.0, 0.0, 0.0, 0.0, 0.0, 0.0, 1.76968028463105E9, 0.0, 2026-01-29 15:21:24.631
125.0, 71121.8874003753, -110481.29772917007, 71187.69093605172, -167348.40480666218, -128722.91400705744, -85657.6738545506, -86915.00418365053, -82437.4580308745, -0.76, -0.294, 0.5640000000000001, 192.0, 0.0, 0.0, 0.0, 0.0, 0.0, 0.0, 0.0, 0.0, 0.0, 1.769680284631132E9, 0.0, 2026-01-29 15:21:24.631
126.0, 70989.87799762226, -100523.59557433076, 71120.74746140809, -156332.57106930864, -128716.78962907668, -85654.3657963712, -86915.02653539498, -82438.57561809727, -0.762, -0.296, 0.5680000000000001, 192.0, 232.0, 48.0, 246.0, 192.0, 17.0, 192.0, 0.0, 0.0, 0.0, 1.769680284631224E9, 0.0, 2026-01-29 15:21:24.631
127.0, 71028.07712889637, -105107.46897548067, 71158.65602000427, -162160.0731802074, -128721.37173669002, -85658.3220551398, -86917.37346856279, -82442.62128384368, -0.762, -0.296, 0.5680000000000001, 192.0, 0.0, 0.0, 0.0, 0.0, 0.0, 0.0, 0.0, 0.0, 0.0, 1.769680284631314E9, 0.0, 2026-01-29 15:21:24.631
128.0, 71163.86397646237, -116942.96353375478, 70107.83345792693, -175591.03525770133, -128727.31730071513, -85662.90416275313, -86917.14995111823, -82444.47647863347, -0.762, -0.296, 0.5680000000000001, 192.0, 0.0, 0.0, 0.0, 0.0, 0.0, 0.0, 0.0, 0.0, 0.0, 1.769680284631396E9, 0.0, 2026-01-29 15:21:24.631
129.0, 71210.10973574039, -119888.45406633068, 69287.01034629469, -178402.2141578453, -128729.44071643839, -85666.1228139547, -86918.42400055219, -82447.40455715712, -0.762, -0.296, 0.5680000000000001, 192.0, 0.0, 0.0, 0.0, 0.0, 0.0, 0.0, 0.0, 0.0, 0.0, 1.769680284631501E9, 0.0, 2026-01-29 15:21:24.631
130.0, 71102.50843793254, -110354.87626253084, 71170.94947945469, -167188.58983380673, -128725.64091988099, -85665.76518604341, -86920.99445116454, -82451.22670545898, -0.762, -0.296, 0.5680000000000001, 192.0, 0.0, 0.0, 0.0, 0.0, 0.0, 0.0, 0.0, 0.0, 0.0, 1.769680284631593E9, 0.0, 2026-01-29 15:21:24.631
131.0, 70971.68367763564, -100467.29153004785, 71102.48608618809, -156290.21451356585, -128719.94122504488, -85662.7700522864, -86921.37443082029, -82452.6572171041, -0.762, -0.296, 0.5680000000000001, 192.0, 0.0, 0.0, 0.0, 0.0, 0.0, 0.0, 0.0, 0.0, 0.0, 1.769680284631695E9, 0.0, 2026-01-29 15:21:24.631
132.0, 71009.011090876, -105187.86820028642, 71139.47822326163, -162285.8017427685, -128722.44462042388, -85664.75935754292, -86921.48618954256, -82454.5124118939, -0.762, -0.296, 0.5680000000000001, 192.0, 0.0, 0.0, 0.0, 0.0, 0.0, 0.0, 0.0, 0.0, 0.0, 1.769680284631799E9, 0.0, 2026-01-29 15:21:24.631
133.0, 71144.93204890873, -117027.09549988456, 70061.83356783791, -175687.48303502597, -128728.2784257267, -85669.45322387853, -86921.28502384246, -82456.38995842815, -0.762, -0.296, 0.5680000000000001, 192.0, 0.0, 0.0, 0.0, 0.0, 0.0, 0.0, 0.0, 0.0, 0.0, 1.769680284631894E9, 0.0, 2026-01-29 15:21:24.631
134.0, 71189.88140700835, -119847.95270537767, 69289.04435504013, -178341.64093037142, -128730.91593157244, -85673.18596520257, -86923.14021863225, -82459.94388579654, -0.762, -0.296, 0.5680000000000001, 192.0, 0.0, 0.0, 0.0, 0.0, 0.0, 0.0, 0.0, 0.0, 0.0, 1.769680284690901E9, 0.0, 2026-01-29 15:21:24.690
135.0, 71077.54153937598, -110208.89701949323, 71151.32464782294, -167021.44348876996, -128723.60691113555, -85669.20735468953, -86922.13439013176, -82460.14505149664, -0.762, -0.296, 0.5680000000000001, 192.0, 0.0, 0.0, 0.0, 0.0, 0.0, 0.0, 0.0, 0.0, 0.0, 1.769680284691015E9, 0.0, 2026-01-29 15:21:24.691
136.0, 70946.26974418995, -100405.64541884011, 71077.04980099795, -156256.3292689716, -128716.45435290986, -85664.62524707618, -86921.016802909, -82459.98858928545, -0.768, -0.294, 0.562, 192.0, 232.0, 0.0, 246.0, 208.0, 17.0, 144.0, 0.0, 0.0, 0.0, 1.769680284691099E9, 0.0, 2026-01-29 15:21:24.691
137.0, 70989.07333482186, -105259.08085812103, 71119.47341197413, -162392.50897079814, -128722.15404774596, -85669.78850004537, -86924.32486108839, -82465.0624352768, -0.768, -0.294, 0.562, 192.0, 0.0, 0.0, 0.0, 0.0, 0.0, 0.0, 0.0, 0.0, 0.0, 1.769680284691238E9, 0.0, 2026-01-29 15:21:24.691
138.0, 71127.25181904457, -117112.65797765947, 70023.4779743526, -175778.9016698482, -128730.02186179423, -85676.2705059374, -86926.11300064481, -82468.90693532312, -0.768, -0.294, 0.562, 192.0, 0.0, 0.0, 0.0, 0.0, 0.0, 0.0, 0.0, 0.0, 0.0, 1.769680284691319E9, 0.0, 2026-01-29 15:21:24.691
139.0, 71171.50827306608, -119839.95078086267, 69286.0045177942, -178295.5292815601, -128732.81582985114, -85680.29381993935, -86928.21406462361, -82472.72908362497, -0.768, -0.294, 0.562, 192.0, 0.0, 0.0, 0.0, 0.0, 0.0, 0.0, 0.0, 0.0, 0.0, 1.769680284691436E9, 0.0, 2026-01-29 15:21:24.691
140.0, 71057.26850715501, -110111.77868983493, 71134.18085982572, -166897.61482448757, -128724.4339256804, -85675.46584313702, -86926.29181460045, -82471.87971733567, -0.768, -0.294, 0.562, 192.0, 0.0, 0.0, 0.0, 0.0, 0.0, 0.0, 0.0, 0.0, 0.0, 1.769680284691517E9, 0.0, 2026-01-29 15:21:24.691
141.0, 70927.33781663631, -100333.56104297175, 71057.98376297757, -156231.0717977371, -128718.26484421073, -85671.97897100198, -86926.09064890035, -82472.72908362497, -0.768, -0.294, 0.562, 192.0, 0.0, 0.0, 0.0, 0.0, 0.0, 0.0, 0.0, 0.0, 0.0, 1.76968028469161E9, 0.0, 2026-01-29 15:21:24.691
142.0, 70967.81682584487, -105288.51810556867, 71097.83692334138, -162494.0082423697, -128721.05881226764, -85674.03533149188, -86926.3141663449, -82474.67368539258, -0.768, -0.294, 0.562, 192.0, 0.0, 0.0, 0.0, 0.0, 0.0, 0.0, 0.0, 0.0, 0.0, 1.769680284691693E9, 0.0, 2026-01-29 15:21:24.691
143.0, 71107.11289729034, -117185.7034785394, 69879.39862959369, -175858.8091562759, -128729.82069609413, -85681.5678693733, -86928.99637567955, -82479.5687174283, -0.768, -0.294, 0.562, 192.0, 0.0, 0.0, 0.0, 0.0, 0.0, 0.0, 0.0, 0.0, 0.0, 1.769680284691775E9, 0.0, 2026-01-29 15:21:24.691
144.0, 71149.80472919998, -119854.21119382516, 69127.03891122805, -178246.1319263139, -128731.8323530951, -85684.80887231934, -86930.31512860241, -82482.5638511853, -0.768, -0.294, 0.562, 192.0, 0.0, 0.0, 0.0, 0.0, 0.0, 0.0, 0.0, 0.0, 0.0, 1.769680284691868E9, 0.0, 2026-01-29 15:21:24.691
145.0, 71036.99547493404, -110031.17829932908, 71112.76788863754, -166757.26822105268, -128726.132658259, -85682.66310485163, -86931.00803268052, -82484.4190459751, -0.768, -0.294, 0.562, 192.0, 0.0, 0.0, 0.0, 0.0, 0.0, 0.0, 0.0, 0.0, 0.0, 1.769680284691959E9, 0.0, 2026-01-29 15:21:24.691
146.0, 70905.96954893704, -100274.44067888746, 71036.66019876722, -156187.7094134938, -128718.15308548846, -85677.34338967125, -86928.88461695726, -82483.43556921907, -0.774, -0.294, 0.5640000000000001, 192.0, 231.0, 208.0, 246.0, 208.0, 17.0, 160.0, 0.0, 0.0, 0.0, 1.769680284692052E9, 0.0, 2026-01-29 15:21:24.692
147.0, 70948.61667735776, -105327.27603045417, 71078.3238504319, -162597.1838947754, -128721.37173669002, -85680.0703024948, -86929.71163150211, -82485.9166128536, -0.774, -0.294, 0.5640000000000001, 192.0, 0.0, 0.0, 0.0, 0.0, 0.0, 0.0, 0.0, 0.0, 0.0, 1.769680284692217E9, 0.0, 2026-01-29 15:21:24.692
148.0, 71091.66784187172, -117250.59059269317, 69818.5795329308, -175944.23752358407, -128733.79930660718, -85691.26852646691, -86936.12658216078, -82494.41027574662, -0.774, -0.294, 0.5640000000000001, 192.0, 0.0, 0.0, 0.0, 0.0, 0.0, 0.0, 0.0, 0.0, 0.0, 1.769680284692318E9, 0.0, 2026-01-29 15:21:24.692
149.0, 71132.12449933583, -119844.9352198762, 69101.84849522692, -178196.53340536755, -128735.16276301895, -85693.83897707927, -86936.86418972781, -82496.8242641478, -0.774, -0.294, 0.5640000000000001, 192.0, 0.0, 0.0, 0.0, 0.0, 0.0, 0.0, 0.0, 0.0, 0.0, 1.769680284750291E9, 0.0, 2026-01-29 15:21:24.750
150.0, 71015.91777991269, -109925.34278933321, 71094.66297562873, -166606.41629772383, -128727.47376292633, -85689.5250903994, -86935.5230850605, -82496.53369146987, -0.774, -0.294, 0.5640000000000001, 192.0, 0.0, 0.0, 0.0, 0.0, 0.0, 0.0, 0.0, 0.0, 0.0, 1.769680284750396E9, 0.0, 2026-01-29 15:21:24.750
151.0, 70884.89185391567, -100210.71585544538, 71015.47074502359, -156155.03116310015, -128719.38243143349, -85683.93715428558, -86933.37731759278, -82495.39375250266, -0.774, -0.294, 0.5640000000000001, 192.0, 0.0, 0.0, 0.0, 0.0, 0.0, 0.0, 0.0, 0.0, 0.0, 1.769680284750482E9, 0.0, 2026-01-29 15:21:24.750
152.0, 70925.92965673562, -105380.20496132434, 71055.3239053874, -162698.57140762467, -128719.87416981152, -85683.84774730775, -86931.47741931408, -82495.05847633582, -0.774, -0.294, 0.5640000000000001, 192.0, 0.0, 0.0, 0.0, 0.0, 0.0, 0.0, 0.0, 0.0, 0.0, 1.769680284750606E9, 0.0, 2026-01-29 15:21:24.750
153.0, 71067.17032994871, -117336.10836697917, 69747.97037219649, -176033.7562601276, -128730.26773098324, -85692.85550032325, -86935.67954727168, -82501.42872350558, -0.774, -0.294, 0.5640000000000001, 192.0, 0.0, 0.0, 0.0, 0.0, 0.0, 0.0, 0.0, 0.0, 0.0, 1.769680284750684E9, 0.0, 2026-01-29 15:21:24.750
154.0, 71108.18578102419, -119829.42310922423, 69068.81261692198, -178141.05637562947, -128733.3299199736, -85697.01292479192, -86938.04883218394, -82505.49674099646, -0.774, -0.294, 0.5640000000000001, 192.0, 0.0, 0.0, 0.0, 0.0, 0.0, 0.0, 0.0, 0.0, 0.0, 1.769680284750785E9, 0.0, 2026-01-29 15:21:24.750
155.0, 70989.56507319988, -109807.12441290909, 71071.08188522838, -166462.47106343164, -128724.61273963604, -85691.6261543782, -86935.74660250505, -82504.37915377368, -0.774, -0.294, 0.5640000000000001, 192.0, 0.0, 0.0, 0.0, 0.0, 0.0, 0.0, 0.0, 0.0, 0.0, 1.769680284750862E9, 0.0, 2026-01-29 15:21:24.750
156.0, 70861.57898444879, -100154.1882937179, 70992.13552381225, -156125.63861914142, -128719.15891398894, -85688.69807585455, -86936.1712856497, -82505.87672065219, -0.766, -0.296, 0.5640000000000001, 192.0, 232.0, 16.0, 246.0, 192.0, 17.0, 160.0, 0.0, 0.0, 0.0, 1.769680284750949E9, 0.0, 2026-01-29 15:21:24.750
157.0, 70908.62940652721, -105457.22907271732, 71037.26369586751, -162807.6255688221, -128724.47862916932, -85693.30253521235, -86938.89819847324, -82510.16825558762, -0.766, -0.296, 0.5640000000000001, 192.0, 0.0, 0.0, 0.0, 0.0, 0.0, 0.0, 0.0, 0.0, 0.0, 1.769680284751035E9, 0.0, 2026-01-29 15:21:24.751
158.0, 71046.24909713854, -117430.58919079175, 69618.2855508668, -176121.5762640925, -128731.45237343936, -85698.979878304, -86939.76991650701, -82513.14103760017, -0.766, -0.296, 0.5640000000000001, 192.0, 0.0, 0.0, 0.0, 0.0, 0.0, 0.0, 0.0, 0.0, 0.0, 1.769680284751117E9, 0.0, 2026-01-29 15:21:24.751
159.0, 71084.73880109059, -119812.97222530511, 68966.3298685944, -178095.50352042957, -128733.26286474025, -85702.06441903883, -86941.02161419649, -82516.18087484609, -0.766, -0.296, 0.5640000000000001, 192.0, 0.0, 0.0, 0.0, 0.0, 0.0, 0.0, 0.0, 0.0, 0.0, 1.769680284751209E9, 0.0, 2026-01-29 15:21:24.751
160.0, 70966.94510781112, -109677.66310902395, 71049.80302450694, -166326.7065676101, -128726.91496931494, -85699.27045098192, -86941.20042815214, -82517.54433125787, -0.766, -0.296, 0.5640000000000001, 192.0, 0.0, 0.0, 0.0, 0.0, 0.0, 0.0, 0.0, 0.0, 0.0, 1.769680284751301E9, 0.0, 2026-01-29 15:21:24.751
161.0, 70837.48380392598, -100087.89301966346, 70968.12975026724, -156081.96331047575, -128718.98010003331, -85693.77192184591, -86939.1217159178, -82516.44909577955, -0.766, -0.296, 0.5640000000000001, 192.0, 0.0, 0.0, 0.0, 0.0, 0.0, 0.0, 0.0, 0.0, 0.0, 1.769680284751393E9, 0.0, 2026-01-29 15:21:24.751
162.0, 70884.06483937084, -105531.88389919804, 71012.2073903331, -162913.57283754027, -128722.39991693497, -85696.40942769163, -86939.88167522928, -82518.86308418073, -0.766, -0.296, 0.5640000000000001, 192.0, 0.0, 0.0, 0.0, 0.0, 0.0, 0.0, 0.0, 0.0, 0.0, 1.769680284751484E9, 0.0, 2026-01-29 15:21:24.751
163.0, 71025.10434688382, -117511.41309874215, 69533.2148114699, -176197.92982315182, -128732.10057402858, -85704.99249756247, -86943.61441655332, -82524.6298342502, -0.766, -0.296, 0.5640000000000001, 192.0, 0.0, 0.0, 0.0, 0.0, 0.0, 0.0, 0.0, 0.0, 0.0, 1.769680284751576E9, 0.0, 2026-01-29 15:21:24.751
164.0, 71062.58822233537, -119765.83239624888, 68933.45045250063, -178024.1120486393, -128734.29104498519, -85708.4793696975, -86945.42490785419, -82528.16140987414, -0.766, -0.296, 0.5640000000000001, 192.0, 0.0, 0.0, 0.0, 0.0, 0.0, 0.0, 0.0, 0.0, 0.0, 1.76968028481037E9, 0.0, 2026-01-29 15:21:24.810
165.0, 70942.6934650771, -109532.68969448682, 71028.70297774112, -166167.8303680218, -128726.7808588482, -85704.38900046218, -86944.41907935371, -82528.36257557424, -0.766, -0.296, 0.5640000000000001, 192.0, 0.0, 0.0, 0.0, 0.0, 0.0, 0.0, 0.0, 0.0, 0.0, 1.769680284810503E9, 0.0, 2026-01-29 15:21:24.810
166.0, 70816.78608856036, -100038.74153360624, 70947.36497966826, -156063.0984381555, -128721.41644017893, -85701.50562542744, -86944.79905900944, -82529.6813284971, -0.766, -0.294, 0.56, 192.0, 232.0, 16.0, 246.0, 208.0, 17.0, 128.0, 0.0, 0.0, 0.0, 1.769680284810592E9, 0.0, 2026-01-29 15:21:24.810
167.0, 70865.33407751728, -105623.25783053135, 70993.27546277946, -163031.43358605308, -128724.70214661387, -85704.12077952872, -86945.35785262083, -82531.8270959648, -0.766, -0.294, 0.56, 192.0, 0.0, 0.0, 0.0, 0.0, 0.0, 0.0, 0.0, 0.0, 0.0, 1.769680284810733E9, 0.0, 2026-01-29 15:21:24.810
168.0, 71007.1111925973, -117615.2593034815, 69536.18759348245, -176294.15408303193, -128735.16276301895, -85713.50851219994, -86949.71644278962, -82538.30910185685, -0.766, -0.294, 0.56, 192.0, 0.0, 0.0, 0.0, 0.0, 0.0, 0.0, 0.0, 0.0, 0.0, 1.769680284810839E9, 0.0, 2026-01-29 15:21:24.810
169.0, 71043.29866687044, -119763.12783516978, 68993.59899682987, -177980.6155539293, -128737.0850130421, -85716.9283291016, -86951.34812013485, -82541.75127050297, -0.766, -0.294, 0.56, 192.0, 0.0, 0.0, 0.0, 0.0, 0.0, 0.0, 0.0, 0.0, 0.0, 1.76968028481095E9, 0.0, 2026-01-29 15:21:24.810
170.0, 70922.53219157842, -109428.64232404737, 71013.34732930033, -166030.03186345482, -128729.6865856274, -85712.94971858857, -86950.56580907892, -82542.08654666979, -0.766, -0.294, 0.56, 192.0, 0.0, 0.0, 0.0, 0.0, 0.0, 0.0, 0.0, 0.0, 0.0, 1.769680284811038E9, 0.0, 2026-01-29 15:21:24.811
171.0, 70796.78127727286, -99999.84949825401, 70927.20370616957, -156040.50082451117, -128723.67396636892, -85709.44049470908, -86950.275236401, -82542.82415423682, -0.766, -0.294, 0.56, 192.0, 0.0, 0.0, 0.0, 0.0, 0.0, 0.0, 0.0, 0.0, 0.0, 1.769680284811136E9, 0.0, 2026-01-29 15:21:24.811
172.0, 70848.41380696461, -105710.74255832942, 70975.7516951265, -163133.5587064694, -128728.61370189354, -85713.70967790004, -86952.33159689089, -82546.60159904977, -0.766, -0.294, 0.56, 192.0, 0.0, 0.0, 0.0, 0.0, 0.0, 0.0, 0.0, 0.0, 0.0, 1.769680284811222E9, 0.0, 2026-01-29 15:21:24.811
173.0, 70988.00045108801, -117712.57879883991, 69514.4616978719, -176373.5251275927, -128736.52621943071, -85720.45990472555, -86954.16443993623, -82550.51315432944, -0.766, -0.294, 0.56, 192.0, 0.0, 0.0, 0.0, 0.0, 0.0, 0.0, 0.0, 0.0, 0.0, 1.769680284811312E9, 0.0, 2026-01-29 15:21:24.811
174.0, 71021.57277125987, -119748.50979429601, 69046.34911374439, -177909.4475995836, -128736.90619908646, -85722.20334079306, -86954.14208819176, -82552.34599737478, -0.766, -0.294, 0.56, 192.0, 0.0, 0.0, 0.0, 0.0, 0.0, 0.0, 0.0, 0.0, 0.0, 1.769680284811418E9, 0.0, 2026-01-29 15:21:24.811
175.0, 70900.00163316747, -109319.9010872723, 70996.04707909192, -165875.08957089062, -128729.70893737185, -85718.49295121348, -86953.56094283593, -82552.90479098615, -0.766, -0.294, 0.56, 192.0, 0.0, 0.0, 0.0, 0.0, 0.0, 0.0, 0.0, 0.0, 0.0, 1.769680284811508E9, 0.0, 2026-01-29 15:21:24.811
176.0, 70774.8542159622, -99972.93799792982, 70905.25429311447, -155994.0762512775, -128722.95871054634, -85714.1790645336, -86952.51041084653, -82552.86008749725, -0.766, -0.3, 0.5640000000000001, 192.0, 232.0, 16.0, 246.0, 160.0, 17.0, 160.0, 0.0, 0.0, 0.0, 1.769680284811598E9, 0.0, 2026-01-29 15:21:24.811
177.0, 70828.29723695484, -105826.99398124147, 70954.8975175497, -163238.2319257536, -128727.5855216486, -85718.1800267911, -86954.25384691404, -82556.34695963228, -0.766, -0.3, 0.5640000000000001, 192.0, 0.0, 0.0, 0.0, 0.0, 0.0, 0.0, 0.0, 0.0, 0.0, 1.769680284811687E9, 0.0, 2026-01-29 15:21:24.811
178.0, 70970.20846250159, -117836.87684975588, 69436.09648181159, -176447.2411808063, -128737.33088223111, -85726.85250363976, -86957.91953300471, -82562.11370970175, -0.766, -0.3, 0.5640000000000001, 192.0, 0.0, 0.0, 0.0, 0.0, 0.0, 0.0, 0.0, 0.0, 0.0, 1.769680284811781E9, 0.0, 2026-01-29 15:21:24.811
179.0, 71004.85366640732, -119764.42423634819, 68997.59995908737, -177859.89378212616, -128739.87898109901, -85730.76405891945, -86960.28881791697, -82566.24878242597, -0.766, -0.3, 0.5640000000000001, 192.0, 0.0, 0.0, 0.0, 0.0, 0.0, 0.0, 0.0, 0.0, 0.0, 1.769680284870848E9, 0.0, 2026-01-29 15:21:24.870
180.0, 70879.23686256849, -109251.30358353896, 70976.1987300156, -165738.98979890227, -128729.2842542272, -85723.61150069375, -86956.4219661262, -82563.45481436906, -0.766, -0.3, 0.5640000000000001, 192.0, 0.0, 0.0, 0.0, 0.0, 0.0, 0.0, 0.0, 0.0, 0.0, 1.769680284870959E9, 0.0, 2026-01-29 15:21:24.870
181.0, 70755.452901775, -99992.80869875058, 70885.87533067171, -155988.6671291193, -128722.89165531298, -85719.58818669179, -86955.79611728145, -82563.7900905359, -0.766, -0.3, 0.5640000000000001, 192.0, 0.0, 0.0, 0.0, 0.0, 0.0, 0.0, 0.0, 0.0, 0.0, 1.769680284871045E9, 0.0, 2026-01-29 15:21:24.871
182.0, 70810.90757976861, -105966.80414280941, 70936.61379058527, -163367.08973253844, -128728.2337222378, -85724.12559081621, -86958.14305044926, -82567.76870104895, -0.766, -0.3, 0.5640000000000001, 192.0, 0.0, 0.0, 0.0, 0.0, 0.0, 0.0, 0.0, 0.0, 0.0, 1.769680284871161E9, 0.0, 2026-01-29 15:21:24.871
183.0, 70953.42230241565, -117969.51210135367, 69338.37465505299, -176533.9659492929, -128738.44846945387, -85733.0886403428, -86962.16636445122, -82573.87072728523, -0.766, -0.3, 0.5640000000000001, 192.0, 0.0, 0.0, 0.0, 0.0, 0.0, 0.0, 0.0, 0.0, 0.0, 1.769680284871291E9, 0.0, 2026-01-29 15:21:24.871
184.0, 70988.00045108801, -119798.10831524234, 68928.06368208691, -177810.94346176906, -128741.95769333336, -85738.09543110078, -86965.58618135288, -82579.03398025442, -0.766, -0.3, 0.5640000000000001, 192.0, 0.0, 0.0, 0.0, 0.0, 0.0, 0.0, 0.0, 0.0, 0.0, 1.769680284871396E9, 0.0, 2026-01-29 15:21:24.871
185.0, 70864.93174611709, -109192.13851596577, 70962.63122113123, -165612.65773924085, -128734.67102464093, -85734.38504152121, -86965.13914646377, -82579.72688433253, -0.766, -0.3, 0.5640000000000001, 192.0, 0.0, 0.0, 0.0, 0.0, 0.0, 0.0, 0.0, 0.0, 0.0, 1.769680284871494E9, 0.0, 2026-01-29 15:21:24.871
186.0, 70743.31590453576, -100005.32567564555, 70873.89479564368, -155995.10443152243, -128729.64188213849, -85731.61342520875, -86965.54147786397, -82581.22445121103, -0.772, -0.296, 0.5640000000000001, 192.0, 231.0, 224.0, 246.0, 192.0, 17.0, 160.0, 0.0, 0.0, 0.0, 1.769680284871588E9, 0.0, 2026-01-29 15:21:24.871
187.0, 70800.04463196333, -106092.30918792596, 70924.11916543475, -163485.10694326245, -128734.40280370746, -85735.61438746624, -86967.21785869812, -82584.6442681127, -0.772, -0.296, 0.5640000000000001, 192.0, 0.0, 0.0, 0.0, 0.0, 0.0, 0.0, 0.0, 0.0, 0.0, 1.769680284871678E9, 0.0, 2026-01-29 15:21:24.871
188.0, 70938.42428188614, -118087.84223650006, 69195.34584228347, -176622.7917817583, -128740.48247819931, -85740.53177124642, -86967.21785869812, -82586.72298034704, -0.772, -0.296, 0.5640000000000001, 192.0, 0.0, 0.0, 0.0, 0.0, 0.0, 0.0, 0.0, 0.0, 0.0, 1.76968028487176E9, 0.0, 2026-01-29 15:21:24.871
189.0, 70969.33674446783, -119791.76041981703, 68844.82578573535, -177752.73951920742, -128741.62241716652, -85743.21398058104, -86968.24603894306, -82589.58400363733, -0.772, -0.296, 0.5640000000000001, 192.0, 0.0, 0.0, 0.0, 0.0, 0.0, 0.0, 0.0, 0.0, 0.0, 1.769680284871851E9, 0.0, 2026-01-29 15:21:24.871
190.0, 70845.73159762999, -109091.71212812807, 70945.46508138956, -165488.33733658044, -128735.1851147634, -85740.37530903523, -86968.64837034326, -82591.05921877138, -0.772, -0.296, 0.5640000000000001, 192.0, 0.0, 0.0, 0.0, 0.0, 0.0, 0.0, 0.0, 0.0, 0.0, 1.76968028487195E9, 0.0, 2026-01-29 15:21:24.871
191.0, 70722.32761649223, -99993.18867840632, 70852.7723971334, -155991.23757973165, -128727.11613501504, -85734.60855896576, -86966.10027147536, -82589.4945966595, -0.772, -0.296, 0.5640000000000001, 192.0, 0.0, 0.0, 0.0, 0.0, 0.0, 0.0, 0.0, 0.0, 0.0, 1.769680284872046E9, 0.0, 2026-01-29 15:21:24.872
192.0, 70781.3585735987, -106207.48772710416, 70903.84613321378, -163626.66054089792, -128733.10640252905, -85739.88357065721, -86969.00599825455, -82594.03200078393, -0.772, -0.296, 0.5640000000000001, 192.0, 0.0, 0.0, 0.0, 0.0, 0.0, 0.0, 0.0, 0.0, 0.0, 1.769680284872138E9, 0.0, 2026-01-29 15:21:24.872
193.0, 70924.94617997958, -118187.93334817093, 69092.17018987778, -176708.26485255538, -128744.394033479, -85749.986559151, -86974.25865820154, -82601.4527799431, -0.772, -0.296, 0.5640000000000001, 192.0, 0.0, 0.0, 0.0, 0.0, 0.0, 0.0, 0.0, 0.0, 0.0, 1.769680284872231E9, 0.0, 2026-01-29 15:21:24.872
194.0, 70955.38925592772, -119773.34258238586, 68796.21074154506, -177691.07105625523, -128746.20452477987, -85753.38402430821, -86976.02444601351, -82604.93965207812, -0.772, -0.296, 0.5640000000000001, 192.0, 0.0, 0.0, 0.0, 0.0, 0.0, 0.0, 0.0, 0.0, 0.0, 1.769680284930556E9, 0.0, 2026-01-29 15:21:24.930
195.0, 70830.44300442254, -108978.34408025075, 70931.96462773856, -165342.24633482055, -128739.49900144327, -85750.25478008448, -86976.09150124688, -82606.21370151207, -0.772, -0.296, 0.5640000000000001, 192.0, 0.0, 0.0, 0.0, 0.0, 0.0, 0.0, 0.0, 0.0, 0.0, 1.769680284930676E9, 0.0, 2026-01-29 15:21:24.930
196.0, 70711.06233728676, -99957.62705297793, 70841.5741731613, -155979.9723005262, -128734.76043161875, -85747.70668121657, -86976.80675706944, -82607.84537885731, -0.77, -0.298, 0.562, 192.0, 231.0, 240.0, 246.0, 176.0, 17.0, 144.0, 0.0, 0.0, 0.0, 1.769680284930766E9, 0.0, 2026-01-29 15:21:24.930
197.0, 70769.91448043758, -106288.28928331009, 70891.70913597455, -163741.8390800761, -128739.09667004309, -85751.35001556278, -86978.05845475894, -82610.79580912541, -0.77, -0.298, 0.562, 192.0, 0.0, 0.0, 0.0, 0.0, 0.0, 0.0, 0.0, 0.0, 0.0, 1.769680284930912E9, 0.0, 2026-01-29 15:21:24.930
198.0, 70910.95398795056, -118260.59886939514, 69094.29360560104, -176781.4221121576, -128748.08207131411, -85759.15077437769, -86980.87477456032, -82615.75789639448, -0.77, -0.298, 0.562, 192.0, 0.0, 0.0, 0.0, 0.0, 0.0, 0.0, 0.0, 0.0, 0.0, 1.769680284930999E9, 0.0, 2026-01-29 15:21:24.930
199.0, 70940.30182842039, -119739.77026221399, 68858.86268125327, -177638.00801491833, -128750.49605971528, -85762.995274424, -86983.28876296149, -82619.80356214089, -0.77, -0.298, 0.562, 192.0, 0.0, 0.0, 0.0, 0.0, 0.0, 0.0, 0.0, 0.0, 0.0, 1.76968028493111E9, 0.0, 2026-01-29 15:21:24.931
200.0, 70813.54508561434, -108855.36478225766, 70918.57593280982, -165194.7024696711, -128743.00822532276, -85759.0390156554, -86982.86407981683, -82620.34000400783, -0.77, -0.298, 0.562, 192.0, 0.0, 0.0, 0.0, 0.0, 0.0, 0.0, 0.0, 0.0, 0.0, 1.769680284931197E9, 0.0, 2026-01-29 15:21:24.931
201.0, 70695.43846791249, -99919.29381123708, 70825.95030378703, -155958.38051538236, -128738.60493166506, -85756.84854469879, -86983.84755657287, -82622.41871624217, -0.77, -0.298, 0.562, 192.0, 0.0, 0.0, 0.0, 0.0, 0.0, 0.0, 0.0, 0.0, 0.0, 1.769680284931296E9, 0.0, 2026-01-29 15:21:24.931
202.0, 70756.59284074222, -106371.12484826146, 70877.29226080088, -163841.55021209124, -128743.90229510097, -85761.36359707876, -86986.03802752949, -82626.26321628848, -0.77, -0.298, 0.562, 192.0, 0.0, 0.0, 0.0, 0.0, 0.0, 0.0, 0.0, 0.0, 0.0, 1.769680284931382E9, 0.0, 2026-01-29 15:21:24.931
203.0, 70895.86656044323, -118353.62682981812, 69071.60658497889, -176857.6862642391, -128750.94309460439, -85767.15269889268, -86986.9768007966, -82629.19129481212, -0.77, -0.298, 0.562, 192.0, 0.0, 0.0, 0.0, 0.0, 0.0, 0.0, 0.0, 0.0, 0.0, 1.769680284931485E9, 0.0, 2026-01-29 15:21:24.931
204.0, 70922.10750843376, -119734.89758192273, 68908.93058883317, -177567.3094472062, -128751.27837077122, -85769.09730066029, -86987.31207696344, -82631.24765530201, -0.77, -0.298, 0.562, 192.0, 0.0, 0.0, 0.0, 0.0, 0.0, 0.0, 0.0, 0.0, 0.0, 1.769680284931585E9, 0.0, 2026-01-29 15:21:24.931
205.0, 70792.82501850427, -108770.15993239403, 70901.4321448126, -165057.77568313788, -128742.38237647801, -85763.79993722438, -86985.4792339181, -82630.42064075716, -0.77, -0.298, 0.562, 192.0, 0.0, 0.0, 0.0, 0.0, 0.0, 0.0, 0.0, 0.0, 0.0, 1.769680284931684E9, 0.0, 2026-01-29 15:21:24.931
206.0, 70672.59498507917, -99909.79431984358, 70803.15152444263, -155938.44275932823, -128734.87219034103, -85758.48022204402, -86983.28876296149, -82629.23599830104, -0.77, -0.3, 0.5660000000000001, 192.0, 231.0, 240.0, 246.0, 160.0, 17.0, 176.0, 0.0, 0.0, 0.0, 1.769680284931782E9, 0.0, 2026-01-29 15:21:24.931
207.0, 70737.191526555, -106483.86704729403, 70855.90164135715, -163952.03488493382, -128742.00239682227, -85764.78341398042, -86986.99915254106, -82634.71217569259, -0.77, -0.3, 0.5660000000000001, 192.0, 0.0, 0.0, 0.0, 0.0, 0.0, 0.0, 0.0, 0.0, 0.0, 1.769680284931879E9, 0.0, 2026-01-29 15:21:24.931
208.0, 70878.38749627919, -118463.15037764912, 68934.16570832321, -176926.32847146137, -128750.78663239321, -85772.49476581751, -86989.83782408689, -82639.4060420282, -0.77, -0.3, 0.5660000000000001, 192.0, 0.0, 0.0, 0.0, 0.0, 0.0, 0.0, 0.0, 0.0, 0.0, 1.769680284931975E9, 0.0, 2026-01-29 15:21:24.931
209.0, 70902.59443552428, -119743.4135965602, 68810.0911748518, -177510.98305117883, -128749.89256261499, -85773.05355942888, -86989.01080954204, -82640.23305657305, -0.77, -0.3, 0.5660000000000001, 192.0, 0.0, 0.0, 0.0, 0.0, 0.0, 0.0, 0.0, 0.0, 0.0, 1.769680284990876E9, 0.0, 2026-01-29 15:21:24.990
210.0, 70773.84838746171, -108698.92492281496, 70882.54492074787, -164936.6292281901, -128742.22591426682, -85768.87378321573, -86988.34025720839, -82640.59068448433, -0.77, -0.3, 0.5660000000000001, 192.0, 0.0, 0.0, 0.0, 0.0, 0.0, 0.0, 0.0, 0.0, 0.0, 1.769680284991053E9, 0.0, 2026-01-29 15:21:24.991
211.0, 70655.60765929313, -99916.11986352442, 70786.03008818986, -155936.0064191826, -128735.56509441914, -85764.53754479141, -86986.9768007966, -82640.21070482858, -0.77, -0.3, 0.5660000000000001, 192.0, 0.0, 0.0, 0.0, 0.0, 0.0, 0.0, 0.0, 0.0, 0.0, 1.769680284991136E9, 0.0, 2026-01-29 15:21:24.991
212.0, 70718.90779959057, -106601.6607405735, 70835.22627773599, -164061.49137753146, -128740.2366090103, -85768.38204483772, -86988.34025720839, -82643.22819033006, -0.77, -0.3, 0.5660000000000001, 192.0, 0.0, 0.0, 0.0, 0.0, 0.0, 0.0, 0.0, 0.0, 0.0, 1.769680284991219E9, 0.0, 2026-01-29 15:21:24.991
213.0, 70861.35546700424, -118560.84985266328, 68822.18346860212, -176989.58390826988, -128750.49605971528, -85777.65801878668, -86992.5870886549, -82649.509030522, -0.77, -0.3, 0.5660000000000001, 192.0, 0.0, 0.0, 0.0, 0.0, 0.0, 0.0, 0.0, 0.0, 0.0, 1.76968028499136E9, 0.0, 2026-01-29 15:21:24.991
214.0, 70887.59641499477, -119730.71780570959, 68747.7745113104, -177456.80242261916, -128753.13356556102, -85781.83779499982, -86995.35870496735, -82653.97937941305, -0.77, -0.3, 0.5660000000000001, 192.0, 0.0, 0.0, 0.0, 0.0, 0.0, 0.0, 0.0, 0.0, 0.0, 1.769680284991482E9, 0.0, 2026-01-29 15:21:24.991
215.0, 70755.2517360749, -108608.10978509305, 70864.32824901679, -164805.53624695973, -128742.82941136711, -85775.10991991877, -86992.11770202134, -82651.92301892317, -0.77, -0.3, 0.5660000000000001, 192.0, 0.0, 0.0, 0.0, 0.0, 0.0, 0.0, 0.0, 0.0, 0.0, 1.769680284991569E9, 0.0, 2026-01-29 15:21:24.991
216.0, 70637.07806313969, -99933.57657594403, 70767.56754726978, -155942.17550065226, -128735.47568744131, -85769.83490822732, -86989.90487932025, -82650.73837646704, -0.768, -0.3, 0.5640000000000001, 192.0, 232.0, 0.0, 246.0, 160.0, 17.0, 160.0, 0.0, 0.0, 0.0, 1.769680284991666E9, 0.0, 2026-01-29 15:21:24.991
217.0, 70701.1828662375, -106739.68276258503, 70814.43915539255, -164187.51051277047, -128739.27548399872, -85772.76298675097, -86990.3295624649, -82652.81708870138, -0.768, -0.3, 0.5640000000000001, 192.0, 0.0, 0.0, 0.0, 0.0, 0.0, 0.0, 0.0, 0.0, 0.0, 1.769680284991761E9, 0.0, 2026-01-29 15:21:24.991
218.0, 70844.88223134069, -118685.14790357923, 68708.3683858357, -177078.2532785241, -128751.03250158222, -85783.51417583397, -86996.07396078992, -82660.57314402738, -0.768, -0.3, 0.5640000000000001, 192.0, 0.0, 0.0, 0.0, 0.0, 0.0, 0.0, 0.0, 0.0, 0.0, 1.769680284991849E9, 0.0, 2026-01-29 15:21:24.991
219.0, 70871.5255107314, -119733.7576429555, 68717.71141501801, -177385.74622699575, -128755.34638826209, -85789.59385032581, -87000.76782712553, -82666.92103945269, -0.768, -0.3, 0.5640000000000001, 192.0, 0.0, 0.0, 0.0, 0.0, 0.0, 0.0, 0.0, 0.0, 0.0, 1.769680284991947E9, 0.0, 2026-01-29 15:21:24.991
220.0, 70740.65604694559, -108543.24502268375, 70851.94538258856, -164678.28776577566, -128747.47857421382, -85785.27996364594, -86999.89610909177, -82667.27866736396, -0.768, -0.3, 0.5640000000000001, 192.0, 0.0, 0.0, 0.0, 0.0, 0.0, 0.0, 0.0, 0.0, 0.0, 1.769680284992042E9, 0.0, 2026-01-29 15:21:24.992
221.0, 70624.78460368927, -99970.21108510628, 70755.2517360749, -155956.77118978158, -128741.17538227742, -85781.21194615508, -86998.82322535792, -82667.27866736396, -0.768, -0.3, 0.5640000000000001, 192.0, 0.0, 0.0, 0.0, 0.0, 0.0, 0.0, 0.0, 0.0, 0.0, 1.769680284992146E9, 0.0, 2026-01-29 15:21:24.992
222.0, 70690.94576727698, -106888.6794911241, 70799.5081900964, -164333.53445929702, -128746.18217303541, -85785.3470188793, -87000.1866817697, -82670.3185046099, -0.768, -0.3, 0.5640000000000001, 192.0, 0.0, 0.0, 0.0, 0.0, 0.0, 0.0, 0.0, 0.0, 0.0, 1.769680284992233E9, 0.0, 2026-01-29 15:21:24.992
223.0, 70830.6665218671, -118797.26425376705, 68508.34262470515, -177155.65736957281, -128754.02763533923, -85792.27605966045, -87002.04187655948, -82674.1630046562, -0.768, -0.3, 0.5640000000000001, 192.0, 0.0, 0.0, 0.0, 0.0, 0.0, 0.0, 0.0, 0.0, 0.0, 1.769680284992331E9, 0.0, 2026-01-29 15:21:24.992
224.0, 70852.75004538895, -119723.25232306152, 68588.80890474426, -177323.63072915445, -128754.92170511743, -85794.84651027281, -87003.36062948235, -82677.20284190212, -0.768, -0.3, 0.5640000000000001, 192.0, 0.0, 0.0, 0.0, 0.0, 0.0, 0.0, 0.0, 0.0, 0.0, 1.769680285051168E9, 0.0, 2026-01-29 15:21:25.051
225.0, 70720.11479379116, -108460.7000304103, 70831.53823990087, -164547.86533687895, -128746.07041431313, -85789.61620207026, -87001.72895213711, -82676.57699305737, -0.768, -0.3, 0.5640000000000001, 192.0, 0.0, 0.0, 0.0, 0.0, 0.0, 0.0, 0.0, 0.0, 0.0, 1.769680285051278E9, 0.0, 2026-01-29 15:21:25.051
226.0, 70603.37163250109, -99993.25573363969, 70733.90582012008, -155949.26100364458, -128737.64380665349, -85783.22360315605, -86998.3314869799, -82674.1183011673, -0.766, -0.298, 0.5640000000000001, 192.0, 232.0, 16.0, 246.0, 176.0, 17.0, 160.0, 0.0, 0.0, 0.0, 1.769680285051362E9, 0.0, 2026-01-29 15:21:25.051
227.0, 70671.4326943675, -107027.50617593601, 70775.63652701814, -164451.79753921003, -128743.00822532276, -85787.6939520471, -87000.1419782808, -82677.73928376906, -0.766, -0.298, 0.5640000000000001, 192.0, 0.0, 0.0, 0.0, 0.0, 0.0, 0.0, 0.0, 0.0, 0.0, 1.769680285051463E9, 0.0, 2026-01-29 15:21:25.051
228.0, 70810.52760011287, -118902.809191085, 68353.37798039652, -177232.592073988, -128750.42900448192, -85794.17595793915, -87001.57248992592, -82681.06969369289, -0.766, -0.298, 0.5640000000000001, 192.0, 0.0, 0.0, 0.0, 0.0, 0.0, 0.0, 0.0, 0.0, 0.0, 1.769680285051591E9, 0.0, 2026-01-29 15:21:25.051
229.0, 70830.08537651127, -119696.94431983761, 68509.79548809475, -177273.6298768079, -128750.38430099301, -85795.91939400666, -87001.97482132612, -82683.14840592723, -0.766, -0.298, 0.5640000000000001, 192.0, 0.0, 0.0, 0.0, 0.0, 0.0, 0.0, 0.0, 0.0, 0.0, 1.769680285051694E9, 0.0, 2026-01-29 15:21:25.051
230.0, 70698.12067724713, -108359.53603500559, 70810.28173092386, -164428.8646493989, -128743.11998404504, -85792.23135617154, -87001.86306260385, -82684.19893791663, -0.766, -0.298, 0.5640000000000001, 192.0, 0.0, 0.0, 0.0, 0.0, 0.0, 0.0, 0.0, 0.0, 0.0, 1.769680285051777E9, 0.0, 2026-01-29 15:21:25.051
231.0, 70583.74680086932, -100029.77848407967, 70714.12452627713, -155990.83524833148, -128735.74390837479, -85786.93399273563, -86999.40437071376, -82682.88018499377, -0.766, -0.298, 0.5640000000000001, 192.0, 0.0, 0.0, 0.0, 0.0, 0.0, 0.0, 0.0, 0.0, 0.0, 1.769680285051869E9, 0.0, 2026-01-29 15:21:25.051
232.0, 70653.48424356988, -107188.77401218105, 70753.75416919639, -164600.5036950712, -128741.10832704406, -85791.56080383789, -87001.25956550355, -82686.41176061772, -0.766, -0.298, 0.5640000000000001, 192.0, 0.0, 0.0, 0.0, 0.0, 0.0, 0.0, 0.0, 0.0, 0.0, 1.769680285051951E9, 0.0, 2026-01-29 15:21:25.051
233.0, 70796.37894587267, -119009.00232899218, 68276.48797947026, -177315.09236277253, -128752.82064113863, -85802.33434466533, -87007.04866731747, -82694.07840896588, -0.766, -0.298, 0.5640000000000001, 192.0, 0.0, 0.0, 0.0, 0.0, 0.0, 0.0, 0.0, 0.0, 0.0, 1.769680285052034E9, 0.0, 2026-01-29 15:21:25.052
234.0, 70818.23895194996, -119666.0989124893, 68527.00633132533, -177206.06055331952, -128756.35221676258, -85807.69876333461, -87011.11668480834, -82699.8675107798, -0.766, -0.298, 0.5640000000000001, 192.0, 0.0, 0.0, 0.0, 0.0, 0.0, 0.0, 0.0, 0.0, 0.0, 1.769680285052144E9, 0.0, 2026-01-29 15:21:25.052
235.0, 70683.10030497317, -108271.22429266266, 70797.47418135098, -164308.65696771824, -128746.76331839125, -85801.59673709831, -87008.72504815162, -82698.52640611249, -0.766, -0.298, 0.5640000000000001, 192.0, 0.0, 0.0, 0.0, 0.0, 0.0, 0.0, 0.0, 0.0, 0.0, 1.769680285052243E9, 0.0, 2026-01-29 15:21:25.052
236.0, 70568.81583557319, -100053.33722273556, 70699.19356098099, -156004.55921942703, -128738.31435898715, -85795.09237946181, -87005.19347252768, -82696.04536247795, -0.774, -0.296, 0.56, 192.0, 231.0, 208.0, 246.0, 192.0, 17.0, 128.0, 0.0, 0.0, 0.0, 1.769680285052341E9, 0.0, 2026-01-29 15:21:25.052
237.0, 70636.5192695283, -107308.91463862832, 70734.86694513165, -164728.5344873112, -128740.77305087722, -85796.56759459586, -87003.85236786037, -82696.53710085596, -0.774, -0.296, 0.56, 192.0, 0.0, 0.0, 0.0, 0.0, 0.0, 0.0, 0.0, 0.0, 0.0, 1.76968028505245E9, 0.0, 2026-01-29 15:21:25.052
238.0, 70775.52476829586, -119076.79516992513, 68227.82823179105, -177391.0212386872, -128749.0878998146, -85803.94367026612, -87006.26635626153, -82700.98509800257, -0.774, -0.296, 0.56, 192.0, 0.0, 0.0, 0.0, 0.0, 0.0, 0.0, 0.0, 0.0, 0.0, 1.769680285052549E9, 0.0, 2026-01-29 15:21:25.052
239.0, 70794.14377142713, -119614.75695547546, 68530.85083137164, -177149.73415729217, -128750.78663239321, -85807.34113542332, -87008.68034466272, -82704.96370851561, -0.774, -0.296, 0.56, 192.0, 0.0, 0.0, 0.0, 0.0, 0.0, 0.0, 0.0, 0.0, 0.0, 1.769680285111501E9, 0.0, 2026-01-29 15:21:25.111
240.0, 70660.81561575123, -108162.84068379887, 70776.68705900754, -164191.55617851688, -128743.81288812315, -85804.01072549948, -87008.99326908508, -82706.30481318293, -0.774, -0.296, 0.56, 192.0, 0.0, 0.0, 0.0, 0.0, 0.0, 0.0, 0.0, 0.0, 0.0, 1.76968028511162E9, 0.0, 2026-01-29 15:21:25.111
241.0, 70551.96262025388, -100062.92612110688, 70682.3850491506, -156021.01010334614, -128739.70016714337, -85801.84260628732, -87009.57441444093, -82707.95884227262, -0.774, -0.296, 0.56, 192.0, 0.0, 0.0, 0.0, 0.0, 0.0, 0.0, 0.0, 0.0, 0.0, 1.769680285111705E9, 0.0, 2026-01-29 15:21:25.111
242.0, 70623.46585076641, -107431.89393662143, 70720.87475310263, -164861.75088426482, -128744.97517883482, -85806.13414122273, -87011.29549876398, -82711.33395568538, -0.774, -0.296, 0.56, 192.0, 0.0, 0.0, 0.0, 0.0, 0.0, 0.0, 0.0, 0.0, 0.0, 1.769680285111787E9, 0.0, 2026-01-29 15:21:25.111
243.0, 70760.68320997753, -119147.38197891499, 68284.08757258506, -177453.11438478404, -128751.70305391587, -85811.85618780329, -87012.07780981992, -82714.21733072012, -0.774, -0.296, 0.56, 192.0, 0.0, 0.0, 0.0, 0.0, 0.0, 0.0, 0.0, 0.0, 0.0, 1.769680285111921E9, 0.0, 2026-01-29 15:21:25.111
244.0, 70776.24002411844, -119557.40237920314, 68634.11589075517, -177092.4019327643, -128751.52423996023, -85813.3537546818, -87012.48014122012, -82716.22898772109, -0.774, -0.296, 0.56, 192.0, 0.0, 0.0, 0.0, 0.0, 0.0, 0.0, 0.0, 0.0, 0.0, 1.769680285112026E9, 0.0, 2026-01-29 15:21:25.112
245.0, 70641.14608063055, -108046.23163297554, 70759.34210531022, -164080.3786015962, -128743.23174276731, -85808.63753660173, -87011.36255399734, -82716.18428423218, -0.774, -0.296, 0.56, 192.0, 0.0, 0.0, 0.0, 0.0, 0.0, 0.0, 0.0, 0.0, 0.0, 1.769680285112108E9, 0.0, 2026-01-29 15:21:25.112
246.0, 70530.32613162114, -100065.09424031904, 70660.7262087734, -156049.5309292711, -128735.25216999676, -85802.69197257662, -87008.14390279578, -82713.97146153111, -0.78, -0.296, 0.5680000000000001, 192.0, 231.0, 160.0, 246.0, 192.0, 17.0, 192.0, 0.0, 0.0, 0.0, 1.769680285112203E9, 0.0, 2026-01-29 15:21:25.112
247.0, 70604.7127371684, -107528.81110057964, 70700.89229355959, -164991.68157478352, -128741.4883066998, -85808.10109473481, -87010.66964991923, -82718.21829297762, -0.78, -0.296, 0.5680000000000001, 192.0, 0.0, 0.0, 0.0, 0.0, 0.0, 0.0, 0.0, 0.0, 0.0, 1.769680285112299E9, 0.0, 2026-01-29 15:21:25.112
248.0, 70745.19345107001, -119194.00771784876, 68355.30023041967, -177528.57387406516, -128752.10538531607, -85817.82410357286, -87015.43057148822, -82724.94616805865, -0.78, -0.296, 0.5680000000000001, 192.0, 0.0, 0.0, 0.0, 0.0, 0.0, 0.0, 0.0, 0.0, 0.0, 1.769680285112386E9, 0.0, 2026-01-29 15:21:25.112
249.0, 70759.38680879913, -119476.42200904156, 68765.81236908583, -177023.55855984194, -128752.21714403834, -85819.76870534048, -87016.32464126643, -82727.4272116932, -0.78, -0.296, 0.5680000000000001, 192.0, 0.0, 0.0, 0.0, 0.0, 0.0, 0.0, 0.0, 0.0, 0.0, 1.769680285112513E9, 0.0, 2026-01-29 15:21:25.112
250.0, 70626.75155720134, -107911.33885518776, 70747.71919819346, -163945.4411203195, -128747.52327770273, -85818.76287683999, -87018.80568490097, -82731.00349080605, -0.78, -0.296, 0.5680000000000001, 192.0, 0.0, 0.0, 0.0, 0.0, 0.0, 0.0, 0.0, 0.0, 0.0, 1.769680285112611E9, 0.0, 2026-01-29 15:21:25.112
251.0, 70522.57007629515, -100056.95820533732, 70652.81369123622, -156056.81759796353, -128745.39986197947, -85818.56171113989, -87021.35378376888, -82734.5797699189, -0.78, -0.296, 0.5680000000000001, 192.0, 0.0, 0.0, 0.0, 0.0, 0.0, 0.0, 0.0, 0.0, 0.0, 1.76968028511271E9, 0.0, 2026-01-29 15:21:25.112
252.0, 70595.34735624163, -107630.82446227367, 70691.25869169936, -165116.1807913996, -128749.4902312148, -85821.66860361918, -87021.55494946898, -82736.59142691987, -0.78, -0.296, 0.5680000000000001, 192.0, 0.0, 0.0, 0.0, 0.0, 0.0, 0.0, 0.0, 0.0, 0.0, 1.769680285112796E9, 0.0, 2026-01-29 15:21:25.112
253.0, 70731.00009334089, -119243.51683181725, 68469.160016675, -177593.90802310803, -128756.19575455139, -85827.43535368865, -87022.35961226936, -82739.54185718797, -0.78, -0.296, 0.5680000000000001, 192.0, 0.0, 0.0, 0.0, 0.0, 0.0, 0.0, 0.0, 0.0, 0.0, 1.769680285112893E9, 0.0, 2026-01-29 15:21:25.112
254.0, 70744.18762256952, -119391.9324150005, 68923.52627796249, -176942.39937572472, -128757.13452781852, -85830.07285953437, -87024.12540008134, -82742.96167408963, -0.78, -0.296, 0.5680000000000001, 192.0, 0.0, 0.0, 0.0, 0.0, 0.0, 0.0, 0.0, 0.0, 0.0, 1.769680285171737E9, 0.0, 2026-01-29 15:21:25.171
255.0, 70608.15490581452, -107780.13411523511, 70731.4918317189, -163830.28493288576, -128749.6913969149, -85826.27306297696, -87023.96893787014, -82743.76633689002, -0.78, -0.296, 0.5680000000000001, 192.0, 0.0, 0.0, 0.0, 0.0, 0.0, 0.0, 0.0, 0.0, 0.0, 1.76968028517185E9, 0.0, 2026-01-29 15:21:25.171
0.0, 70500.77712545123, -100055.61710067, 70631.11014737013, -156072.26265338215, -128742.7400043893, -85821.42273443016, -87021.66670819125, -82742.42523222271, -0.768, -0.292, 0.5640000000000001, 192.0, 232.0, 0.0, 246.0, 224.0, 17.0, 160.0, 0.0, 0.0, 0.0, 1.76968028517193E9, 0.0, 2026-01-29 15:21:25.171
1.0, 70577.48831242185, -107755.45778935646, 70670.71743854493, -165244.2562871285, -128748.97614109232, -85826.63069088825, -87024.01364135905, -82746.5826566914, -0.768, -0.292, 0.5640000000000001, 192.0, 0.0, 0.0, 0.0, 0.0, 0.0, 0.0, 0.0, 0.0, 0.0, 1.769680285172013E9, 0.0, 2026-01-29 15:21:25.172
2.0, 70717.29847398978, -119333.39319627205, 68433.86661218008, -177655.17415466002, -128759.72733017533, -85836.48781019305, -87029.0874873504, -82753.779918406, -0.768, -0.292, 0.5640000000000001, 192.0, 0.0, 0.0, 0.0, 0.0, 0.0, 0.0, 0.0, 0.0, 0.0, 1.769680285172134E9, 0.0, 2026-01-29 15:21:25.172
3.0, 70728.943732851, -119364.41741757601, 68939.73129269258, -176879.76978776095, -128760.26377204225, -85838.83474336086, -87030.51799899555, -82756.81975565193, -0.768, -0.292, 0.5640000000000001, 192.0, 0.0, 0.0, 0.0, 0.0, 0.0, 0.0, 0.0, 0.0, 0.0, 1.769680285172282E9, 0.0, 2026-01-29 15:21:25.172
4.0, 70593.02277481828, -107699.2208003069, 70717.18671526751, -163715.93340825243, -128753.35708300557, -85835.48198169256, -87030.80857167346, -82758.11615683034, -0.768, -0.292, 0.5640000000000001, 192.0, 0.0, 0.0, 0.0, 0.0, 0.0, 0.0, 0.0, 0.0, 0.0, 1.76968028517236E9, 0.0, 2026-01-29 15:21:25.172
5.0, 70487.96957587833, -100100.4770517918, 70618.32494954168, -156112.76401433517, -128747.47857421382, -85831.50337117951, -87029.35570828387, -82757.71382543014, -0.768, -0.292, 0.5640000000000001, 192.0, 0.0, 0.0, 0.0, 0.0, 0.0, 0.0, 0.0, 0.0, 0.0, 1.769680285172498E9, 0.0, 2026-01-29 15:21:25.172
6.0, 70564.7031145934, -107905.32623592929, 70651.80786273573, -165389.0285359655, -128752.41830973844, -85835.48198169256, -87030.47329550664, -82760.50779348705, -0.768, -0.292, 0.5640000000000001, 192.0, 0.0, 0.0, 0.0, 0.0, 0.0, 0.0, 0.0, 0.0, 0.0, 1.769680285172584E9, 0.0, 2026-01-29 15:21:25.172
7.0, 70701.42873542653, -119429.99743580789, 68289.5190464877, -177740.51311499038, -128760.4872894868, -85842.61218817379, -87032.75317344107, -82764.84403191139, -0.768, -0.292, 0.5640000000000001, 192.0, 0.0, 0.0, 0.0, 0.0, 0.0, 0.0, 0.0, 0.0, 0.0, 1.769680285172705E9, 0.0, 2026-01-29 15:21:25.172
8.0, 70711.01763379785, -119334.33196953917, 68882.80139956491, -176826.37147025723, -128760.0402545977, -85843.95329284112, -87033.35667054137, -82766.92274414573, -0.768, -0.292, 0.5640000000000001, 192.0, 0.0, 0.0, 0.0, 0.0, 0.0, 0.0, 0.0, 0.0, 0.0, 1.769680285172785E9, 0.0, 2026-01-29 15:21:25.172
9.0, 70574.6049373871, -107611.78077599774, 70699.32767144773, -163616.2669797262, -128752.95475160537, -85840.44406896163, -87033.60253973037, -82768.17444183522, -0.768, -0.292, 0.5640000000000001, 192.0, 0.0, 0.0, 0.0, 0.0, 0.0, 0.0, 0.0, 0.0, 0.0, 1.769680285172903E9, 0.0, 2026-01-29 15:21:25.172
10.0, 70471.87631987051, -100129.95900272836, 70602.3658040006, -156159.99325036924, -128748.0373678252, -85837.42658346017, -87033.043746119, -82768.55442149096, -0.77, -0.28800000000000003, 0.5700000000000001, 192.0, 231.0, 240.0, 247.0, 0.0, 17.0, 208.0, 0.0, 0.0, 0.0, 1.769680285173002E9, 0.0, 2026-01-29 15:21:25.173
11.0, 70549.59333534162, -108029.49017637852, 70629.05378688023, -165538.49465113814, -128752.35125450508, -85840.80169687292, -87033.4907810081, -82770.76724419204, -0.77, -0.28800000000000003, 0.5700000000000001, 192.0, 0.0, 0.0, 0.0, 0.0, 0.0, 0.0, 0.0, 0.0, 0.0, 1.769680285173092E9, 0.0, 2026-01-29 15:21:25.173
12.0, 70686.14014221908, -119499.44430583052, 68135.71669289072, -177820.5100083959, -128760.71080693137, -85848.3118830099, -87036.15063859828, -82775.6399244833, -0.77, -0.28800000000000003, 0.5700000000000001, 192.0, 0.0, 0.0, 0.0, 0.0, 0.0, 0.0, 0.0, 0.0, 0.0, 1.769680285173191E9, 0.0, 2026-01-29 15:21:25.173
13.0, 70697.31601444674, -119271.76943680877, 68827.07850063783, -176759.42799561357, -128763.50477498828, -85853.00574934552, -87039.90573166677, -82781.04904664148, -0.77, -0.28800000000000003, 0.5700000000000001, 192.0, 0.0, 0.0, 0.0, 0.0, 0.0, 0.0, 0.0, 0.0, 0.0, 1.769680285232069E9, 0.0, 2026-01-29 15:21:25.232
14.0, 70558.33286742364, -107492.73538502878, 70683.43558114, -163501.40136497037, -128754.85464988407, -85848.06601382089, -87038.63168223282, -82780.62436349683, -0.77, -0.28800000000000003, 0.5700000000000001, 192.0, 0.0, 0.0, 0.0, 0.0, 0.0, 0.0, 0.0, 0.0, 0.0, 1.769680285232177E9, 0.0, 2026-01-29 15:21:25.232
15.0, 70455.15721501794, -100125.15337767046, 70585.46788519238, -156174.2983668206, -128748.14912654748, -85843.23803701854, -87036.17299034275, -82779.26090708506, -0.77, -0.28800000000000003, 0.5700000000000001, 192.0, 0.0, 0.0, 0.0, 0.0, 0.0, 0.0, 0.0, 0.0, 0.0, 1.769680285232266E9, 0.0, 2026-01-29 15:21:25.232
16.0, 70535.37762586804, -108129.00014269355, 70613.27345529478, -165658.1435392074, -128754.07233882813, -85848.04366207644, -87038.20699908817, -82783.01600015354, -0.77, -0.28800000000000003, 0.5700000000000001, 192.0, 0.0, 0.0, 0.0, 0.0, 0.0, 0.0, 0.0, 0.0, 0.0, 1.769680285232349E9, 0.0, 2026-01-29 15:21:25.232
17.0, 70672.19265367898, -119556.8212338473, 68170.92069040785, -177877.99869513497, -128762.96833312135, -85855.82206914689, -87041.33624331192, -82788.42512231173, -0.77, -0.28800000000000003, 0.5700000000000001, 192.0, 0.0, 0.0, 0.0, 0.0, 0.0, 0.0, 0.0, 0.0, 0.0, 1.76968028523251E9, 0.0, 2026-01-29 15:21:25.232
18.0, 70679.14404620457, -119220.9415699174, 68897.4641439276, -176702.18517806355, -128762.65540869898, -85857.34198776985, -87042.02914739003, -82790.8391107129, -0.77, -0.28800000000000003, 0.5700000000000001, 192.0, 0.0, 0.0, 0.0, 0.0, 0.0, 0.0, 0.0, 0.0, 0.0, 1.769680285232649E9, 0.0, 2026-01-29 15:21:25.232
19.0, 70537.9480764804, -107384.12825872043, 70664.0789704417, -163389.6649944383, -128752.12773706052, -85850.50235396653, -87038.89990316628, -82788.55923277847, -0.77, -0.28800000000000003, 0.5700000000000001, 192.0, 0.0, 0.0, 0.0, 0.0, 0.0, 0.0, 0.0, 0.0, 0.0, 1.769680285232731E9, 0.0, 2026-01-29 15:21:25.232
20.0, 70435.51003164174, -100132.61886031853, 70565.77599832726, -156201.5674950561, -128744.97517883482, -85845.1602870417, -87036.03887987601, -82786.56992752194, -0.766, -0.294, 0.5640000000000001, 192.0, 232.0, 16.0, 246.0, 208.0, 17.0, 160.0, 0.0, 0.0, 0.0, 1.769680285232833E9, 0.0, 2026-01-29 15:21:25.232
21.0, 70519.48553556032, -108235.26033583407, 70595.32500449718, -165774.03733420817, -128753.51354521676, -85852.64812143423, -87040.46452527816, -82792.85076771388, -0.766, -0.294, 0.5640000000000001, 192.0, 0.0, 0.0, 0.0, 0.0, 0.0, 0.0, 0.0, 0.0, 0.0, 1.769680285232924E9, 0.0, 2026-01-29 15:21:25.232
22.0, 70655.56295580423, -119622.5353625459, 68193.00421392969, -177932.08991671682, -128762.05191159868, -85860.3147697824, -87043.30319682398, -82797.85755847188, -0.766, -0.294, 0.5640000000000001, 192.0, 0.0, 0.0, 0.0, 0.0, 0.0, 0.0, 0.0, 0.0, 0.0, 1.769680285233006E9, 0.0, 2026-01-29 15:21:25.233
23.0, 70662.00025820735, -119167.38679020248, 68953.7234847216, -176627.93268298302, -128762.49894648779, -85862.68405469466, -87045.00192940258, -82801.12091316235, -0.766, -0.294, 0.5640000000000001, 192.0, 0.0, 0.0, 0.0, 0.0, 0.0, 0.0, 0.0, 0.0, 0.0, 1.769680285233088E9, 0.0, 2026-01-29 15:21:25.233
24.0, 70525.16287865197, -107273.15184749983, 70651.98667669138, -163259.60019345288, -128757.33569351862, -85861.1194325828, -87047.23710384812, -82804.07134343045, -0.766, -0.294, 0.5640000000000001, 192.0, 0.0, 0.0, 0.0, 0.0, 0.0, 0.0, 0.0, 0.0, 0.0, 1.769680285233207E9, 0.0, 2026-01-29 15:21:25.233
25.0, 70428.24571469375, -100142.99006974579, 70558.44462614592, -156224.52273661172, -128754.65348418397, -85860.29241803795, -87048.71231898217, -82806.53003532052, -0.766, -0.294, 0.5640000000000001, 192.0, 0.0, 0.0, 0.0, 0.0, 0.0, 0.0, 0.0, 0.0, 0.0, 1.769680285233309E9, 0.0, 2026-01-29 15:21:25.233
26.0, 70511.9977011678, -108344.20273830924, 70585.64669914803, -165901.0622979477, -128761.64958019849, -85866.28268555197, -87051.57334227244, -82811.13449467832, -0.766, -0.294, 0.5640000000000001, 192.0, 0.0, 0.0, 0.0, 0.0, 0.0, 0.0, 0.0, 0.0, 0.0, 1.769680285233391E9, 0.0, 2026-01-29 15:21:25.233
27.0, 70645.83994696617, -119672.91619454816, 68255.34322921553, -177985.4211789872, -128768.62332446854, -85872.47411876608, -87052.93679868423, -82814.66607030226, -0.766, -0.294, 0.5640000000000001, 192.0, 0.0, 0.0, 0.0, 0.0, 0.0, 0.0, 0.0, 0.0, 0.0, 1.769680285233506E9, 0.0, 2026-01-29 15:21:25.233
28.0, 70650.64557202406, -119081.3102223051, 69053.32285801445, -176530.74729809133, -128769.00330412429, -85874.86575542281, -87054.61317951838, -82817.84001801492, -0.766, -0.294, 0.5640000000000001, 192.0, 0.0, 0.0, 0.0, 0.0, 0.0, 0.0, 0.0, 0.0, 0.0, 1.769680285292538E9, 0.0, 2026-01-29 15:21:25.292
29.0, 70509.98604416681, -107129.76540681905, 70637.63685675107, -163133.37989251374, -128760.889620887, -85870.30599955392, -87053.83086846244, -82817.77296278156, -0.766, -0.294, 0.5640000000000001, 192.0, 0.0, 0.0, 0.0, 0.0, 0.0, 0.0, 0.0, 0.0, 0.0, 1.769680285292657E9, 0.0, 2026-01-29 15:21:25.292
30.0, 70408.46442085081, -100114.8268717321, 70538.5515735807, -156226.44498663486, -128752.50771671627, -85863.68988319515, -87049.4946300381, -82814.42020111326, -0.762, -0.29, 0.5660000000000001, 192.0, 232.0, 48.0, 246.0, 240.0, 17.0, 176.0, 0.0, 0.0, 0.0, 1.769680285292742E9, 0.0, 2026-01-29 15:21:25.292
31.0, 70493.24458756979, -108427.50768989418, 70565.7089430939, -166010.3399765897, -128759.48146098632, -85869.63544722027, -87052.31094983948, -82819.00230872659, -0.762, -0.29, 0.5660000000000001, 192.0, 0.0, 0.0, 0.0, 0.0, 0.0, 0.0, 0.0, 0.0, 0.0, 1.769680285292834E9, 0.0, 2026-01-29 15:21:25.292
32.0, 70629.74669095835, -119713.28344503445, 68313.48011654378, -178026.0566504069, -128769.4950425023, -85878.73260721358, -87056.80365047499, -82825.50666636309, -0.762, -0.29, 0.5660000000000001, 192.0, 0.0, 0.0, 0.0, 0.0, 0.0, 0.0, 0.0, 0.0, 0.0, 1.769680285292992E9, 0.0, 2026-01-29 15:21:25.292
33.0, 70634.7758334608, -119003.41439287835, 69131.44220488575, -176448.02349186226, -128771.46199601436, -85882.6665142377, -87060.06700516546, -82830.35699490989, -0.762, -0.29, 0.5660000000000001, 192.0, 0.0, 0.0, 0.0, 0.0, 0.0, 0.0, 0.0, 0.0, 0.0, 1.769680285293123E9, 0.0, 2026-01-29 15:21:25.293
34.0, 70495.45741027086, -106998.1583354662, 70623.75642344433, -162997.0789548253, -128765.22585931134, -85880.14076711427, -87061.18459238824, -82832.36865191086, -0.762, -0.29, 0.5660000000000001, 192.0, 0.0, 0.0, 0.0, 0.0, 0.0, 0.0, 0.0, 0.0, 0.0, 1.769680285293207E9, 0.0, 2026-01-29 15:21:25.293
35.0, 70398.36143235701, -100118.96194445634, 70528.60504729809, -156241.93474554238, -128759.79438540869, -85876.40802579022, -87059.91054295428, -82831.92161702176, -0.762, -0.29, 0.5660000000000001, 192.0, 0.0, 0.0, 0.0, 0.0, 0.0, 0.0, 0.0, 0.0, 0.0, 1.769680285293309E9, 0.0, 2026-01-29 15:21:25.293
36.0, 70482.40399150897, -108539.31111565961, 70554.53307086624, -166126.4125855461, -128764.82352791114, -85880.20782234763, -87060.62579877685, -82834.4026606563, -0.762, -0.29, 0.5660000000000001, 192.0, 0.0, 0.0, 0.0, 0.0, 0.0, 0.0, 0.0, 0.0, 0.0, 1.76968028529339E9, 0.0, 2026-01-29 15:21:25.293
37.0, 70616.2685890518, -119768.93928872816, 68387.24087324631, -178072.30240968495, -128772.4454727704, -85887.13686312878, -87062.7492145001, -82838.67184384726, -0.762, -0.29, 0.5660000000000001, 192.0, 0.0, 0.0, 0.0, 0.0, 0.0, 0.0, 0.0, 0.0, 0.0, 1.769680285293482E9, 0.0, 2026-01-29 15:21:25.293
38.0, 70616.40269951853, -118930.41359548732, 69214.74715647068, -176356.02371168422, -128771.05966461416, -85887.7180084846, -87062.72686275565, -82840.32587293696, -0.762, -0.29, 0.5660000000000001, 192.0, 0.0, 0.0, 0.0, 0.0, 0.0, 0.0, 0.0, 0.0, 0.0, 1.769680285293563E9, 0.0, 2026-01-29 15:21:25.293
39.0, 70473.8879768715, -106882.15278174315, 70602.92459761199, -162857.55936593527, -128762.43189125443, -85882.75592121553, -87061.54222029951, -82839.9011897923, -0.762, -0.29, 0.5660000000000001, 192.0, 0.0, 0.0, 0.0, 0.0, 0.0, 0.0, 0.0, 0.0, 0.0, 1.769680285293684E9, 0.0, 2026-01-29 15:21:25.293
40.0, 70379.94359492583, -100142.3865726455, 70510.16485812246, -156268.3321557441, -128758.56503946365, -85880.69956072564, -87061.74338599961, -82841.08583224844, -0.762, -0.29, 0.5640000000000001, 192.0, 232.0, 48.0, 246.0, 240.0, 17.0, 160.0, 0.0, 0.0, 0.0, 1.769680285293788E9, 0.0, 2026-01-29 15:21:25.293
41.0, 70467.69654365737, -108654.98139321583, 70535.37762586804, -166245.74854919297, -128765.65054245599, -85886.6227730063, -87064.49265056761, -82845.82440207296, -0.762, -0.29, 0.5640000000000001, 192.0, 0.0, 0.0, 0.0, 0.0, 0.0, 0.0, 0.0, 0.0, 0.0, 1.769680285293878E9, 0.0, 2026-01-29 15:21:25.293
42.0, 70602.05287957823, -119824.50572544405, 68364.62090785753, -178126.23716905562, -128774.3006675602, -85894.46823531011, -87067.73365351364, -82851.05471027551, -0.762, -0.29, 0.5640000000000001, 192.0, 0.0, 0.0, 0.0, 0.0, 0.0, 0.0, 0.0, 0.0, 0.0, 1.769680285293976E9, 0.0, 2026-01-29 15:21:25.293
43.0, 70600.82353363319, -118872.88020525935, 69241.1445666724, -176279.17841424685, -128773.07132161515, -85895.13878764377, -87067.91246746927, -82852.66403587628, -0.762, -0.29, 0.5640000000000001, 192.0, 0.0, 0.0, 0.0, 0.0, 0.0, 0.0, 0.0, 0.0, 0.0, 1.769680285352763E9, 0.0, 2026-01-29 15:21:25.352
44.0, 70456.58772666309, -106791.47175448797, 70585.87021659258, -162757.2670885643, -128763.57183022164, -85889.19322361865, -87065.74434825711, -82851.34528295342, -0.762, -0.29, 0.5640000000000001, 192.0, 0.0, 0.0, 0.0, 0.0, 0.0, 0.0, 0.0, 0.0, 0.0, 1.769680285352875E9, 0.0, 2026-01-29 15:21:25.352
45.0, 70362.48688250624, -100170.25919798127, 70492.57403523613, -156302.6867869719, -128758.5426877192, -85885.773406717, -87064.49265056761, -82851.12176550887, -0.762, -0.29, 0.5640000000000001, 192.0, 0.0, 0.0, 0.0, 0.0, 0.0, 0.0, 0.0, 0.0, 0.0, 1.769680285352952E9, 0.0, 2026-01-29 15:21:25.352
46.0, 70449.52457541521, -108770.83048472769, 70513.47291630183, -166367.4314460077, -128764.2870860442, -85890.51197654153, -87065.99021744612, -82854.51923066608, -0.762, -0.29, 0.5640000000000001, 192.0, 0.0, 0.0, 0.0, 0.0, 0.0, 0.0, 0.0, 0.0, 0.0, 1.76968028535303E9, 0.0, 2026-01-29 15:21:25.353
47.0, 70582.91978632448, -119878.77576098155, 68316.63171251198, -178162.87167821787, -128772.28901055921, -85897.82099697841, -87068.73948201412, -82859.16839351278, -0.762, -0.29, 0.5640000000000001, 192.0, 0.0, 0.0, 0.0, 0.0, 0.0, 0.0, 0.0, 0.0, 0.0, 1.769680285353167E9, 0.0, 2026-01-29 15:21:25.353
48.0, 70582.31628922418, -118806.58493120491, 69232.27092412364, -176197.9968783852, -128772.62428672604, -85900.14557840176, -87070.57232505946, -82862.43174820325, -0.762, -0.29, 0.5640000000000001, 192.0, 0.0, 0.0, 0.0, 0.0, 0.0, 0.0, 0.0, 0.0, 0.0, 1.769680285353292E9, 0.0, 2026-01-29 15:21:25.353
49.0, 70438.75103458775, -106675.35444204265, 70568.23469021734, -162633.25961032626, -128764.17532732194, -85895.2281946216, -87069.4994413256, -82862.2082307587, -0.762, -0.29, 0.5640000000000001, 192.0, 0.0, 0.0, 0.0, 0.0, 0.0, 0.0, 0.0, 0.0, 0.0, 1.769680285353373E9, 0.0, 2026-01-29 15:21:25.353
50.0, 70345.52190846467, -100176.40592770648, 70475.72081991682, -156326.8490227281, -128758.47563248583, -85891.0707701529, -87067.57719130245, -82861.22475400267, -0.766, -0.28800000000000003, 0.562, 192.0, 232.0, 16.0, 247.0, 0.0, 17.0, 144.0, 0.0, 0.0, 0.0, 1.769680285353489E9, 0.0, 2026-01-29 15:21:25.353
51.0, 70434.28068569669, -108868.6417184641, 70498.29608181669, -166495.37283126987, -128764.6447139555, -85896.18931963317, -87069.41003434778, -82864.86808834889, -0.766, -0.28800000000000003, 0.562, 192.0, 0.0, 0.0, 0.0, 0.0, 0.0, 0.0, 0.0, 0.0, 0.0, 1.769680285353578E9, 0.0, 2026-01-29 15:21:25.353
52.0, 70566.11127449409, -119908.63769157384, 68428.27867606624, -178206.56933862797, -128771.68551345891, -85902.47015982511, -87071.13111867085, -82868.53377443955, -0.766, -0.28800000000000003, 0.562, 192.0, 0.0, 0.0, 0.0, 0.0, 0.0, 0.0, 0.0, 0.0, 0.0, 1.769680285353725E9, 0.0, 2026-01-29 15:21:25.353
53.0, 70563.406713415, -118718.87668596228, 69339.00050389773, -176105.63947029586, -128771.90903090347, -85904.59357554837, -87072.8522029939, -82871.75242564111, -0.766, -0.28800000000000003, 0.562, 192.0, 0.0, 0.0, 0.0, 0.0, 0.0, 0.0, 0.0, 0.0, 0.0, 1.769680285353839E9, 0.0, 2026-01-29 15:21:25.353
54.0, 70421.7190053128, -106551.32461206015, 70551.73910280933, -162498.88092266096, -128766.3434465341, -85902.58191854738, -87074.72974952815, -82874.3675797424, -0.766, -0.28800000000000003, 0.562, 192.0, 0.0, 0.0, 0.0, 0.0, 0.0, 0.0, 0.0, 0.0, 0.0, 1.769680285353963E9, 0.0, 2026-01-29 15:21:25.353
55.0, 70329.22748675675, -100189.9510848464, 70459.38169472, -156356.08510447564, -128760.2414202978, -85898.0221626785, -87072.33811287142, -82872.9147163528, -0.766, -0.28800000000000003, 0.562, 192.0, 0.0, 0.0, 0.0, 0.0, 0.0, 0.0, 0.0, 0.0, 0.0, 1.769680285354071E9, 0.0, 2026-01-29 15:21:25.354
56.0, 70415.14759244294, -108969.11280979072, 70478.04540134018, -166611.06546057053, -128762.40953950997, -85899.09504641236, -87070.1029384259, -82872.49003320815, -0.766, -0.28800000000000003, 0.562, 192.0, 0.0, 0.0, 0.0, 0.0, 0.0, 0.0, 0.0, 0.0, 0.0, 1.769680285354152E9, 0.0, 2026-01-29 15:21:25.354
57.0, 70547.98400974083, -119942.70175012371, 68526.62635166959, -178248.3223972705, -128771.10436810309, -85907.23108139409, -87073.36629311637, -82877.94385885523, -0.766, -0.28800000000000003, 0.562, 192.0, 0.0, 0.0, 0.0, 0.0, 0.0, 0.0, 0.0, 0.0, 0.0, 1.769680285354234E9, 0.0, 2026-01-29 15:21:25.354
58.0, 70542.48548060482, -118626.18400170613, 69439.6951126689, -176006.15185572527, -128769.6962082024, -85907.94633721666, -87073.7015692832, -82879.6649431783, -0.766, -0.28800000000000003, 0.562, 192.0, 0.0, 0.0, 0.0, 0.0, 0.0, 0.0, 0.0, 0.0, 0.0, 1.769680285413149E9, 0.0, 2026-01-29 15:21:25.413
59.0, 70396.17096140039, -106420.18692734087, 70526.36987285255, -162375.94632815677, -128759.95084761988, -85902.00077319155, -87071.48874658212, -82878.27913502207, -0.766, -0.28800000000000003, 0.562, 192.0, 0.0, 0.0, 0.0, 0.0, 0.0, 0.0, 0.0, 0.0, 0.0, 1.769680285413254E9, 0.0, 2026-01-29 15:21:25.413
60.0, 70307.09925974598, -100189.97343659085, 70437.25346770925, -156373.92179655097, -128755.83812664011, -85899.51972955701, -87071.04171169302, -82878.79322514453, -0.762, -0.28600000000000003, 0.5640000000000001, 192.0, 232.0, 48.0, 247.0, 16.0, 17.0, 160.0, 0.0, 0.0, 0.0, 1.769680285413342E9, 0.0, 2026-01-29 15:21:25.413
61.0, 70399.70253702434, -109063.50422662547, 70460.2757644982, -166727.36158697147, -128763.66123719946, -85906.15819766023, -87074.28271463903, -82883.97882985817, -0.762, -0.28600000000000003, 0.5640000000000001, 192.0, 0.0, 0.0, 0.0, 0.0, 0.0, 0.0, 0.0, 0.0, 0.0, 1.769680285413474E9, 0.0, 2026-01-29 15:21:25.413
62.0, 70532.4942508333, -119976.49758774014, 68502.97820603588, -178293.40586583686, -128773.07132161515, -85914.94243323118, -87078.39543561882, -82890.08085609447, -0.762, -0.28600000000000003, 0.5640000000000001, 192.0, 0.0, 0.0, 0.0, 0.0, 0.0, 0.0, 0.0, 0.0, 0.0, 1.769680285413616E9, 0.0, 2026-01-29 15:21:25.413
63.0, 70526.97336995284, -118545.1812798001, 69437.68345566791, -175927.0713838424, -128772.95956289287, -85917.02114546552, -87080.18357517524, -82893.21010031822, -0.762, -0.28600000000000003, 0.5640000000000001, 192.0, 0.0, 0.0, 0.0, 0.0, 0.0, 0.0, 0.0, 0.0, 0.0, 1.769680285413741E9, 0.0, 2026-01-29 15:21:25.413
64.0, 70381.93290018236, -106309.23286786472, 70512.26592210126, -162272.83773098444, -128764.95763837788, -85912.43903785218, -87079.46831935267, -82893.27715555158, -0.762, -0.28600000000000003, 0.5640000000000001, 192.0, 0.0, 0.0, 0.0, 0.0, 0.0, 0.0, 0.0, 0.0, 0.0, 1.769680285413822E9, 0.0, 2026-01-29 15:21:25.413
65.0, 70292.95060550579, -100204.14444257552, 70423.19422044685, -156411.04804409124, -128759.21324005285, -85908.08044768339, -87077.27784839606, -82892.1148648399, -0.762, -0.28600000000000003, 0.5640000000000001, 192.0, 0.0, 0.0, 0.0, 0.0, 0.0, 0.0, 0.0, 0.0, 0.0, 1.769680285413922E9, 0.0, 2026-01-29 15:21:25.413
66.0, 70386.89498745144, -109167.35043136483, 70444.8307090796, -166851.90550707644, -128767.2375163123, -85914.80832276444, -87080.78707227553, -82897.4122282758, -0.762, -0.28600000000000003, 0.5640000000000001, 192.0, 0.0, 0.0, 0.0, 0.0, 0.0, 0.0, 0.0, 0.0, 0.0, 1.769680285414005E9, 0.0, 2026-01-29 15:21:25.414
67.0, 70518.77027973774, -120019.83762023898, 68525.95579933593, -178336.27651170213, -128775.86528967206, -85922.92200600171, -87084.22924092165, -82903.00016438964, -0.762, -0.28600000000000003, 0.5640000000000001, 192.0, 0.0, 0.0, 0.0, 0.0, 0.0, 0.0, 0.0, 0.0, 0.0, 1.769680285414086E9, 0.0, 2026-01-29 15:21:25.414
68.0, 70510.18720986691, -118481.29999414683, 69474.83205495264, -175857.53510684194, -128774.07715011564, -85923.279633913, -87084.27394441057, -82904.54243475705, -0.762, -0.28600000000000003, 0.5640000000000001, 192.0, 0.0, 0.0, 0.0, 0.0, 0.0, 0.0, 0.0, 0.0, 0.0, 1.769680285414166E9, 0.0, 2026-01-29 15:21:25.414
69.0, 70364.38678078495, -106202.54799157954, 70494.65274747048, -162162.28600290848, -128765.96346687835, -85918.71987804412, -87083.51398509908, -82904.65419347933, -0.762, -0.28600000000000003, 0.5640000000000001, 192.0, 0.0, 0.0, 0.0, 0.0, 0.0, 0.0, 0.0, 0.0, 0.0, 1.76968028541427E9, 0.0, 2026-01-29 15:21:25.414
70.0, 70279.65131755488, -100212.99573337982, 70409.58200807357, -156447.2802218533, -128763.68358894392, -85917.89286349928, -87084.6539240663, -82906.88936792486, -0.764, -0.292, 0.5660000000000001, 192.0, 232.0, 32.0, 246.0, 224.0, 17.0, 176.0, 0.0, 0.0, 0.0, 1.769680285414395E9, 0.0, 2026-01-29 15:21:25.414
71.0, 70371.91931866638, -109253.69522019569, 70425.18352570338, -166963.37365667507, -128769.22682156884, -85922.25145366805, -87085.63740082234, -82909.70568772622, -0.764, -0.292, 0.5660000000000001, 192.0, 0.0, 0.0, 0.0, 0.0, 0.0, 0.0, 0.0, 0.0, 0.0, 1.769680285414498E9, 0.0, 2026-01-29 15:21:25.414
72.0, 70500.6877184734, -120056.89681254588, 68544.88772688959, -178374.07331157607, -128775.68647571641, -85928.10761071535, -87086.91145025629, -82913.08080113897, -0.764, -0.292, 0.5660000000000001, 192.0, 0.0, 0.0, 0.0, 0.0, 0.0, 0.0, 0.0, 0.0, 0.0, 1.769680285414582E9, 0.0, 2026-01-29 15:21:25.414
73.0, 70491.05411661317, -118406.62281592166, 69523.22358169837, -175750.73847183448, -128774.41242628246, -85929.09108747139, -87087.53729910104, -82915.15951337332, -0.764, -0.292, 0.5660000000000001, 192.0, 0.0, 0.0, 0.0, 0.0, 0.0, 0.0, 0.0, 0.0, 0.0, 1.769680285473467E9, 0.0, 2026-01-29 15:21:25.473
74.0, 70341.90092586291, -106085.11192621135, 70472.27865127071, -162020.240666895, -128763.7953476662, -85922.05028796796, -87084.40805487729, -82912.70082148325, -0.764, -0.292, 0.5660000000000001, 192.0, 0.0, 0.0, 0.0, 0.0, 0.0, 0.0, 0.0, 0.0, 0.0, 1.769680285473583E9, 0.0, 2026-01-29 15:21:25.473
75.0, 70257.85836671095, -100199.80820415118, 70387.94551944084, -156440.2170706054, -128761.3366557761, -85921.11151470084, -87085.32447639997, -82914.71247848422, -0.764, -0.292, 0.5660000000000001, 192.0, 0.0, 0.0, 0.0, 0.0, 0.0, 0.0, 0.0, 0.0, 0.0, 1.769680285473672E9, 0.0, 2026-01-29 15:21:25.473
76.0, 70354.52966148015, -109337.33544794745, 70403.59174055955, -167060.64844854455, -128770.32205704715, -85929.06873572692, -87089.81717703548, -82920.99331867616, -0.764, -0.292, 0.5660000000000001, 192.0, 0.0, 0.0, 0.0, 0.0, 0.0, 0.0, 0.0, 0.0, 0.0, 1.76968028547376E9, 0.0, 2026-01-29 15:21:25.473
77.0, 70484.30388978767, -120107.52351373715, 68485.83441803866, -178411.82540796106, -128778.43574028442, -85936.62362535282, -87092.70055207021, -82926.00010943414, -0.764, -0.292, 0.5660000000000001, 192.0, 0.0, 0.0, 0.0, 0.0, 0.0, 0.0, 0.0, 0.0, 0.0, 1.769680285473908E9, 0.0, 2026-01-29 15:21:25.473
78.0, 70470.02112508072, -118336.86302147663, 69496.155619163, -175661.53265971335, -128773.80892918217, -85934.1872852072, -87089.97363924666, -82924.79311523357, -0.764, -0.292, 0.5660000000000001, 192.0, 0.0, 0.0, 0.0, 0.0, 0.0, 0.0, 0.0, 0.0, 0.0, 1.769680285474037E9, 0.0, 2026-01-29 15:21:25.474
79.0, 70324.06423378758, -105962.62436659627, 70454.41960745092, -161899.13891543614, -128767.25986805676, -85931.30391017246, -87091.09122646943, -82926.49184781217, -0.764, -0.292, 0.5660000000000001, 192.0, 0.0, 0.0, 0.0, 0.0, 0.0, 0.0, 0.0, 0.0, 0.0, 1.769680285474152E9, 0.0, 2026-01-29 15:21:25.474
80.0, 70241.76511070313, -100208.92771588895, 70371.7628564552, -156478.66207106854, -128765.04704535569, -85930.5886543499, -87092.27586892556, -82928.7717257466, -0.768, -0.296, 0.562, 192.0, 232.0, 0.0, 246.0, 192.0, 17.0, 144.0, 0.0, 0.0, 0.0, 1.769680285474271E9, 0.0, 2026-01-29 15:21:25.474
81.0, 70336.42474847136, -109448.11069346794, 70380.99412691523, -167194.49069434294, -128770.76909193625, -85935.10370672986, -87093.37110440388, -82931.85626648144, -0.768, -0.296, 0.562, 192.0, 0.0, 0.0, 0.0, 0.0, 0.0, 0.0, 0.0, 0.0, 0.0, 1.769680285474378E9, 0.0, 2026-01-29 15:21:25.474
82.0, 70467.69654365737, -120157.39025561695, 68469.7635137753, -178454.36077765952, -128780.82737694113, -85944.46908765663, -87098.19908120621, -82938.80765900704, -0.768, -0.296, 0.562, 192.0, 0.0, 0.0, 0.0, 0.0, 0.0, 0.0, 0.0, 0.0, 0.0, 1.769680285474476E9, 0.0, 2026-01-29 15:21:25.474
83.0, 70455.73836037378, -118280.73779114937, 69513.2100001824, -175583.3462576087, -128780.22387984085, -85946.03370976851, -87099.562537618, -82941.48986834167, -0.768, -0.296, 0.562, 192.0, 0.0, 0.0, 0.0, 0.0, 0.0, 0.0, 0.0, 0.0, 0.0, 1.769680285474562E9, 0.0, 2026-01-29 15:21:25.474
84.0, 70305.22171321175, -105856.47593217801, 70435.53238338619, -161784.60857684715, -128769.85267041359, -85939.30583468746, -87096.6121073499, -82939.14293517386, -0.768, -0.296, 0.562, 192.0, 0.0, 0.0, 0.0, 0.0, 0.0, 0.0, 0.0, 0.0, 0.0, 1.76968028547467E9, 0.0, 2026-01-29 15:21:25.474
85.0, 70221.20150580425, -100229.20074810991, 70351.24395504523, -156523.1420425346, -128764.6894174444, -85935.61779685233, -87094.73456081565, -82938.24886539565, -0.768, -0.296, 0.562, 192.0, 0.0, 0.0, 0.0, 0.0, 0.0, 0.0, 0.0, 0.0, 0.0, 1.769680285474793E9, 0.0, 2026-01-29 15:21:25.474
86.0, 70318.78922209612, -109549.74407550623, 70359.26823130468, -167309.4457160766, -128772.55723149267, -85942.16685797773, -87097.93086027275, -82943.2780078981, -0.768, -0.296, 0.562, 192.0, 0.0, 0.0, 0.0, 0.0, 0.0, 0.0, 0.0, 0.0, 0.0, 1.769680285474881E9, 0.0, 2026-01-29 15:21:25.474
87.0, 70447.13293875848, -120198.33865145907, 68462.90152822752, -178488.46953969833, -128780.06741762966, -85949.20765748117, -87100.43425565175, -82947.79306027807, -0.768, -0.296, 0.562, 192.0, 0.0, 0.0, 0.0, 0.0, 0.0, 0.0, 0.0, 0.0, 0.0, 1.769680285474967E9, 0.0, 2026-01-29 15:21:25.474
88.0, 70433.43131940739, -118194.7953337187, 69527.09043348914, -175495.1239222436, -128778.7486647068, -85949.96761679264, -87101.03775275205, -82949.87177251242, -0.768, -0.296, 0.562, 192.0, 0.0, 0.0, 0.0, 0.0, 0.0, 0.0, 0.0, 0.0, 0.0, 1.769680285533748E9, 0.0, 2026-01-29 15:21:25.533
89.0, 70285.4851228577, -105716.41990142106, 70415.90755175443, -161669.3629824356, -128771.21612682535, -85946.01135802404, -87100.97069751867, -82950.58702833498, -0.768, -0.296, 0.562, 192.0, 0.0, 0.0, 0.0, 0.0, 0.0, 0.0, 0.0, 0.0, 0.0, 1.769680285533861E9, 0.0, 2026-01-29 15:21:25.533
90.0, 70204.46004920722, -100211.9004979015, 70334.54720193711, -156557.0049353844, -128767.4386820124, -85943.55266613397, -87100.36720041839, -82951.01171147963, -0.764, -0.29, 0.5680000000000001, 192.0, 232.0, 32.0, 246.0, 240.0, 17.0, 192.0, 0.0, 0.0, 0.0, 1.769680285533945E9, 0.0, 2026-01-29 15:21:25.533
91.0, 70302.0477654991, -109635.79829165916, 70333.07198680306, -167435.55425829344, -128773.58541173761, -85948.42534642523, -87101.77536031906, -82954.38682489238, -0.764, -0.29, 0.5680000000000001, 192.0, 0.0, 0.0, 0.0, 0.0, 0.0, 0.0, 0.0, 0.0, 0.0, 1.769680285534036E9, 0.0, 2026-01-29 15:21:25.534
92.0, 70431.33025542859, -120226.09951807256, 68386.65972789047, -178544.3489008366, -128782.68257173093, -85956.9860645516, -87105.82102606547, -82960.44414763978, -0.764, -0.29, 0.5680000000000001, 192.0, 0.0, 0.0, 0.0, 0.0, 0.0, 0.0, 0.0, 0.0, 0.0, 1.769680285534185E9, 0.0, 2026-01-29 15:21:25.534
93.0, 70417.69569131084, -118089.6750795454, 69517.97092175137, -175410.9919561138, -128782.83903394212, -85959.40005295278, -87108.2126627222, -82964.10983373044, -0.764, -0.29, 0.5680000000000001, 192.0, 0.0, 0.0, 0.0, 0.0, 0.0, 0.0, 0.0, 0.0, 0.0, 1.769680285534308E9, 0.0, 2026-01-29 15:21:25.534
94.0, 70268.20722439376, -105565.00918448082, 70398.40613584591, -161561.00172531625, -128774.25596407127, -85954.2815034725, -87107.02802026607, -82963.90866803034, -0.764, -0.29, 0.5680000000000001, 192.0, 0.0, 0.0, 0.0, 0.0, 0.0, 0.0, 0.0, 0.0, 0.0, 1.769680285534389E9, 0.0, 2026-01-29 15:21:25.534
95.0, 70186.57865364298, -100182.08327079813, 70316.46464067277, -156585.19048514255, -128768.2880483017, -85949.8335063259, -87104.34581093142, -82962.32169417402, -0.764, -0.29, 0.5680000000000001, 192.0, 0.0, 0.0, 0.0, 0.0, 0.0, 0.0, 0.0, 0.0, 0.0, 1.769680285534503E9, 0.0, 2026-01-29 15:21:25.534
96.0, 70284.94868099078, -109714.18585946392, 70308.84269581351, -167561.03695166553, -128774.18890883791, -85954.46031742815, -87105.44104640973, -82965.2274209532, -0.764, -0.29, 0.5680000000000001, 192.0, 0.0, 0.0, 0.0, 0.0, 0.0, 0.0, 0.0, 0.0, 0.0, 1.769680285534585E9, 0.0, 2026-01-29 15:21:25.534
97.0, 70411.30309239663, -120256.81081495415, 68326.24296262777, -178582.9950669998, -128780.33563856312, -85960.0929570309, -87106.53628188805, -82968.40136866586, -0.764, -0.29, 0.5680000000000001, 192.0, 0.0, 0.0, 0.0, 0.0, 0.0, 0.0, 0.0, 0.0, 0.0, 1.769680285534666E9, 0.0, 2026-01-29 15:21:25.534
98.0, 70395.09807766654, -118004.87256108197, 69503.1517151775, -175320.24387362527, -128778.92747866244, -85960.96467506465, -87107.3632964329, -82970.54713613358, -0.764, -0.29, 0.5680000000000001, 192.0, 0.0, 0.0, 0.0, 0.0, 0.0, 0.0, 0.0, 0.0, 0.0, 1.769680285534749E9, 0.0, 2026-01-29 15:21:25.534
99.0, 70245.69901772727, -105432.50804334975, 70376.00968790171, -161436.18958427783, -128770.9926093808, -85956.60608489586, -87107.02802026607, -82970.92711578931, -0.764, -0.29, 0.5680000000000001, 192.0, 0.0, 0.0, 0.0, 0.0, 0.0, 0.0, 0.0, 0.0, 0.0, 1.76968028553485E9, 0.0, 2026-01-29 15:21:25.534
100.0, 70171.02183950208, -100177.43410795143, 70300.90782653187, -156621.2214972045, -128770.67968495844, -85957.54485816299, -87109.77728483407, -82974.6375053689, -0.762, -0.296, 0.5740000000000001, 192.0, 232.0, 48.0, 246.0, 192.0, 17.0, 240.0, 0.0, 0.0, 0.0, 1.769680285534966E9, 0.0, 2026-01-29 15:21:25.534
101.0, 70270.86708198393, -109805.76095649731, 70289.21786418174, -167681.91518567983, -128776.91582166146, -85962.4398901987, -87111.11838950138, -82977.85615657046, -0.762, -0.296, 0.5740000000000001, 192.0, 0.0, 0.0, 0.0, 0.0, 0.0, 0.0, 0.0, 0.0, 0.0, 1.769680285535115E9, 0.0, 2026-01-29 15:21:25.535
102.0, 70398.33908061255, -120299.25677767477, 68340.72689303481, -178615.31568948217, -128784.96244966537, -85970.10653854687, -87114.11352325839, -82982.97470605072, -0.762, -0.296, 0.5740000000000001, 192.0, 0.0, 0.0, 0.0, 0.0, 0.0, 0.0, 0.0, 0.0, 0.0, 1.769680285535197E9, 0.0, 2026-01-29 15:21:25.535
103.0, 70381.79878971563, -117938.97961842772, 69537.97573303888, -175231.55215162662, -128784.62717349853, -85972.0958438034, -87116.01342153709, -82986.19335725228, -0.762, -0.296, 0.5740000000000001, 192.0, 0.0, 0.0, 0.0, 0.0, 0.0, 0.0, 0.0, 0.0, 0.0, 1.76968028559388E9, 0.0, 2026-01-29 15:21:25.593
104.0, 70227.70586344074, -105325.04085600864, 70357.88242314845, -161322.35214976696, -128772.17725183694, -85963.289256488, -87111.16309299029, -82981.94652580578, -0.762, -0.296, 0.5740000000000001, 192.0, 0.0, 0.0, 0.0, 0.0, 0.0, 0.0, 0.0, 0.0, 0.0, 1.769680285593991E9, 0.0, 2026-01-29 15:21:25.593
105.0, 70149.36299912489, -100184.72077664385, 70279.22663441022, -156656.53725344388, -128766.81283316766, -85959.31064597495, -87108.8608633114, -82980.5383659051, -0.762, -0.296, 0.5740000000000001, 192.0, 0.0, 0.0, 0.0, 0.0, 0.0, 0.0, 0.0, 0.0, 0.0, 1.769680285594097E9, 0.0, 2026-01-29 15:21:25.594
106.0, 70253.00803816415, -109885.75784990286, 70254.97499167621, -167789.1588555764, -128775.82058618315, -85966.99964606759, -87112.92888080227, -82986.52863341912, -0.762, -0.296, 0.5740000000000001, 192.0, 0.0, 0.0, 0.0, 0.0, 0.0, 0.0, 0.0, 0.0, 0.0, 1.769680285594179E9, 0.0, 2026-01-29 15:21:25.594
107.0, 70380.10005713702, -120330.45981293438, 68129.9275910768, -178665.56241101772, -128783.84486244261, -85974.53218394902, -87116.01342153709, -82991.60247941047, -0.762, -0.296, 0.5740000000000001, 192.0, 0.0, 0.0, 0.0, 0.0, 0.0, 0.0, 0.0, 0.0, 0.0, 1.76968028559434E9, 0.0, 2026-01-29 15:21:25.594
108.0, 70361.9057371504, -117866.53761464807, 69453.46378725336, -175161.56883973704, -128782.83903394212, -85975.85093687188, -87117.33217445997, -82994.26233700065, -0.762, -0.296, 0.5740000000000001, 192.0, 0.0, 0.0, 0.0, 0.0, 0.0, 0.0, 0.0, 0.0, 0.0, 1.769680285594491E9, 0.0, 2026-01-29 15:21:25.594
109.0, 70210.42796497679, -105219.5853256685, 70340.67157991786, -161227.53604978754, -128773.96539139336, -85970.41946296925, -87115.812255837, -82993.43532245581, -0.762, -0.296, 0.5740000000000001, 192.0, 0.0, 0.0, 0.0, 0.0, 0.0, 0.0, 0.0, 0.0, 0.0, 1.769680285594579E9, 0.0, 2026-01-29 15:21:25.594
110.0, 70134.6555512733, -100194.44378548191, 70264.56389004755, -156691.85300968325, -128769.71855994685, -85967.4913844456, -87114.62761338087, -82993.07769454453, -0.76, -0.296, 0.5740000000000001, 192.0, 232.0, 64.0, 246.0, 192.0, 17.0, 240.0, 0.0, 0.0, 0.0, 1.769680285594687E9, 0.0, 2026-01-29 15:21:25.594
111.0, 70238.25588682365, -109977.84703705872, 70233.51731699912, -167914.75330767076, -128777.2510978283, -85973.90633510427, -87117.35452620442, -82997.6374504134, -0.76, -0.296, 0.5740000000000001, 192.0, 0.0, 0.0, 0.0, 0.0, 0.0, 0.0, 0.0, 0.0, 0.0, 1.769680285594784E9, 0.0, 2026-01-29 15:21:25.594
112.0, 70364.94557439632, -120359.51708072628, 68099.03748023957, -178695.02201020982, -128785.23067059883, -85981.43887298572, -87120.30495647252, -83002.66659291585, -0.76, -0.296, 0.5740000000000001, 192.0, 0.0, 0.0, 0.0, 0.0, 0.0, 0.0, 0.0, 0.0, 0.0, 1.769680285594871E9, 0.0, 2026-01-29 15:21:25.594
113.0, 70345.54426020912, -117780.1481223283, 69457.35299078858, -175066.35040835745, -128784.00132465379, -85982.48940497512, -87121.62370939538, -83005.14763655039, -0.76, -0.296, 0.5740000000000001, 192.0, 0.0, 0.0, 0.0, 0.0, 0.0, 0.0, 0.0, 0.0, 0.0, 1.769680285594958E9, 0.0, 2026-01-29 15:21:25.594
114.0, 70192.72538336819, -105093.2532660071, 70323.03605354263, -161108.66947277423, -128773.83128092662, -85975.96269559416, -87118.98620354965, -83003.22538652724, -0.76, -0.296, 0.5740000000000001, 192.0, 0.0, 0.0, 0.0, 0.0, 0.0, 0.0, 0.0, 0.0, 0.0, 1.769680285595074E9, 0.0, 2026-01-29 15:21:25.595
115.0, 70121.91505693377, -100197.57302970566, 70251.89045094138, -156730.8344520133, -128773.00426638179, -85976.3426752499, -87120.97550880618, -83006.10876156196, -0.76, -0.296, 0.5740000000000001, 192.0, 0.0, 0.0, 0.0, 0.0, 0.0, 0.0, 0.0, 0.0, 0.0, 1.769680285595209E9, 0.0, 2026-01-29 15:21:25.595
116.0, 70227.83997390747, -110058.40272407565, 70219.5251249701, -168026.37791948055, -128782.07907463063, -85984.07637883144, -87125.08822978595, -83011.96491860926, -0.76, -0.296, 0.5740000000000001, 192.0, 0.0, 0.0, 0.0, 0.0, 0.0, 0.0, 0.0, 0.0, 0.0, 1.769680285595296E9, 0.0, 2026-01-29 15:21:25.595
117.0, 70352.36154226799, -120373.62103147758, 68130.70990213274, -178717.4855133874, -128788.31521133367, -85989.91018413428, -87126.5187414311, -83015.31768027756, -0.76, -0.296, 0.5740000000000001, 192.0, 0.0, 0.0, 0.0, 0.0, 0.0, 0.0, 0.0, 0.0, 0.0, 1.769680285595384E9, 0.0, 2026-01-29 15:21:25.595
118.0, 70330.38977746842, -117686.96369969413, 69486.85729346958, -174963.9570670077, -128785.92357467696, -85989.66431494526, -87126.40698270881, -83016.68113668932, -0.76, -0.296, 0.5740000000000001, 192.0, 0.0, 0.0, 0.0, 0.0, 0.0, 0.0, 0.0, 0.0, 0.0, 1.769680285654384E9, 0.0, 2026-01-29 15:21:25.654
119.0, 70178.04028726104, -104966.56357843442, 70308.23919871321, -160983.65616603568, -128776.62524898355, -85983.78580615352, -87124.73060187467, -83015.63060469992, -0.76, -0.296, 0.5740000000000001, 192.0, 0.0, 0.0, 0.0, 0.0, 0.0, 0.0, 0.0, 0.0, 0.0, 1.769680285654513E9, 0.0, 2026-01-29 15:21:25.654
120.0, 70106.29118755952, -100194.08615757062, 70236.1324711004, -156760.76343783896, -128773.45130127089, -85981.81885264145, -87124.44002919675, -83016.25645354467, -0.762, -0.3, 0.5740000000000001, 192.0, 232.0, 48.0, 246.0, 160.0, 17.0, 240.0, 0.0, 0.0, 0.0, 1.769680285654597E9, 0.0, 2026-01-29 15:21:25.654
121.0, 70212.05964232203, -110146.96033560758, 70190.7137263672, -168133.4874789104, -128780.87208043005, -85987.9432306222, -87126.92107283129, -83020.52563673563, -0.762, -0.3, 0.5740000000000001, 192.0, 0.0, 0.0, 0.0, 0.0, 0.0, 0.0, 0.0, 0.0, 0.0, 1.769680285654688E9, 0.0, 2026-01-29 15:21:25.654
122.0, 70338.03407407213, -120406.32163361569, 68048.23196509267, -178750.72255739244, -128789.47750204534, -85996.01221037057, -87130.60911066641, -83026.22533157174, -0.762, -0.3, 0.5740000000000001, 192.0, 0.0, 0.0, 0.0, 0.0, 0.0, 0.0, 0.0, 0.0, 0.0, 1.769680285654832E9, 0.0, 2026-01-29 15:21:25.654
123.0, 70315.25764647218, -117596.57324511687, 69476.7543049758, -174867.9116210832, -128787.77876946673, -85996.7498179376, -87131.50318044462, -83028.43815427282, -0.762, -0.3, 0.5740000000000001, 192.0, 0.0, 0.0, 0.0, 0.0, 0.0, 0.0, 0.0, 0.0, 0.0, 1.769680285654955E9, 0.0, 2026-01-29 15:21:25.654
124.0, 70162.48347312016, -104851.11681832276, 70292.74943980569, -160879.4299816406, -128778.56985075116, -85991.00541961259, -87129.89385484385, -83027.40997402788, -0.762, -0.3, 0.5740000000000001, 192.0, 0.0, 0.0, 0.0, 0.0, 0.0, 0.0, 0.0, 0.0, 0.0, 1.769680285655037E9, 0.0, 2026-01-29 15:21:25.655
125.0, 70089.8403036404, -100217.3543235486, 70219.65923543683, -156799.253141791, -128773.31719080415, -85986.8479951439, -87127.25634899811, -83025.73359319373, -0.762, -0.3, 0.5740000000000001, 192.0, 0.0, 0.0, 0.0, 0.0, 0.0, 0.0, 0.0, 0.0, 0.0, 1.769680285655138E9, 0.0, 2026-01-29 15:21:25.655
126.0, 70195.318185725, -110262.40709571923, 70157.63314457335, -168256.37736992567, -128779.88860367402, -85992.1006550909, -87128.68686064325, -83029.01929962865, -0.762, -0.3, 0.5740000000000001, 192.0, 0.0, 0.0, 0.0, 0.0, 0.0, 0.0, 0.0, 0.0, 0.0, 1.769680285655221E9, 0.0, 2026-01-29 15:21:25.655
127.0, 70320.73382386373, -120451.47215741541, 67881.44324796715, -178784.4960432644, -128788.38226656703, -86000.1472830948, -87132.37489847839, -83034.62958748694, -0.762, -0.3, 0.5740000000000001, 192.0, 0.0, 0.0, 0.0, 0.0, 0.0, 0.0, 0.0, 0.0, 0.0, 1.769680285655302E9, 0.0, 2026-01-29 15:21:25.655
128.0, 70297.80093405259, -117527.17107858314, 69418.39390020298, -174790.44047480114, -128787.64465900001, -86001.77896044005, -87134.20774152371, -83037.75883171069, -0.762, -0.3, 0.5740000000000001, 192.0, 0.0, 0.0, 0.0, 0.0, 0.0, 0.0, 0.0, 0.0, 0.0, 1.769680285655384E9, 0.0, 2026-01-29 15:21:25.655
129.0, 70146.01023745659, -104740.65449722463, 70276.18679716431, -160789.17363753007, -128779.88860367402, -85997.50977724908, -87134.1183345459, -83038.2952735776, -0.762, -0.3, 0.5740000000000001, 192.0, 0.0, 0.0, 0.0, 0.0, 0.0, 0.0, 0.0, 0.0, 0.0, 1.769680285655508E9, 0.0, 2026-01-29 15:21:25.655
130.0, 70076.94334708969, -100215.56618399218, 70206.69522365276, -156847.4211510922, -128776.647600728, -85995.36400978136, -87133.49248570115, -83038.6529014889, -0.76, -0.292, 0.5700000000000001, 192.0, 232.0, 64.0, 246.0, 224.0, 17.0, 208.0, 0.0, 0.0, 0.0, 1.769680285655624E9, 0.0, 2026-01-29 15:21:25.655
131.0, 70184.90227280883, -110339.85589025688, 70138.61181004188, -168381.81535980885, -128784.67187698746, -86002.15894009577, -87136.35350899142, -83043.45852654679, -0.76, -0.292, 0.5700000000000001, 192.0, 0.0, 0.0, 0.0, 0.0, 0.0, 0.0, 0.0, 0.0, 0.0, 1.769680285655715E9, 0.0, 2026-01-29 15:21:25.655
132.0, 70310.83200107003, -120465.55375642226, 67868.30042222743, -178813.68742152303, -128794.26077535878, -86011.34550706692, -87141.20383753823, -83050.40991907238, -0.76, -0.292, 0.5700000000000001, 192.0, 0.0, 0.0, 0.0, 0.0, 0.0, 0.0, 0.0, 0.0, 0.0, 1.769680285655798E9, 0.0, 2026-01-29 15:21:25.655
133.0, 70287.69794555879, -117434.03135943787, 69436.23059227831, -174706.68848832708, -128794.66310675898, -86014.13947512383, -87144.15426780633, -83054.70145400781, -0.76, -0.292, 0.5700000000000001, 192.0, 0.0, 0.0, 0.0, 0.0, 0.0, 0.0, 0.0, 0.0, 0.0, 1.769680285714633E9, 0.0, 2026-01-29 15:21:25.714
134.0, 70131.5039553051, -104611.10378636168, 70261.70286675726, -160687.33908979167, -128782.90608917548, -86005.91403316427, -87139.97449159318, -83051.0581196616, -0.76, -0.292, 0.5700000000000001, 192.0, 0.0, 0.0, 0.0, 0.0, 0.0, 0.0, 0.0, 0.0, 0.0, 1.769680285714744E9, 0.0, 2026-01-29 15:21:25.714
135.0, 70060.9394980597, -100197.7518436613, 70190.62431938939, -156895.11977375983, -128777.11698736156, -86001.28722206202, -87136.91230260281, -83048.84529696051, -0.76, -0.292, 0.5700000000000001, 192.0, 0.0, 0.0, 0.0, 0.0, 0.0, 0.0, 0.0, 0.0, 0.0, 1.769680285714828E9, 0.0, 2026-01-29 15:21:25.714
136.0, 70169.39016215685, -110392.89657984932, 70112.08028937344, -168488.1649599272, -128784.69422873191, -86007.61276574287, -87139.48275321517, -83053.09212840702, -0.76, -0.292, 0.5700000000000001, 192.0, 0.0, 0.0, 0.0, 0.0, 0.0, 0.0, 0.0, 0.0, 0.0, 1.769680285714909E9, 0.0, 2026-01-29 15:21:25.714
137.0, 70295.9904427517, -120469.73353263541, 67805.38026158574, -178849.29375044035, -128795.69128700392, -86018.34160308143, -87145.65183468483, -83061.36227385548, -0.76, -0.292, 0.5700000000000001, 192.0, 0.0, 0.0, 0.0, 0.0, 0.0, 0.0, 0.0, 0.0, 0.0, 1.76968028571507E9, 0.0, 2026-01-29 15:21:25.715
138.0, 70270.01771569463, -117327.41353838606, 69423.78067061672, -174615.0686878048, -128794.5513480367, -86019.61565251538, -87147.30586377453, -83064.31270412359, -0.76, -0.292, 0.5700000000000001, 192.0, 0.0, 0.0, 0.0, 0.0, 0.0, 0.0, 0.0, 0.0, 0.0, 1.7696802857152E9, 0.0, 2026-01-29 15:21:25.715
139.0, 70115.58951325293, -104473.0594126057, 70245.60961074944, -160580.83302746213, -128785.20831885438, -86013.78184721254, -87145.51772421811, -83063.23982038973, -0.76, -0.292, 0.5700000000000001, 192.0, 0.0, 0.0, 0.0, 0.0, 0.0, 0.0, 0.0, 0.0, 0.0, 1.769680285715286E9, 0.0, 2026-01-29 15:21:25.715
140.0, 70048.82485256493, -100195.06963432666, 70178.44261866124, -156924.91464911876, -128782.01201939727, -86011.79254195602, -87144.89187537336, -83063.59744830102, -0.766, -0.29, 0.5640000000000001, 192.0, 232.0, 16.0, 246.0, 240.0, 17.0, 160.0, 0.0, 0.0, 0.0, 1.769680285715388E9, 0.0, 2026-01-29 15:21:25.715
141.0, 70158.81778702949, -110481.52124661462, 70094.71298393166, -168593.88871120082, -128790.21510961237, -86018.69923099272, -87147.86465738592, -83068.42542510336, -0.766, -0.29, 0.5640000000000001, 192.0, 0.0, 0.0, 0.0, 0.0, 0.0, 0.0, 0.0, 0.0, 0.0, 1.769680285715491E9, 0.0, 2026-01-29 15:21:25.715
142.0, 70280.43362861082, -120489.71599217845, 67802.72040399557, -178859.88847731217, -128796.92063294895, -86025.0024229291, -87149.89866613134, -83072.49344259423, -0.766, -0.29, 0.5640000000000001, 192.0, 0.0, 0.0, 0.0, 0.0, 0.0, 0.0, 0.0, 0.0, 0.0, 1.769680285715573E9, 0.0, 2026-01-29 15:21:25.715
143.0, 70252.44924455277, -117234.40792970752, 69436.83408937861, -174498.79491314827, -128795.22190037035, -86025.71767875168, -87151.03860509857, -83074.88507925095, -0.766, -0.29, 0.5640000000000001, 192.0, 0.0, 0.0, 0.0, 0.0, 0.0, 0.0, 0.0, 0.0, 0.0, 1.769680285715656E9, 0.0, 2026-01-29 15:21:25.715
144.0, 70097.93163513322, -104364.40758280845, 70228.04113960757, -160462.81581673812, -128786.3482578216, -86020.28620484904, -87149.67514868679, -83074.21452691729, -0.766, -0.29, 0.5640000000000001, 192.0, 0.0, 0.0, 0.0, 0.0, 0.0, 0.0, 0.0, 0.0, 0.0, 1.769680285715758E9, 0.0, 2026-01-29 15:21:25.715
145.0, 70033.5809628464, -100228.21727135387, 70163.48930162065, -156967.29355660602, -128784.09073163162, -86018.94510018172, -87149.76455566462, -83075.33211414005, -0.766, -0.29, 0.5640000000000001, 192.0, 0.0, 0.0, 0.0, 0.0, 0.0, 0.0, 0.0, 0.0, 0.0, 1.769680285715875E9, 0.0, 2026-01-29 15:21:25.715
146.0, 70143.5068420776, -110597.2585794042, 70066.77330336253, -168719.48316329517, -128791.26564160177, -86024.73420199564, -87151.73150917668, -83079.17661418636, -0.766, -0.29, 0.5640000000000001, 192.0, 0.0, 0.0, 0.0, 0.0, 0.0, 0.0, 0.0, 0.0, 0.0, 1.769680285715958E9, 0.0, 2026-01-29 15:21:25.715
147.0, 70263.9380412028, -120516.87336169164, 67728.55731589286, -178887.35877124773, -128797.27826086024, -86030.43389683175, -87153.05026209954, -83082.52937585466, -0.766, -0.29, 0.5640000000000001, 192.0, 0.0, 0.0, 0.0, 0.0, 0.0, 0.0, 0.0, 0.0, 0.0, 1.769680285716041E9, 0.0, 2026-01-29 15:21:25.716
148.0, 70234.61255247743, -117137.04373086021, 69422.86424909404, -174414.79705748524, -128795.6018800261, -86031.12680090986, -87154.21255281122, -83085.03277123366, -0.766, -0.29, 0.5640000000000001, 192.0, 0.0, 0.0, 0.0, 0.0, 0.0, 0.0, 0.0, 0.0, 0.0, 1.76968028577489E9, 0.0, 2026-01-29 15:21:25.774
149.0, 70081.86073086986, -104246.99386918472, 70212.03729057757, -160368.0444202476, -128788.53872877822, -86027.63992877484, -87154.79369816705, -83086.2621171787, -0.766, -0.29, 0.5640000000000001, 192.0, 0.0, 0.0, 0.0, 0.0, 0.0, 0.0, 0.0, 0.0, 0.0, 1.769680285775002E9, 0.0, 2026-01-29 15:21:25.775
150.0, 70019.65582605074, -100257.00631821231, 70149.4077026138, -157029.3643509584, -128786.77294096626, -86026.83526597444, -87155.28543654508, -83087.80438754612, -0.768, -0.28800000000000003, 0.5640000000000001, 192.0, 232.0, 0.0, 247.0, 0.0, 17.0, 160.0, 0.0, 0.0, 0.0, 1.769680285775085E9, 0.0, 2026-01-29 15:21:25.775
151.0, 70130.31931284897, -110707.87736271351, 70023.9250092417, -168847.2010311128, -128793.2996503472, -86032.08792592144, -87156.53713423458, -83091.02303874768, -0.768, -0.28800000000000003, 0.5640000000000001, 192.0, 0.0, 0.0, 0.0, 0.0, 0.0, 0.0, 0.0, 0.0, 0.0, 1.769680285775174E9, 0.0, 2026-01-29 15:21:25.775
152.0, 70251.42106430783, -120555.18425168804, 67523.1894878375, -178926.9213589336, -128800.56396729518, -86039.0616701915, -87159.2193435692, -83095.73925682774, -0.768, -0.28800000000000003, 0.5640000000000001, 192.0, 0.0, 0.0, 0.0, 0.0, 0.0, 0.0, 0.0, 0.0, 0.0, 1.769680285775329E9, 0.0, 2026-01-29 15:21:25.775
153.0, 70222.54261047156, -117058.00796246625, 69376.99846947176, -174330.62038786657, -128800.27339461725, -86041.14038242583, -87161.90155290384, -83099.62846036298, -0.768, -0.28800000000000003, 0.5640000000000001, 192.0, 0.0, 0.0, 0.0, 0.0, 0.0, 0.0, 0.0, 0.0, 0.0, 1.769680285775473E9, 0.0, 2026-01-29 15:21:25.775
154.0, 70067.22033825163, -104161.99018502119, 70197.48630493716, -160284.94063436278, -128790.52803403474, -86034.81483874499, -87159.8675441584, -83098.0638382511, -0.768, -0.28800000000000003, 0.5640000000000001, 192.0, 0.0, 0.0, 0.0, 0.0, 0.0, 0.0, 0.0, 0.0, 0.0, 1.769680285775555E9, 0.0, 2026-01-29 15:21:25.775
155.0, 70007.04944217794, -100309.64467640457, 70136.84602222992, -157107.57310480752, -128789.23163285633, -86034.43485908925, -87160.89572440335, -83100.03079176317, -0.768, -0.28800000000000003, 0.5640000000000001, 192.0, 0.0, 0.0, 0.0, 0.0, 0.0, 0.0, 0.0, 0.0, 0.0, 1.769680285775657E9, 0.0, 2026-01-29 15:21:25.775
156.0, 70119.07638538795, -110822.94414316943, 69996.23119786158, -168983.90430020145, -128796.56300503768, -86040.33571962545, -87162.9744366377, -83104.09880925404, -0.768, -0.28800000000000003, 0.5640000000000001, 192.0, 0.0, 0.0, 0.0, 0.0, 0.0, 0.0, 0.0, 0.0, 0.0, 1.769680285775739E9, 0.0, 2026-01-29 15:21:25.775
157.0, 70240.93809615828, -120578.49712115493, 67419.03035867577, -178959.26433316045, -128805.86133073109, -86049.38817612984, -87167.8247651845, -83110.98314654626, -0.768, -0.28800000000000003, 0.5640000000000001, 192.0, 0.0, 0.0, 0.0, 0.0, 0.0, 0.0, 0.0, 0.0, 0.0, 1.76968028577582E9, 0.0, 2026-01-29 15:21:25.775
158.0, 70205.77880213008, -116963.81771133158, 69348.65645750242, -174231.84802911856, -128800.83218822864, -86046.68361505076, -87165.58959073896, -83110.04437327915, -0.768, -0.28800000000000003, 0.5640000000000001, 192.0, 0.0, 0.0, 0.0, 0.0, 0.0, 0.0, 0.0, 0.0, 0.0, 1.769680285775901E9, 0.0, 2026-01-29 15:21:25.775
159.0, 70050.79180607699, -104055.79704711403, 70181.0130692736, -160190.05747915, -128792.07030440216, -86041.45330684821, -87164.33789304947, -83109.4632279233, -0.768, -0.28800000000000003, 0.5640000000000001, 192.0, 0.0, 0.0, 0.0, 0.0, 0.0, 0.0, 0.0, 0.0, 0.0, 1.769680285776031E9, 0.0, 2026-01-29 15:21:25.776
160.0, 69992.90078793775, -100310.2258217604, 70122.74207147861, -157135.31161967656, -128791.80208346869, -86042.28032139306, -87166.34955005045, -83112.48071342477, -0.77, -0.294, 0.5680000000000001, 192.0, 231.0, 240.0, 246.0, 208.0, 17.0, 192.0, 0.0, 0.0, 0.0, 1.769680285776211E9, 0.0, 2026-01-29 15:21:25.776
161.0, 70106.42529802624, -110885.75254508884, 69974.66176446222, -169089.42688577497, -128799.62519402805, -86048.76232728509, -87168.85294542945, -83116.88400708247, -0.77, -0.294, 0.5680000000000001, 192.0, 0.0, 0.0, 0.0, 0.0, 0.0, 0.0, 0.0, 0.0, 0.0, 1.769680285776336E9, 0.0, 2026-01-29 15:21:25.776
162.0, 70224.59897096145, -120568.7070570835, 67423.88068722257, -178978.12920548074, -128805.63781328654, -86054.57378084348, -87170.3728640524, -83120.46028619532, -0.77, -0.294, 0.5680000000000001, 192.0, 0.0, 0.0, 0.0, 0.0, 0.0, 0.0, 0.0, 0.0, 0.0, 1.769680285776481E9, 0.0, 2026-01-29 15:21:25.776
163.0, 70189.99847054464, -116853.5342041891, 69369.86826299051, -174144.69857748732, -128802.53092080724, -86053.88087676537, -87170.19405009676, -83121.53316992917, -0.77, -0.294, 0.5680000000000001, 192.0, 0.0, 0.0, 0.0, 0.0, 0.0, 0.0, 0.0, 0.0, 0.0, 1.769680285835111E9, 0.0, 2026-01-29 15:21:25.835
164.0, 70031.2340296786, -103938.5397957015, 70161.43294113076, -160092.00037622458, -128790.23746135682, -86045.14134468333, -87165.58959073896, -83117.55455941612, -0.77, -0.294, 0.5680000000000001, 192.0, 0.0, 0.0, 0.0, 0.0, 0.0, 0.0, 0.0, 0.0, 0.0, 1.769680285835282E9, 0.0, 2026-01-29 15:21:25.835
165.0, 69972.49364525004, -100338.45607500746, 70102.22317006865, -157189.73811742524, -128787.80112121119, -86043.77788827156, -87165.2766663166, -83118.33687047206, -0.77, -0.294, 0.5680000000000001, 192.0, 0.0, 0.0, 0.0, 0.0, 0.0, 0.0, 0.0, 0.0, 0.0, 1.769680285835449E9, 0.0, 2026-01-29 15:21:25.835
166.0, 70086.59930069439, -110979.2498921454, 69944.39750246973, -169195.30709925975, -128795.75834223728, -86050.39400463033, -87167.84711692896, -83122.82957110758, -0.77, -0.294, 0.5680000000000001, 192.0, 0.0, 0.0, 0.0, 0.0, 0.0, 0.0, 0.0, 0.0, 0.0, 1.769680285835541E9, 0.0, 2026-01-29 15:21:25.835
167.0, 70205.6223399189, -120576.88779555414, 67413.39771907302, -178993.3507434548, -128803.58145279664, -86058.01594948959, -87171.24458208616, -83128.08223105458, -0.77, -0.294, 0.5680000000000001, 192.0, 0.0, 0.0, 0.0, 0.0, 0.0, 0.0, 0.0, 0.0, 0.0, 1.769680285835677E9, 0.0, 2026-01-29 15:21:25.835
168.0, 70168.1608162118, -116748.79392967152, 69378.27251890571, -174041.00883495915, -128798.48525506083, -86055.5125541106, -87169.322332063, -83127.41167872092, -0.77, -0.294, 0.5680000000000001, 192.0, 0.0, 0.0, 0.0, 0.0, 0.0, 0.0, 0.0, 0.0, 0.0, 1.769680285835815E9, 0.0, 2026-01-29 15:21:25.835
169.0, 70011.60919804683, -103837.08522761885, 70141.76340601008, -159994.50206691053, -128788.04699040021, -86048.71762379618, -87166.50601226164, -83125.26591125321, -0.77, -0.294, 0.5680000000000001, 192.0, 0.0, 0.0, 0.0, 0.0, 0.0, 0.0, 0.0, 0.0, 0.0, 1.769680285835906E9, 0.0, 2026-01-29 15:21:25.835
170.0, 69954.18756654115, -100379.56093306077, 70083.87238787084, -157247.36091463102, -128785.11891187656, -86046.79537377303, -87165.65664597234, -83125.48942869777, -0.77, -0.29, 0.562, 192.0, 231.0, 240.0, 246.0, 240.0, 17.0, 144.0, 0.0, 0.0, 0.0, 1.769680285836015E9, 0.0, 2026-01-29 15:21:25.836
171.0, 70070.72956213112, -111084.28073934087, 69907.83004854084, -169311.960853572, -128794.26077535878, -86054.57378084348, -87169.36703555191, -83131.16677178942, -0.77, -0.29, 0.562, 192.0, 0.0, 0.0, 0.0, 0.0, 0.0, 0.0, 0.0, 0.0, 0.0, 1.769680285836113E9, 0.0, 2026-01-29 15:21:25.836
172.0, 70189.12675251089, -120609.83426688127, 67284.02582216571, -179028.35357527182, -128802.08388591814, -86062.2627809361, -87172.74214896467, -83136.48648696978, -0.77, -0.29, 0.562, 192.0, 0.0, 0.0, 0.0, 0.0, 0.0, 0.0, 0.0, 0.0, 0.0, 1.769680285836201E9, 0.0, 2026-01-29 15:21:25.836
173.0, 70151.26289740359, -116675.2343386691, 69348.54469878016, -173960.69901713124, -128797.88175796054, -86060.67580707978, -87171.60220999745, -83136.73235615878, -0.77, -0.29, 0.562, 192.0, 0.0, 0.0, 0.0, 0.0, 0.0, 0.0, 0.0, 0.0, 0.0, 1.76968028583629E9, 0.0, 2026-01-29 15:21:25.836
174.0, 69994.06307864941, -103751.25452891047, 70124.19493486821, -159918.70730146256, -128787.10821713308, -86053.52324885408, -87168.56237275152, -83134.2736642687, -0.77, -0.29, 0.562, 192.0, 0.0, 0.0, 0.0, 0.0, 0.0, 0.0, 0.0, 0.0, 0.0, 1.769680285836425E9, 0.0, 2026-01-29 15:21:25.836
175.0, 69939.4577669451, -100424.26442197138, 70069.16494001925, -157307.24123802676, -128785.32007757666, -86052.62917907587, -87168.80824194054, -83135.41360323592, -0.77, -0.29, 0.562, 192.0, 0.0, 0.0, 0.0, 0.0, 0.0, 0.0, 0.0, 0.0, 0.0, 1.769680285836553E9, 0.0, 2026-01-29 15:21:25.836
176.0, 70057.5420329025, -111200.42040353065, 69876.76112374796, -169440.3492737233, -128795.06543815917, -86061.0110832466, -87173.12212862041, -83141.73914691676, -0.77, -0.29, 0.562, 192.0, 0.0, 0.0, 0.0, 0.0, 0.0, 0.0, 0.0, 0.0, 0.0, 1.769680285836641E9, 0.0, 2026-01-29 15:21:25.836
177.0, 70176.07333374898, -120634.75646194894, 67187.24276867423, -179047.4643167811, -128803.31323186318, -86069.03535950606, -87177.05603564453, -83147.55060047515, -0.77, -0.29, 0.562, 192.0, 0.0, 0.0, 0.0, 0.0, 0.0, 0.0, 0.0, 0.0, 0.0, 1.769680285836728E9, 0.0, 2026-01-29 15:21:25.836
178.0, 70139.52823156456, -116587.19081725966, 69330.19391658234, -173867.58164973042, -128801.52509230675, -86069.84002230645, -87178.44184380077, -83150.14340283196, -0.77, -0.29, 0.562, 192.0, 0.0, 0.0, 0.0, 0.0, 0.0, 0.0, 0.0, 0.0, 0.0, 1.769680285894573E9, 0.0, 2026-01-29 15:21:25.894
179.0, 69983.37894479978, -103656.93016730907, 70113.48844927413, -159828.80858526332, -128792.15971137998, -86063.89445828134, -87176.69840773326, -83149.11522258702, -0.77, -0.29, 0.562, 192.0, 0.0, 0.0, 0.0, 0.0, 0.0, 0.0, 0.0, 0.0, 0.0, 1.769680285894692E9, 0.0, 2026-01-29 15:21:25.894
180.0, 69928.28189471745, -100455.40040199763, 70057.87730906931, -157361.95830845338, -128788.89635668951, -86061.4581181357, -87175.35730306593, -83148.80229816465, -0.766, -0.29, 0.5680000000000001, 192.0, 232.0, 16.0, 246.0, 240.0, 17.0, 192.0, 0.0, 0.0, 0.0, 1.769680285894783E9, 0.0, 2026-01-29 15:21:25.894
181.0, 70046.70143684167, -111290.67674764118, 69841.5794779753, -169552.53267914447, -128798.50760680529, -86069.6165048619, -87179.47002404572, -83154.8819726565, -0.766, -0.29, 0.5680000000000001, 192.0, 0.0, 0.0, 0.0, 0.0, 0.0, 0.0, 0.0, 0.0, 0.0, 1.769680285894882E9, 0.0, 2026-01-29 15:21:25.894
182.0, 70162.59523184242, -120647.98869466648, 67094.90771232935, -179077.68387528468, -128805.25783363079, -86076.23262122067, -87181.86166070243, -83159.28526631418, -0.766, -0.29, 0.5680000000000001, 192.0, 0.0, 0.0, 0.0, 0.0, 0.0, 0.0, 0.0, 0.0, 0.0, 1.769680285895039E9, 0.0, 2026-01-29 15:21:25.895
183.0, 70124.91019069079, -116481.62352819723, 69323.13076533447, -173776.69945677512, -128803.76026675229, -86077.30550495452, -87183.58274502549, -83162.34745530457, -0.766, -0.29, 0.5680000000000001, 192.0, 0.0, 0.0, 0.0, 0.0, 0.0, 0.0, 0.0, 0.0, 0.0, 1.769680285895174E9, 0.0, 2026-01-29 15:21:25.895
184.0, 69969.31969753739, -103539.15882577407, 70099.295091545, -159731.06440676027, -128795.15484513699, -86072.25401070762, -87182.71102699173, -83161.90042041546, -0.766, -0.29, 0.5680000000000001, 192.0, 0.0, 0.0, 0.0, 0.0, 0.0, 0.0, 0.0, 0.0, 0.0, 1.769680285895262E9, 0.0, 2026-01-29 15:21:25.895
185.0, 69916.81544981187, -100489.39740531414, 70046.52262288603, -157425.2137452619, -128792.91967069147, -86070.75644382912, -87182.24164035817, -83162.45921402684, -0.766, -0.29, 0.5680000000000001, 192.0, 0.0, 0.0, 0.0, 0.0, 0.0, 0.0, 0.0, 0.0, 0.0, 1.76968028589537E9, 0.0, 2026-01-29 15:21:25.895
186.0, 70035.12323321382, -111392.22072270165, 69814.71268114004, -169673.07563699194, -128801.61449928458, -86078.06546426601, -87185.39323632637, -83167.68952222938, -0.766, -0.29, 0.5680000000000001, 192.0, 0.0, 0.0, 0.0, 0.0, 0.0, 0.0, 0.0, 0.0, 0.0, 1.769680285895477E9, 0.0, 2026-01-29 15:21:25.895
187.0, 70150.56999332548, -120665.87009023072, 67057.26737466663, -179098.40394239474, -128808.94587146591, -86085.2180224917, -87188.38837008338, -83172.74101647628, -0.766, -0.29, 0.5680000000000001, 192.0, 0.0, 0.0, 0.0, 0.0, 0.0, 0.0, 0.0, 0.0, 0.0, 1.769680285895563E9, 0.0, 2026-01-29 15:21:25.895
188.0, 70109.04045212752, -116387.45562880703, 69325.45534675782, -173671.06511247935, -128804.87785397505, -86083.74280735764, -87187.69546600527, -83173.16569962093, -0.766, -0.29, 0.5680000000000001, 192.0, 0.0, 0.0, 0.0, 0.0, 0.0, 0.0, 0.0, 0.0, 0.0, 1.769680285895652E9, 0.0, 2026-01-29 15:21:25.895
189.0, 69953.00292408501, -103445.10268510613, 70083.06772507045, -159641.8362428947, -128796.16067363748, -86078.62425787738, -87186.60023052696, -83172.5845542651, -0.766, -0.29, 0.5680000000000001, 192.0, 0.0, 0.0, 0.0, 0.0, 0.0, 0.0, 0.0, 0.0, 0.0, 1.769680285895761E9, 0.0, 2026-01-29 15:21:25.895
190.0, 69898.46466761407, -100526.76952204341, 70028.26124766603, -157474.99108016386, -128790.41627531247, -86073.52806014157, -87182.64397175837, -83169.61177225254, -0.764, -0.292, 0.5660000000000001, 192.0, 232.0, 32.0, 246.0, 224.0, 17.0, 176.0, 0.0, 0.0, 0.0, 1.769680285895894E9, 0.0, 2026-01-29 15:21:25.895
191.0, 70016.66069229374, -111508.96388399172, 69764.06362820431, -169788.3659348924, -128797.72529574935, -86079.54067940006, -87184.63327701489, -83173.38921706549, -0.764, -0.292, 0.5660000000000001, 192.0, 0.0, 0.0, 0.0, 0.0, 0.0, 0.0, 0.0, 0.0, 0.0, 1.769680285895991E9, 0.0, 2026-01-29 15:21:25.895
192.0, 70134.40968208428, -120702.70576509307, 66856.34754375786, -179112.66435535724, -128807.69417377641, -86089.35309521593, -87190.3776753399, -83181.07821715811, -0.764, -0.292, 0.5660000000000001, 192.0, 0.0, 0.0, 0.0, 0.0, 0.0, 0.0, 0.0, 0.0, 0.0, 1.769680285896082E9, 0.0, 2026-01-29 15:21:25.896
193.0, 70093.68480368672, -116307.16816272357, 69275.65566011138, -173582.39574222514, -128805.63781328654, -86089.8224818495, -87191.6293730294, -83183.71572300384, -0.764, -0.292, 0.5660000000000001, 192.0, 0.0, 0.0, 0.0, 0.0, 0.0, 0.0, 0.0, 0.0, 0.0, 1.769680285954813E9, 0.0, 2026-01-29 15:21:25.954
194.0, 69936.86496458828, -103348.65490778147, 70066.86271034036, -159551.02110517278, -128796.40654282649, -86083.92162131329, -87189.9306404508, -83182.70989450335, -0.764, -0.292, 0.5660000000000001, 192.0, 0.0, 0.0, 0.0, 0.0, 0.0, 0.0, 0.0, 0.0, 0.0, 1.76968028595493E9, 0.0, 2026-01-29 15:21:25.954
195.0, 69887.86994074225, -100573.1940952771, 70017.46535509413, -157546.65077288757, -128794.5960515256, -86082.93814455727, -87189.81888172853, -83183.7380747483, -0.764, -0.292, 0.5660000000000001, 192.0, 0.0, 0.0, 0.0, 0.0, 0.0, 0.0, 0.0, 0.0, 0.0, 1.76968028595502E9, 0.0, 2026-01-29 15:21:25.955
196.0, 70008.30113986744, -111618.845059734, 69711.96171187899, -169918.76601204468, -128803.73791500783, -86090.49303418315, -87193.30575386355, -83189.19190039538, -0.764, -0.292, 0.5660000000000001, 192.0, 0.0, 0.0, 0.0, 0.0, 0.0, 0.0, 0.0, 0.0, 0.0, 1.769680285955109E9, 0.0, 2026-01-29 15:21:25.955
197.0, 70123.36792032336, -120733.37235848575, 66651.60556454725, -179149.45532673065, -128812.03041220075, -86098.6737726538, -87197.5302335656, -83195.33863012059, -0.764, -0.292, 0.5660000000000001, 192.0, 0.0, 0.0, 0.0, 0.0, 0.0, 0.0, 0.0, 0.0, 0.0, 1.76968028595526E9, 0.0, 2026-01-29 15:21:25.955
198.0, 70080.45257096918, -116225.9866268619, 69243.67031379585, -173495.53686327182, -128809.28114763275, -86098.69612439825, -87198.26784113263, -83197.26088014376, -0.764, -0.292, 0.5660000000000001, 192.0, 0.0, 0.0, 0.0, 0.0, 0.0, 0.0, 0.0, 0.0, 0.0, 1.769680285955414E9, 0.0, 2026-01-29 15:21:25.955
199.0, 69922.98453128155, -103257.92917703738, 70052.95992528915, -159472.11944724555, -128799.6028422836, -86092.4152842063, -87196.14442540938, -83195.85272024307, -0.764, -0.292, 0.5660000000000001, 192.0, 0.0, 0.0, 0.0, 0.0, 0.0, 0.0, 0.0, 0.0, 0.0, 1.769680285955503E9, 0.0, 2026-01-29 15:21:25.955
200.0, 69875.487074314, -100605.67117997065, 70005.01543343252, -157619.4951080674, -128798.12762714954, -86091.67767663929, -87196.2785358761, -83197.10441793257, -0.762, -0.294, 0.5660000000000001, 192.0, 232.0, 48.0, 246.0, 208.0, 17.0, 176.0, 0.0, 0.0, 0.0, 1.769680285955622E9, 0.0, 2026-01-29 15:21:25.955
201.0, 69996.70058449515, -111695.0645083266, 69677.2941562288, -170034.12336517853, -128807.09067667612, -86099.23256626519, -87199.72070452222, -83202.58059532412, -0.762, -0.294, 0.5660000000000001, 192.0, 0.0, 0.0, 0.0, 0.0, 0.0, 0.0, 0.0, 0.0, 0.0, 1.769680285955718E9, 0.0, 2026-01-29 15:21:25.955
202.0, 70110.11333586137, -120731.40540497369, 66549.81572029779, -179170.37655954083, -128814.53380757975, -86106.51923495761, -87202.93935572379, -83207.74384829329, -0.762, -0.294, 0.5660000000000001, 192.0, 0.0, 0.0, 0.0, 0.0, 0.0, 0.0, 0.0, 0.0, 0.0, 1.769680285955802E9, 0.0, 2026-01-29 15:21:25.955
203.0, 70066.03569579551, -116131.08111990466, 69224.7830897311, -173405.30287090575, -128811.56102556719, -86105.96044134622, -87203.34168712399, -83209.39787738299, -0.762, -0.294, 0.5660000000000001, 192.0, 0.0, 0.0, 0.0, 0.0, 0.0, 0.0, 0.0, 0.0, 0.0, 1.769680285955886E9, 0.0, 2026-01-29 15:21:25.955
204.0, 69909.752298564, -103166.6446526819, 70039.75004431607, -159404.14779235696, -128803.02265918526, -86100.70778139924, -87202.3358586235, -83209.10730470506, -0.762, -0.294, 0.5660000000000001, 192.0, 0.0, 0.0, 0.0, 0.0, 0.0, 0.0, 0.0, 0.0, 0.0, 1.769680285955996E9, 0.0, 2026-01-29 15:21:25.955
205.0, 69862.74657997448, -100632.04623842791, 69992.40904955972, -157680.24714949695, -128800.40750508399, -86098.94199358726, -87201.330030123, -83209.10730470506, -0.762, -0.294, 0.5660000000000001, 192.0, 0.0, 0.0, 0.0, 0.0, 0.0, 0.0, 0.0, 0.0, 0.0, 1.769680285956115E9, 0.0, 2026-01-29 15:21:25.956
206.0, 69984.83180818938, -111784.02445125872, 69647.87926052562, -170150.57595379069, -128809.16938891046, -86106.40747623533, -87204.59338481347, -83214.27055767424, -0.762, -0.294, 0.5660000000000001, 192.0, 0.0, 0.0, 0.0, 0.0, 0.0, 0.0, 0.0, 0.0, 0.0, 1.769680285956198E9, 0.0, 2026-01-29 15:21:25.956
207.0, 70098.4457252557, -120738.89323936621, 66501.33478657423, -179179.22785034514, -128816.83603725863, -86114.02942109459, -87208.14731218187, -83219.90319727697, -0.762, -0.294, 0.5660000000000001, 192.0, 0.0, 0.0, 0.0, 0.0, 0.0, 0.0, 0.0, 0.0, 0.0, 1.769680285956281E9, 0.0, 2026-01-29 15:21:25.956
208.0, 70054.79276833449, -116031.45939486736, 69224.76073798665, -173310.88910232653, -128814.84673200212, -86114.65526993934, -87209.7342860382, -83222.67481358943, -0.762, -0.294, 0.5660000000000001, 192.0, 0.0, 0.0, 0.0, 0.0, 0.0, 0.0, 0.0, 0.0, 0.0, 1.769680285956393E9, 0.0, 2026-01-29 15:21:25.956
209.0, 69899.58225483683, -103068.00640440064, 70029.66940756672, -159315.00903546918, -128807.2024353984, -86110.43079023728, -87209.68958254928, -83223.144200223, -0.762, -0.294, 0.5660000000000001, 192.0, 0.0, 0.0, 0.0, 0.0, 0.0, 0.0, 0.0, 0.0, 0.0, 1.76968028601552E9, 0.0, 2026-01-29 15:21:26.015
210.0, 69852.06244612485, -100688.52909666648, 69981.65786047673, -157745.96127819555, -128802.19564464041, -86106.2286622797, -87206.18035866981, -83220.73021182182, -0.756, -0.298, 0.5740000000000001, 192.0, 232.0, 96.0, 246.0, 176.0, 17.0, 240.0, 0.0, 0.0, 0.0, 1.769680286015719E9, 0.0, 2026-01-29 15:21:26.015
211.0, 69972.44894176113, -111908.27779868577, 69608.16021062854, -170277.37740008562, -128808.4541330879, -86111.19074954877, -87206.9403179813, -83223.39006941201, -0.756, -0.298, 0.5740000000000001, 192.0, 0.0, 0.0, 0.0, 0.0, 0.0, 0.0, 0.0, 0.0, 0.0, 1.769680286015885E9, 0.0, 2026-01-29 15:21:26.015
212.0, 70085.77228614954, -120757.31107679738, 66464.56616694524, -179196.41634183127, -128817.26072040328, -86119.84087465297, -87211.56712908353, -83229.98383402632, -0.756, -0.298, 0.5740000000000001, 192.0, 0.0, 0.0, 0.0, 0.0, 0.0, 0.0, 0.0, 0.0, 0.0, 1.769680286016083E9, 0.0, 2026-01-29 15:21:26.016
213.0, 70038.87832628231, -115918.89600979043, 69241.36808411696, -173200.42678122842, -128813.907958735, -86119.25972929713, -87211.96946048373, -83231.39199392701, -0.756, -0.298, 0.5740000000000001, 192.0, 0.0, 0.0, 0.0, 0.0, 0.0, 0.0, 0.0, 0.0, 0.0, 1.769680286016262E9, 0.0, 2026-01-29 15:21:26.016
214.0, 69883.4442953401, -102960.51686531508, 70013.44204109217, -159221.39992969035, -128806.12955166455, -86114.94584261726, -87211.835350017, -83231.79432532721, -0.756, -0.298, 0.5740000000000001, 192.0, 0.0, 0.0, 0.0, 0.0, 0.0, 0.0, 0.0, 0.0, 0.0, 1.769680286016424E9, 0.0, 2026-01-29 15:21:26.016
215.0, 69839.85839365225, -100725.4765302511, 69969.40910451522, -157813.24002900603, -128803.69321151891, -86113.29181352757, -87210.7848180276, -83231.90608404948, -0.756, -0.298, 0.5740000000000001, 192.0, 0.0, 0.0, 0.0, 0.0, 0.0, 0.0, 0.0, 0.0, 0.0, 1.769680286016589E9, 0.0, 2026-01-29 15:21:26.016
216.0, 69963.95527886812, -112000.188171886, 69564.4178467295, -170390.3207648183, -128812.96918546787, -86121.2266828092, -87214.36109714046, -83237.62813063004, -0.756, -0.298, 0.5740000000000001, 192.0, 0.0, 0.0, 0.0, 0.0, 0.0, 0.0, 0.0, 0.0, 0.0, 1.769680286016733E9, 0.0, 2026-01-29 15:21:26.016
217.0, 70075.19991102218, -120770.07392288136, 66307.43340342444, -179218.7010310532, -128820.34526113812, -86128.55805499054, -87217.69150706429, -83242.83608708813, -0.756, -0.298, 0.5740000000000001, 192.0, 0.0, 0.0, 0.0, 0.0, 0.0, 0.0, 0.0, 0.0, 0.0, 1.769680286016882E9, 0.0, 2026-01-29 15:21:26.016
218.0, 70027.74715754356, -115828.77377614663, 69216.82586870503, -173108.44935279482, -128817.61834831457, -86128.51335150164, -87218.63028033142, -83244.75833711129, -0.756, -0.298, 0.5740000000000001, 192.0, 0.0, 0.0, 0.0, 0.0, 0.0, 0.0, 0.0, 0.0, 0.0, 1.769680286017032E9, 0.0, 2026-01-29 15:21:26.017
219.0, 69868.66979225514, -102881.45874517666, 69998.48872405157, -159150.2766788336, -128806.48717957584, -86120.80199966455, -87215.07635296302, -83241.65144463199, -0.756, -0.298, 0.5740000000000001, 192.0, 0.0, 0.0, 0.0, 0.0, 0.0, 0.0, 0.0, 0.0, 0.0, 1.769680286017199E9, 0.0, 2026-01-29 15:21:26.017
220.0, 69824.480393467, -100775.56678957545, 69954.05345607441, -157879.80352399393, -128802.03918242923, -86117.18101706279, -87212.08121920601, -83239.77389809774, -0.76, -0.296, 0.5720000000000001, 192.0, 232.0, 64.0, 246.0, 192.0, 17.0, 224.0, 0.0, 0.0, 0.0, 1.769680286017363E9, 0.0, 2026-01-29 15:21:26.017
221.0, 69946.14093853724, -112113.24329534094, 69498.01081395279, -170518.23979833603, -128808.32002262116, -86122.21015956523, -87212.6847163063, -83242.38905219903, -0.76, -0.296, 0.5720000000000001, 192.0, 0.0, 0.0, 0.0, 0.0, 0.0, 0.0, 0.0, 0.0, 0.0, 1.769680286017551E9, 0.0, 2026-01-29 15:21:26.017
222.0, 70057.8326055804, -120798.0136034505, 66086.62051995046, -179242.08095575345, -128817.12660993656, -86130.9273399028, -87217.44563787528, -83249.07222379115, -0.76, -0.296, 0.5720000000000001, 192.0, 0.0, 0.0, 0.0, 0.0, 0.0, 0.0, 0.0, 0.0, 0.0, 1.769680286017712E9, 0.0, 2026-01-29 15:21:26.017
223.0, 70009.73165151259, -115743.7700919831, 69174.11168505093, -173006.57010156754, -128815.13730468003, -86131.575540492, -87219.14437045388, -83251.9555988259, -0.76, -0.296, 0.5720000000000001, 192.0, 0.0, 0.0, 0.0, 0.0, 0.0, 0.0, 0.0, 0.0, 0.0, 1.769680286017892E9, 0.0, 2026-01-29 15:21:26.017
224.0, 69851.23543158, -102794.37634877878, 69981.25552907653, -159064.75890454758, -128804.6990400194, -86124.55709273304, -87216.26099541914, -83249.63101740254, -0.76, -0.296, 0.5720000000000001, 192.0, 0.0, 0.0, 0.0, 0.0, 0.0, 0.0, 0.0, 0.0, 0.0, 1.769680286075943E9, 0.0, 2026-01-29 15:21:26.075
225.0, 69809.41531770413, -100838.57635719495, 69938.96602856708, -157958.4816644766, -128800.80983648419, -86121.36079327593, -87213.77995178461, -83248.2005057574, -0.76, -0.296, 0.5720000000000001, 192.0, 0.0, 0.0, 0.0, 0.0, 0.0, 0.0, 0.0, 0.0, 0.0, 1.769680286076134E9, 0.0, 2026-01-29 15:21:26.076
226.0, 69934.33921746483, -112237.40723579018, 69451.92151688594, -170648.7292824661, -128809.68347903294, -86128.89333115738, -87216.99860298618, -83253.34140698212, -0.76, -0.296, 0.5720000000000001, 192.0, 0.0, 0.0, 0.0, 0.0, 0.0, 0.0, 0.0, 0.0, 0.0, 1.769680286076286E9, 0.0, 2026-01-29 15:21:26.076
227.0, 70044.75683507405, -120820.54416186144, 65999.29225436357, -179256.050796038, -128818.08773494813, -86137.34229056147, -87221.46895187724, -83259.66695066297, -0.76, -0.296, 0.5720000000000001, 192.0, 0.0, 0.0, 0.0, 0.0, 0.0, 0.0, 0.0, 0.0, 0.0, 1.769680286076506E9, 0.0, 2026-01-29 15:21:26.076
228.0, 69993.79485771596, -115651.59149784941, 69169.79779837106, -172915.48674291215, -128814.5561593242, -86136.55997950555, -87221.75952455515, -83261.07511056366, -0.76, -0.296, 0.5720000000000001, 192.0, 0.0, 0.0, 0.0, 0.0, 0.0, 0.0, 0.0, 0.0, 0.0, 1.769680286076685E9, 0.0, 2026-01-29 15:21:26.076
229.0, 69834.98571336099, -102706.35517911377, 69964.89405213523, -158988.94178735517, -128803.76026675229, -86129.2733108131, -87218.49616986468, -83258.52701169575, -0.76, -0.296, 0.5720000000000001, 192.0, 0.0, 0.0, 0.0, 0.0, 0.0, 0.0, 0.0, 0.0, 0.0, 1.769680286076836E9, 0.0, 2026-01-29 15:21:26.076
230.0, 69798.48531466548, -100891.30412236502, 69927.99132203952, -158033.47176712417, -128804.07319117466, -86130.18973233578, -87219.90432976537, -83261.03040707474, -0.762, -0.296, 0.5680000000000001, 192.0, 232.0, 48.0, 246.0, 192.0, 17.0, 192.0, 0.0, 0.0, 0.0, 1.769680286077001E9, 0.0, 2026-01-29 15:21:26.077
231.0, 69924.37033943777, -112332.17863228067, 69409.85553382106, -170748.6415801813, -128812.96918546787, -86137.8340289395, -87223.25709143367, -83266.21601178838, -0.762, -0.296, 0.5680000000000001, 192.0, 0.0, 0.0, 0.0, 0.0, 0.0, 0.0, 0.0, 0.0, 0.0, 1.769680286077165E9, 0.0, 2026-01-29 15:21:26.077
232.0, 70032.06104422343, -120831.7200340891, 65874.59187204741, -179264.2538862531, -128819.38413612654, -86144.22662785371, -87225.7381350682, -83270.52989846824, -0.762, -0.296, 0.5680000000000001, 192.0, 0.0, 0.0, 0.0, 0.0, 0.0, 0.0, 0.0, 0.0, 0.0, 1.769680286077314E9, 0.0, 2026-01-29 15:21:26.077
233.0, 69980.0708866204, -115560.84341536087, 69150.08355976148, -172813.3392707514, -128815.69609829142, -86143.39961330887, -87225.89459727939, -83271.69218917993, -0.762, -0.296, 0.5680000000000001, 192.0, 0.0, 0.0, 0.0, 0.0, 0.0, 0.0, 0.0, 0.0, 0.0, 1.76968028607748E9, 0.0, 2026-01-29 15:21:26.077
234.0, 69823.87689636671, -102629.28636423187, 69953.89699386324, -158918.44438534314, -128807.31419412067, -86138.57163650652, -87225.089934479, -83271.46867173538, -0.762, -0.296, 0.5680000000000001, 192.0, 0.0, 0.0, 0.0, 0.0, 0.0, 0.0, 0.0, 0.0, 0.0, 1.769680286077649E9, 0.0, 2026-01-29 15:21:26.077
235.0, 69787.08592499327, -100935.6276316199, 69916.79309806741, -158099.7223376897, -128805.66016503099, -86137.56580800604, -87224.59819610098, -83272.07216883567, -0.762, -0.296, 0.5680000000000001, 192.0, 0.0, 0.0, 0.0, 0.0, 0.0, 0.0, 0.0, 0.0, 0.0, 1.769680286077827E9, 0.0, 2026-01-29 15:21:26.077
236.0, 69912.76978406546, -112422.94906651367, 69377.35609738303, -170863.21662225924, -128813.66208954598, -86144.1819243648, -87226.87807403543, -83276.38605551554, -0.762, -0.296, 0.5680000000000001, 192.0, 0.0, 0.0, 0.0, 0.0, 0.0, 0.0, 0.0, 0.0, 0.0, 1.769680286077978E9, 0.0, 2026-01-29 15:21:26.077
237.0, 70021.42161386271, -120844.63934238427, 65856.75517997208, -179285.4209882523, -128821.75342103881, -86152.31795934653, -87231.08020199301, -83282.5551369852, -0.762, -0.296, 0.5680000000000001, 192.0, 0.0, 0.0, 0.0, 0.0, 0.0, 0.0, 0.0, 0.0, 0.0, 1.769680286078141E9, 0.0, 2026-01-29 15:21:26.078
238.0, 69968.15740682572, -115473.67161198516, 69162.39937095635, -172725.34045283086, -128817.93127273695, -86151.13331689041, -87231.05785024856, -83283.65037246351, -0.762, -0.296, 0.5680000000000001, 192.0, 0.0, 0.0, 0.0, 0.0, 0.0, 0.0, 0.0, 0.0, 0.0, 1.769680286078318E9, 0.0, 2026-01-29 15:21:26.078
239.0, 69810.01881480441, -102544.14856960162, 69940.06126404539, -158837.70988437056, -128807.78358075424, -86144.42779355381, -87228.4873996362, -83281.61636371809, -0.762, -0.296, 0.5680000000000001, 192.0, 0.0, 0.0, 0.0, 0.0, 0.0, 0.0, 0.0, 0.0, 0.0, 1.769680286136149E9, 0.0, 2026-01-29 15:21:26.136
240.0, 69775.4183143876, -100985.76259443315, 69905.05843222838, -158162.41898088684, -128806.7554005093, -86143.95840692025, -87228.4873996362, -83282.68924745194, -0.762, -0.3, 0.5700000000000001, 192.0, 232.0, 48.0, 246.0, 160.0, 17.0, 208.0, 0.0, 0.0, 0.0, 1.769680286136335E9, 0.0, 2026-01-29 15:21:26.136
241.0, 69903.13618220523, -112530.77388176607, 69328.71870144829, -170981.0550190276, -128815.87491224706, -86151.75916573514, -87231.90721653786, -83288.0089626323, -0.762, -0.3, 0.5700000000000001, 192.0, 0.0, 0.0, 0.0, 0.0, 0.0, 0.0, 0.0, 0.0, 0.0, 1.769680286136514E9, 0.0, 2026-01-29 15:21:26.136
242.0, 70008.56936080092, -120854.78703436698, 65758.38515262427, -179294.00405812313, -128821.3063861497, -86157.30239836007, -87233.51654213865, -83291.5628900007, -0.762, -0.3, 0.5700000000000001, 192.0, 0.0, 0.0, 0.0, 0.0, 0.0, 0.0, 0.0, 0.0, 0.0, 1.769680286136725E9, 0.0, 2026-01-29 15:21:26.136
243.0, 69950.2089560281, -115377.737924783, 69154.03981853007, -172628.08801270582, -128813.61738605707, -86152.31795934653, -87229.7390973257, -83288.8583289216, -0.762, -0.3, 0.5700000000000001, 192.0, 0.0, 0.0, 0.0, 0.0, 0.0, 0.0, 0.0, 0.0, 0.0, 1.76968028613692E9, 0.0, 2026-01-29 15:21:26.136
244.0, 69793.79144832987, -102458.27316740432, 69923.67743535966, -158759.21055784353, -128804.92255746396, -86147.02059591062, -87228.62151010294, -83288.34423879912, -0.762, -0.3, 0.5700000000000001, 192.0, 0.0, 0.0, 0.0, 0.0, 0.0, 0.0, 0.0, 0.0, 0.0, 1.769680286137073E9, 0.0, 2026-01-29 15:21:26.137
245.0, 69762.29784039233, -101044.9500137508, 69891.8485512553, -158250.32839182953, -128805.90603422, -86148.36170057794, -87230.49905663719, -83291.3617243006, -0.762, -0.3, 0.5700000000000001, 192.0, 0.0, 0.0, 0.0, 0.0, 0.0, 0.0, 0.0, 0.0, 0.0, 1.769680286137239E9, 0.0, 2026-01-29 15:21:26.137
246.0, 69889.97100472105, -112633.1895748603, 69259.65181108139, -171096.4794273948, -128814.84673200212, -86155.7824797371, -87233.58359737201, -83296.48027378086, -0.762, -0.3, 0.5700000000000001, 192.0, 0.0, 0.0, 0.0, 0.0, 0.0, 0.0, 0.0, 0.0, 0.0, 1.769680286137392E9, 0.0, 2026-01-29 15:21:26.137
247.0, 69993.99602341605, -120868.86863337382, 65574.18442656808, -179309.47146528622, -128820.00998497129, -86160.87867747292, -87235.01410901715, -83299.74362847133, -0.762, -0.3, 0.5700000000000001, 192.0, 0.0, 0.0, 0.0, 0.0, 0.0, 0.0, 0.0, 0.0, 0.0, 1.769680286137553E9, 0.0, 2026-01-29 15:21:26.137
248.0, 69940.3071332344, -115283.90530155961, 69137.18660321076, -172532.95898830402, -128818.22184541487, -86161.95156120678, -87237.31633869605, -83303.18579711745, -0.762, -0.3, 0.5700000000000001, 192.0, 0.0, 0.0, 0.0, 0.0, 0.0, 0.0, 0.0, 0.0, 0.0, 1.769680286137698E9, 0.0, 2026-01-29 15:21:26.137
249.0, 69784.4260674031, -102378.49979144333, 69914.42381315515, -158694.01051926738, -128810.21992089986, -86157.19063963779, -87236.80224857357, -83303.20814886192, -0.762, -0.3, 0.5700000000000001, 192.0, 0.0, 0.0, 0.0, 0.0, 0.0, 0.0, 0.0, 0.0, 0.0, 1.76968028613788E9, 0.0, 2026-01-29 15:21:26.137
250.0, 69753.29008737685, -101099.77884289967, 69882.95255696209, -158327.2183927558, -128809.7505342663, -86157.16828789334, -87237.20457997377, -83304.8621779516, -0.762, -0.298, 0.5700000000000001, 192.0, 232.0, 48.0, 246.0, 176.0, 17.0, 208.0, 0.0, 0.0, 0.0, 1.769680286138071E9, 0.0, 2026-01-29 15:21:26.138
251.0, 69880.00212669399, -112748.2116518273, 69198.27392080711, -171228.24296095886, -128816.70192679191, -86162.62211354043, -87238.3892224299, -83307.92436694198, -0.762, -0.298, 0.5700000000000001, 192.0, 0.0, 0.0, 0.0, 0.0, 0.0, 0.0, 0.0, 0.0, 0.0, 1.769680286138265E9, 0.0, 2026-01-29 15:21:26.138
252.0, 69983.37894479978, -120889.58870048389, 65397.94092153799, -179328.20222713976, -128822.22280767237, -86168.23240139871, -87240.2444172197, -83311.67946001048, -0.762, -0.298, 0.5700000000000001, 192.0, 0.0, 0.0, 0.0, 0.0, 0.0, 0.0, 0.0, 0.0, 0.0, 1.769680286138443E9, 0.0, 2026-01-29 15:21:26.138
253.0, 69927.27606621696, -115187.36811725714, 69111.14682092033, -172429.13513530913, -128819.38413612654, -86168.25475314316, -87241.4961149092, -83314.07109666719, -0.762, -0.298, 0.5700000000000001, 192.0, 0.0, 0.0, 0.0, 0.0, 0.0, 0.0, 0.0, 0.0, 0.0, 1.769680286138633E9, 0.0, 2026-01-29 15:21:26.138
254.0, 69772.55729109733, -102289.20457234437, 69902.46562987157, -158623.87074516664, -128812.79037151222, -86164.9913984527, -87242.36783294295, -83315.6133670346, -0.762, -0.298, 0.5700000000000001, 192.0, 0.0, 0.0, 0.0, 0.0, 0.0, 0.0, 0.0, 0.0, 0.0, 1.769680286196532E9, 0.0, 2026-01-29 15:21:26.196
255.0, 69741.98010468246, -101149.95850920184, 69871.57551903433, -158407.52821058373, -128811.404563356, -86163.9855699522, -87241.65257712037, -83316.10510541261, -0.762, -0.298, 0.5700000000000001, 192.0, 0.0, 0.0, 0.0, 0.0, 0.0, 0.0, 0.0, 0.0, 0.0, 1.769680286196813E9, 0.0, 2026-01-29 15:21:26.196
0.0, 69871.68727775662, -112856.8411298801, 69153.25750747413, -171362.97927653545, -128820.74759253832, -86171.76397702265, -87245.13944925541, -83321.58128280417, -0.762, -0.298, 0.5700000000000001, 192.0, 0.0, 0.0, 0.0, 0.0, 0.0, 0.0, 0.0, 0.0, 0.0, 1.769680286196965E9, 0.0, 2026-01-29 15:21:26.196
1.0, 69975.01939237349, -120907.22422685912, 65307.17048730499, -179347.64824481588, -128826.82726703017, -86177.97776198122, -87247.73225161222, -83326.00692820632, -0.762, -0.298, 0.5700000000000001, 192.0, 0.0, 0.0, 0.0, 0.0, 0.0, 0.0, 0.0, 0.0, 0.0, 1.769680286197168E9, 0.0, 2026-01-29 15:21:26.197
2.0, 69916.63663585624, -115102.78911623826, 69106.65412028482, -172340.91279994402, -128822.82630477267, -86176.77076778065, -87247.88871382341, -83327.28097764027, -0.762, -0.298, 0.5700000000000001, 192.0, 0.0, 0.0, 0.0, 0.0, 0.0, 0.0, 0.0, 0.0, 0.0, 1.769680286197357E9, 0.0, 2026-01-29 15:21:26.197
3.0, 69759.41446535761, -102206.07843471509, 69889.27810064294, -158543.76209303882, -128813.79620001272, -86170.98166596671, -87246.27938822263, -83326.23044565087, -0.762, -0.298, 0.5700000000000001, 192.0, 0.0, 0.0, 0.0, 0.0, 0.0, 0.0, 0.0, 0.0, 0.0, 1.769680286197529E9, 0.0, 2026-01-29 15:21:26.197
4.0, 69731.36302606619, -101188.44821315387, 69860.84668169578, -158473.48820847133, -128813.7067930349, -86171.38399736691, -87246.83818183401, -83328.10799218512, -0.762, -0.298, 0.5700000000000001, 192.0, 0.0, 0.0, 0.0, 0.0, 0.0, 0.0, 0.0, 0.0, 0.0, 1.769680286197705E9, 0.0, 2026-01-29 15:21:26.197
5.0, 69862.03132415192, -112955.92641305047, 69066.68920119872, -171470.64762957665, -128823.40745012849, -86179.65414281537, -87250.63797839142, -83333.98650097687, -0.77, -0.296, 0.5660000000000001, 192.0, 231.0, 240.0, 246.0, 192.0, 17.0, 176.0, 0.0, 0.0, 0.0, 1.769680286197884E9, 0.0, 2026-01-29 15:21:26.197
6.0, 69964.5140724795, -120943.83638427692, 65048.94078361282, -179373.35275093946, -128829.3083106647, -86185.89027951841, -87252.96255981477, -83338.23333242338, -0.77, -0.296, 0.5660000000000001, 192.0, 0.0, 0.0, 0.0, 0.0, 0.0, 0.0, 0.0, 0.0, 0.0, 1.76968028619806E9, 0.0, 2026-01-29 15:21:26.198
7.0, 69905.50546711749, -115045.90392659951, 69073.37237279087, -172271.93531655494, -128826.04495597423, -86185.51029986267, -87253.85662959298, -83340.40145163554, -0.77, -0.296, 0.5660000000000001, 192.0, 0.0, 0.0, 0.0, 0.0, 0.0, 0.0, 0.0, 0.0, 0.0, 1.769680286198205E9, 0.0, 2026-01-29 15:21:26.198
8.0, 69744.72936925046, -102143.38179151795, 69874.6377080247, -158501.38318555156, -128813.7067930349, -86176.3907881249, -87248.8945423239, -83335.84169576666, -0.77, -0.296, 0.5660000000000001, 192.0, 0.0, 0.0, 0.0, 0.0, 0.0, 0.0, 0.0, 0.0, 0.0, 1.769680286198371E9, 0.0, 2026-01-29 15:21:26.198
9.0, 69715.89561890312, -101241.13127483503, 69845.49103325499, -158563.54338688176, -128811.51632207827, -86174.60264856847, -87247.39697544539, -83335.43936436647, -0.77, -0.296, 0.5660000000000001, 192.0, 0.0, 0.0, 0.0, 0.0, 0.0, 0.0, 0.0, 0.0, 0.0, 1.769680286198547E9, 0.0, 2026-01-29 15:21:26.198
10.0, 69846.87684141121, -113052.88828049759, 68975.09175242088, -171580.28293612992, -128820.74759253832, -86182.58222133902, -87250.88384758042, -83340.96024524693, -0.77, -0.296, 0.5660000000000001, 192.0, 0.0, 0.0, 0.0, 0.0, 0.0, 0.0, 0.0, 0.0, 0.0, 1.769680286198716E9, 0.0, 2026-01-29 15:21:26.198
11.0, 69949.06901706089, -120962.81301531948, 64795.71787067865, -179370.44702416027, -128827.654281575, -86189.75713130918, -87254.23660924872, -83346.21290519393, -0.77, -0.296, 0.5660000000000001, 192.0, 0.0, 0.0, 0.0, 0.0, 0.0, 0.0, 0.0, 0.0, 0.0, 1.769680286198865E9, 0.0, 2026-01-29 15:21:26.198
12.0, 69887.78053376442, -114956.16167261144, 69033.47450893815, -172153.18049826392, -128823.13922919503, -86188.14780570839, -87253.9460365708, -83347.10697497214, -0.77, -0.296, 0.5660000000000001, 192.0, 0.0, 0.0, 0.0, 0.0, 0.0, 0.0, 0.0, 0.0, 0.0, 1.76968028619903E9, 0.0, 2026-01-29 15:21:26.199
13.0, 69729.61958999868, -102051.51612180665, 69859.46087353956, -158421.27453342374, -128813.88560699055, -86182.04577947209, -87252.11319352547, -83345.87762902709, -0.77, -0.296, 0.5660000000000001, 192.0, 0.0, 0.0, 0.0, 0.0, 0.0, 0.0, 0.0, 0.0, 0.0, 1.769680286256709E9, 0.0, 2026-01-29 15:21:26.256
14.0, 69704.98796760893, -101278.2575223753, 69834.47162323853, -158631.76091095936, -128814.7573250243, -86183.20807018377, -87253.58840865952, -83348.38102440609, -0.77, -0.296, 0.5660000000000001, 192.0, 0.0, 0.0, 0.0, 0.0, 0.0, 0.0, 0.0, 0.0, 0.0, 1.769680286256902E9, 0.0, 2026-01-29 15:21:26.256
15.0, 69835.20923080554, -113152.86763344618, 68907.92476033268, -171712.73937377208, -128823.00511872831, -86189.82418654254, -87255.8459348495, -83352.49374538586, -0.768, -0.294, 0.562, 192.0, 232.0, 0.0, 246.0, 208.0, 17.0, 144.0, 0.0, 0.0, 0.0, 1.769680286257064E9, 0.0, 2026-01-29 15:21:26.257
16.0, 69934.45097618712, -120967.73039909964, 64622.82712731685, -179400.3983617304, -128827.27430191927, -86194.36159066697, -87256.74000462772, -83355.28771344277, -0.768, -0.294, 0.562, 192.0, 0.0, 0.0, 0.0, 0.0, 0.0, 0.0, 0.0, 0.0, 0.0, 1.769680286257292E9, 0.0, 2026-01-29 15:21:26.257
17.0, 69870.77085623394, -114847.42043583638, 69007.07709873642, -172083.8230352191, -128821.86517976108, -86191.9923057547, -87255.62241740494, -83355.33241693169, -0.768, -0.294, 0.562, 192.0, 0.0, 0.0, 0.0, 0.0, 0.0, 0.0, 0.0, 0.0, 0.0, 1.76968028625749E9, 0.0, 2026-01-29 15:21:26.257
18.0, 69711.53702873434, -101950.35212640192, 69841.44536750858, -158367.13860835298, -128811.404563356, -86184.77269229564, -87252.4931731812, -83352.69491108596, -0.768, -0.294, 0.562, 192.0, 0.0, 0.0, 0.0, 0.0, 0.0, 0.0, 0.0, 0.0, 0.0, 1.769680286257643E9, 0.0, 2026-01-29 15:21:26.257
19.0, 69689.18528427902, -101312.165118714, 69818.60188467526, -158709.0532432858, -128812.81272325668, -86186.73964580771, -87254.63894064892, -83355.91356228752, -0.768, -0.294, 0.562, 192.0, 0.0, 0.0, 0.0, 0.0, 0.0, 0.0, 0.0, 0.0, 0.0, 1.769680286257818E9, 0.0, 2026-01-29 15:21:26.257
20.0, 69822.5804951883, -113238.78773913239, 68832.24175360701, -171824.11811639287, -128823.34039489513, -86195.88150928993, -87259.1986965178, -83362.5296786463, -0.768, -0.294, 0.562, 192.0, 0.0, 0.0, 0.0, 0.0, 0.0, 0.0, 0.0, 0.0, 0.0, 1.769680286257978E9, 0.0, 2026-01-29 15:21:26.257
21.0, 69921.7104818476, -120959.97434377365, 64518.51153594394, -179407.5509199561, -128828.77186879778, -86201.6482593594, -87261.32211224105, -83366.46358567043, -0.768, -0.294, 0.562, 192.0, 0.0, 0.0, 0.0, 0.0, 0.0, 0.0, 0.0, 0.0, 0.0, 1.769680286258138E9, 0.0, 2026-01-29 15:21:26.258
22.0, 69857.1362921162, -114731.66075130233, 69016.4424796632, -171979.14981593488, -128823.54156059523, -86199.27897444714, -87260.45039420729, -83366.73180660389, -0.768, -0.294, 0.562, 192.0, 0.0, 0.0, 0.0, 0.0, 0.0, 0.0, 0.0, 0.0, 0.0, 1.769680286258295E9, 0.0, 2026-01-29 15:21:26.258
23.0, 69697.38837449413, -101852.07150603193, 69827.16260280163, -158290.51682836018, -128811.96335696738, -86190.76295980967, -87256.20356276078, -83363.11082400213, -0.768, -0.294, 0.562, 192.0, 0.0, 0.0, 0.0, 0.0, 0.0, 0.0, 0.0, 0.0, 0.0, 1.769680286258472E9, 0.0, 2026-01-29 15:21:26.258
24.0, 69676.75771436188, -101355.41574423501, 69806.19666650255, -158787.15023841267, -128813.59503431262, -86192.595802855, -87258.21521976175, -83366.35182694816, -0.768, -0.294, 0.562, 192.0, 0.0, 0.0, 0.0, 0.0, 0.0, 0.0, 0.0, 0.0, 0.0, 1.769680286258627E9, 0.0, 2026-01-29 15:21:26.258
25.0, 69809.7282421265, -113339.41529267018, 68777.05529654685, -171940.52600151612, -128822.49102860583, -86200.01658201416, -87261.1432982854, -83371.26921072832, -0.758, -0.294, 0.5660000000000001, 192.0, 232.0, 80.0, 246.0, 208.0, 17.0, 176.0, 0.0, 0.0, 0.0, 1.769680286258793E9, 0.0, 2026-01-29 15:21:26.258
26.0, 69908.63471134123, -120972.37956194635, 64448.55057579882, -179416.91630088288, -128827.94485425293, -86205.6939251058, -87263.1996587753, -83375.29252473028, -0.758, -0.294, 0.5660000000000001, 192.0, 0.0, 0.0, 0.0, 0.0, 0.0, 0.0, 0.0, 0.0, 0.0, 1.769680286258962E9, 0.0, 2026-01-29 15:21:26.258
27.0, 69844.77577743243, -114629.02154076357, 69018.40943317526, -171866.89935528033, -128824.52503735127, -86205.15748323889, -87264.27254250915, -83377.3265334757, -0.758, -0.294, 0.5660000000000001, 192.0, 0.0, 0.0, 0.0, 0.0, 0.0, 0.0, 0.0, 0.0, 0.0, 1.769680286259128E9, 0.0, 2026-01-29 15:21:26.259
28.0, 69688.67119415656, -101769.79473469195, 69818.44542246406, -158221.78521416013, -128816.47840934736, -86200.26245120316, -87263.53493494213, -83377.21477475343, -0.758, -0.294, 0.5660000000000001, 192.0, 0.0, 0.0, 0.0, 0.0, 0.0, 0.0, 0.0, 0.0, 0.0, 1.769680286317127E9, 0.0, 2026-01-29 15:21:26.317
29.0, 69667.36998169064, -101411.31745711774, 69796.89834080916, -158862.36385850477, -128815.71845003587, -86199.77071282515, -87263.15495528639, -83378.04178929828, -0.758, -0.294, 0.5660000000000001, 192.0, 0.0, 0.0, 0.0, 0.0, 0.0, 0.0, 0.0, 0.0, 0.0, 1.769680286317333E9, 0.0, 2026-01-29 15:21:26.317
30.0, 69801.99453854497, -113455.75612256005, 68711.49763005944, -172075.9105176819, -128825.48616236284, -86208.10791350697, -87266.9994553327, -83383.76383587884, -0.758, -0.294, 0.5660000000000001, 192.0, 0.0, 0.0, 0.0, 0.0, 0.0, 0.0, 0.0, 0.0, 0.0, 1.769680286317518E9, 0.0, 2026-01-29 15:21:26.317
31.0, 69898.10703970278, -120990.14919878832, 64335.27193489933, -179427.44397252132, -128829.12949670905, -86212.04182053111, -87267.29002801061, -83385.97665857991, -0.758, -0.294, 0.5660000000000001, 192.0, 0.0, 0.0, 0.0, 0.0, 0.0, 0.0, 0.0, 0.0, 0.0, 1.769680286317744E9, 0.0, 2026-01-29 15:21:26.317
32.0, 69832.57172495982, -114536.17239429623, 69014.76609882904, -171769.06576979946, -128825.06147921819, -86210.92423330835, -87267.67000766635, -83387.40717022505, -0.758, -0.294, 0.5660000000000001, 192.0, 0.0, 0.0, 0.0, 0.0, 0.0, 0.0, 0.0, 0.0, 0.0, 1.769680286317952E9, 0.0, 2026-01-29 15:21:26.317
33.0, 69678.92583357405, -101700.7054925806, 69808.722413626, -158158.84270177397, -128819.04885995972, -86208.30907920707, -87269.07816756704, -83389.35177199266, -0.758, -0.294, 0.5660000000000001, 192.0, 0.0, 0.0, 0.0, 0.0, 0.0, 0.0, 0.0, 0.0, 0.0, 1.769680286318125E9, 0.0, 2026-01-29 15:21:26.318
34.0, 69660.50799614287, -101496.96934187047, 69789.90224479465, -158963.95253705414, -128819.22767391536, -86208.86787281846, -87269.56990594506, -83391.05050457126, -0.758, -0.294, 0.5660000000000001, 192.0, 0.0, 0.0, 0.0, 0.0, 0.0, 0.0, 0.0, 0.0, 0.0, 1.769680286318304E9, 0.0, 2026-01-29 15:21:26.318
35.0, 69793.45617216303, -113585.68681307875, 68619.20727720347, -172210.6915367474, -128826.49199086333, -86214.88049207693, -87270.88865886792, -83394.40326623956, -0.762, -0.29, 0.5680000000000001, 192.0, 232.0, 48.0, 246.0, 240.0, 17.0, 192.0, 0.0, 0.0, 0.0, 1.769680286318472E9, 0.0, 2026-01-29 15:21:26.318
36.0, 69892.27323439995, -121011.20454206521, 64166.918595661955, -179446.46530705277, -128833.77865955576, -86222.52478868065, -87274.88962112542, -83400.25942328686, -0.762, -0.29, 0.5680000000000001, 192.0, 0.0, 0.0, 0.0, 0.0, 0.0, 0.0, 0.0, 0.0, 0.0, 1.769680286318647E9, 0.0, 2026-01-29 15:21:26.318
37.0, 69822.89341961067, -114449.80525372092, 69012.21799996114, -171681.93866991266, -128827.38606064154, -86219.01556480117, -87272.98972284672, -83399.47711223092, -0.762, -0.29, 0.5680000000000001, 192.0, 0.0, 0.0, 0.0, 0.0, 0.0, 0.0, 0.0, 0.0, 0.0, 1.769680286318808E9, 0.0, 2026-01-29 15:21:26.318
38.0, 69665.04540026729, -101631.54919523587, 69794.81962857481, -158108.2607040716, -128817.26072040328, -86211.90771006438, -87270.28516176762, -83397.19723429647, -0.762, -0.29, 0.5680000000000001, 192.0, 0.0, 0.0, 0.0, 0.0, 0.0, 0.0, 0.0, 0.0, 0.0, 1.76968028631899E9, 0.0, 2026-01-29 15:21:26.318
39.0, 69646.5381558583, -101554.94976698754, 69775.99945974344, -159061.40614287928, -128816.23254015835, -86211.05834377508, -87269.41344373387, -83397.55486220776, -0.762, -0.29, 0.5680000000000001, 192.0, 0.0, 0.0, 0.0, 0.0, 0.0, 0.0, 0.0, 0.0, 0.0, 1.769680286319166E9, 0.0, 2026-01-29 15:21:26.319
40.0, 69783.6214046027, -113672.79156122108, 68534.82944188469, -172327.21118059292, -128827.22959843035, -86220.75900086868, -87274.44258623631, -83404.61801345563, -0.762, -0.29, 0.5680000000000001, 192.0, 0.0, 0.0, 0.0, 0.0, 0.0, 0.0, 0.0, 0.0, 0.0, 1.769680286319336E9, 0.0, 2026-01-29 15:21:26.319
41.0, 69880.40445809418, -121008.45527749721, 63969.217415954765, -179462.62561829397, -128833.5104386223, -86227.41982071637, -87277.5494787156, -83409.60245246917, -0.762, -0.29, 0.5680000000000001, 192.0, 0.0, 0.0, 0.0, 0.0, 0.0, 0.0, 0.0, 0.0, 0.0, 1.769680286319505E9, 0.0, 2026-01-29 15:21:26.319
42.0, 69812.00812006094, -114349.0435897164, 68992.59316832939, -171591.03412521293, -128828.99538624233, -86225.81049511558, -87277.48242348223, -83410.65298445857, -0.762, -0.29, 0.5680000000000001, 192.0, 0.0, 0.0, 0.0, 0.0, 0.0, 0.0, 0.0, 0.0, 0.0, 1.769680286319678E9, 0.0, 2026-01-29 15:21:26.319
43.0, 69654.20480420647, -101561.87880776869, 69784.0237360029, -158057.54459590252, -128818.51241809278, -86218.65793688988, -87274.37553100295, -83408.14958907958, -0.762, -0.29, 0.5680000000000001, 192.0, 0.0, 0.0, 0.0, 0.0, 0.0, 0.0, 0.0, 0.0, 0.0, 1.76968028637755E9, 0.0, 2026-01-29 15:21:26.377
44.0, 69635.87637375313, -101593.46182268404, 69765.40473287163, -159125.37683551037, -128816.36665062507, -86216.75803861118, -87272.40857749087, -83407.25551930137, -0.762, -0.29, 0.5680000000000001, 192.0, 0.0, 0.0, 0.0, 0.0, 0.0, 0.0, 0.0, 0.0, 0.0, 1.76968028637767E9, 0.0, 2026-01-29 15:21:26.377
45.0, 69772.62434633069, -113750.97796332574, 68488.22605469538, -172432.13026906614, -128826.67080481898, -86225.63168115994, -87276.6554089374, -83413.4916560044, -0.762, -0.29, 0.5640000000000001, 192.0, 232.0, 48.0, 246.0, 240.0, 17.0, 160.0, 0.0, 0.0, 0.0, 1.76968028637776E9, 0.0, 2026-01-29 15:21:26.377
46.0, 69870.07795215583, -120995.49126571314, 63946.284526143616, -179469.62171430848, -128834.38215665605, -86233.79006788613, -87281.25986829518, -83419.97366189644, -0.762, -0.29, 0.5640000000000001, 192.0, 0.0, 0.0, 0.0, 0.0, 0.0, 0.0, 0.0, 0.0, 0.0, 1.769680286377906E9, 0.0, 2026-01-29 15:21:26.377
47.0, 69801.18987574457, -114250.3159344573, 69001.80208704497, -171507.59506316128, -128830.44824963193, -86232.96305334129, -87282.06453109557, -83421.6947462195, -0.762, -0.29, 0.5640000000000001, 192.0, 0.0, 0.0, 0.0, 0.0, 0.0, 0.0, 0.0, 0.0, 0.0, 1.769680286378008E9, 0.0, 2026-01-29 15:21:26.378
48.0, 69646.15817620256, -101501.5067459949, 69776.0218114879, -158019.23370590614, -128822.78160128374, -86228.49270445023, -87281.79631016211, -83421.96296715295, -0.762, -0.29, 0.5640000000000001, 192.0, 0.0, 0.0, 0.0, 0.0, 0.0, 0.0, 0.0, 0.0, 0.0, 1.769680286378237E9, 0.0, 2026-01-29 15:21:26.378
49.0, 69630.7354725284, -101659.51122754946, 69760.17442466908, -159212.4368801638, -128821.90988324999, -86227.91155909438, -87281.08105433953, -83422.43235378651, -0.762, -0.29, 0.5640000000000001, 192.0, 0.0, 0.0, 0.0, 0.0, 0.0, 0.0, 0.0, 0.0, 0.0, 1.769680286378348E9, 0.0, 2026-01-29 15:21:26.378
50.0, 69764.84593926024, -113845.63760109397, 68444.14841462951, -172540.80445060783, -128829.15184845352, -86233.63360567494, -87282.15393807339, -83425.56159801026, -0.762, -0.29, 0.5640000000000001, 192.0, 0.0, 0.0, 0.0, 0.0, 0.0, 0.0, 0.0, 0.0, 0.0, 1.769680286378449E9, 0.0, 2026-01-29 15:21:26.378
51.0, 69860.80197820687, -120988.80809412099, 63981.39911668291, -179462.42445259387, -128836.59497935713, -86241.34495751202, -87286.37841777544, -83431.68597599101, -0.762, -0.29, 0.5640000000000001, 192.0, 0.0, 0.0, 0.0, 0.0, 0.0, 0.0, 0.0, 0.0, 0.0, 1.769680286378537E9, 0.0, 2026-01-29 15:21:26.378
52.0, 69791.28805295087, -114143.69811340548, 69032.8933635823, -171409.49325674694, -128833.01870024428, -86240.94262611182, -87287.58541197603, -83433.85409520318, -0.762, -0.29, 0.5640000000000001, 192.0, 0.0, 0.0, 0.0, 0.0, 0.0, 0.0, 0.0, 0.0, 0.0, 1.769680286378624E9, 0.0, 2026-01-29 15:21:26.378
53.0, 69634.60232431917, -101418.55942232125, 69764.33184913777, -157955.21830978614, -128823.22863617286, -86234.48297196424, -87285.14907183041, -83432.06595564676, -0.762, -0.29, 0.5640000000000001, 192.0, 0.0, 0.0, 0.0, 0.0, 0.0, 0.0, 0.0, 0.0, 0.0, 1.769680286378726E9, 0.0, 2026-01-29 15:21:26.378
54.0, 69618.06203342225, -101706.49459439452, 69747.52333730739, -159296.9488259493, -128819.98763322683, -86231.3984312294, -87281.90806888438, -83430.07665039023, -0.762, -0.29, 0.5640000000000001, 192.0, 0.0, 0.0, 0.0, 0.0, 0.0, 0.0, 0.0, 0.0, 0.0, 1.769680286378824E9, 0.0, 2026-01-29 15:21:26.378
55.0, 69757.17929091207, -113922.50525027578, 68385.40803020097, -172644.69535883612, -128831.49878162133, -86241.54612321212, -87287.36189453148, -83437.54213303831, -0.766, -0.29, 0.5680000000000001, 192.0, 232.0, 16.0, 246.0, 240.0, 17.0, 192.0, 0.0, 0.0, 0.0, 1.769680286378923E9, 0.0, 2026-01-29 15:21:26.378
56.0, 69850.90015541317, -120977.27459398206, 63908.957112903256, -179466.0007317067, -128837.28788343525, -86247.69285293733, -87290.08880735503, -83442.16894414055, -0.766, -0.29, 0.5680000000000001, 192.0, 0.0, 0.0, 0.0, 0.0, 0.0, 0.0, 0.0, 0.0, 0.0, 1.769680286379018E9, 0.0, 2026-01-29 15:21:26.379
57.0, 69778.21228244451, -114032.49818474034, 69034.793261861, -171297.9357001705, -128831.74465081033, -86245.18945755833, -87289.30649629909, -83442.50422030738, -0.766, -0.29, 0.5680000000000001, 192.0, 0.0, 0.0, 0.0, 0.0, 0.0, 0.0, 0.0, 0.0, 0.0, 1.769680286379115E9, 0.0, 2026-01-29 15:21:26.379
58.0, 69621.43714683499, -101338.47312193789, 69751.05491293131, -157892.8569427558, -128821.75342103881, -86238.28276852165, -87286.62428696446, -83440.44785981749, -0.766, -0.29, 0.5680000000000001, 192.0, 0.0, 0.0, 0.0, 0.0, 0.0, 0.0, 0.0, 0.0, 0.0, 1.769680286437822E9, 0.0, 2026-01-29 15:21:26.437
59.0, 69609.81423971824, -101756.1154670853, 69739.18613662555, -159372.1177425525, -128821.99929022782, -86238.7521551552, -87286.8031009201, -83441.90072320709, -0.766, -0.29, 0.5680000000000001, 192.0, 0.0, 0.0, 0.0, 0.0, 0.0, 0.0, 0.0, 0.0, 0.0, 1.769680286437949E9, 0.0, 2026-01-29 15:21:26.437
60.0, 69747.0092471849, -114027.33493177115, 68286.50156098623, -172760.41033988123, -128831.0070432433, -86246.46350699228, -87289.70882769929, -83446.8404587317, -0.766, -0.29, 0.5680000000000001, 192.0, 0.0, 0.0, 0.0, 0.0, 0.0, 0.0, 0.0, 0.0, 0.0, 1.769680286438048E9, 0.0, 2026-01-29 15:21:26.438
61.0, 69838.9866756185, -121001.2133122937, 63683.40565960475, -179474.87437425548, -128836.21499970139, -86252.05144310612, -87291.80989167809, -83450.77436575585, -0.766, -0.29, 0.5680000000000001, 192.0, 0.0, 0.0, 0.0, 0.0, 0.0, 0.0, 0.0, 0.0, 0.0, 1.769680286438181E9, 0.0, 2026-01-29 15:21:26.438
62.0, 69766.81289277232, -113950.60139305609, 69008.41820340374, -171196.61524255457, -128832.34814791063, -86251.09031809453, -87292.63690622294, -83452.67426403455, -0.766, -0.29, 0.5680000000000001, 192.0, 0.0, 0.0, 0.0, 0.0, 0.0, 0.0, 0.0, 0.0, 0.0, 1.769680286438284E9, 0.0, 2026-01-29 15:21:26.438
63.0, 69611.42356531901, -101274.16715313998, 69740.99662792643, -157839.5480322299, -128823.58626408414, -86245.50238198071, -87291.09463585552, -83451.78019425634, -0.766, -0.29, 0.5680000000000001, 192.0, 0.0, 0.0, 0.0, 0.0, 0.0, 0.0, 0.0, 0.0, 0.0, 1.769680286438382E9, 0.0, 2026-01-29 15:21:26.438
64.0, 69602.16994311452, -101823.86360452934, 69731.36302606619, -159461.390609907, -128824.52503735127, -86246.46350699228, -87291.8992986559, -83453.85890649068, -0.766, -0.29, 0.5680000000000001, 192.0, 0.0, 0.0, 0.0, 0.0, 0.0, 0.0, 0.0, 0.0, 0.0, 1.769680286438491E9, 0.0, 2026-01-29 15:21:26.438
65.0, 69741.93540119355, -114132.45518594446, 68216.83117351904, -172885.73657104213, -128835.47739213436, -86256.05240536362, -87296.83903418054, -83460.94440948301, -0.766, -0.29, 0.5640000000000001, 192.0, 232.0, 16.0, 246.0, 240.0, 17.0, 160.0, 0.0, 0.0, 0.0, 1.76968028643858E9, 0.0, 2026-01-29 15:21:26.438
66.0, 69834.1810505606, -121003.42613499476, 63656.11417962482, -179472.8627172545, -128841.44530790394, -86262.64616997793, -87300.08003712655, -83465.92884849655, -0.766, -0.29, 0.5640000000000001, 192.0, 0.0, 0.0, 0.0, 0.0, 0.0, 0.0, 0.0, 0.0, 0.0, 1.769680286438676E9, 0.0, 2026-01-29 15:21:26.438
67.0, 69758.14041592366, -113854.1759674759, 69031.03816879251, -171100.1451134855, -128835.14211596754, -86259.44987052082, -87298.56011850359, -83465.41475837407, -0.766, -0.29, 0.5640000000000001, 192.0, 0.0, 0.0, 0.0, 0.0, 0.0, 0.0, 0.0, 0.0, 0.0, 1.769680286438763E9, 0.0, 2026-01-29 15:21:26.438
68.0, 69603.15341987055, -101208.8330040971, 69732.72648247797, -157791.17885722863, -128826.62610133007, -86254.04074836263, -87297.21901383628, -83464.6547990626, -0.766, -0.29, 0.5640000000000001, 192.0, 0.0, 0.0, 0.0, 0.0, 0.0, 0.0, 0.0, 0.0, 0.0, 1.769680286438862E9, 0.0, 2026-01-29 15:21:26.438
69.0, 69594.3244808107, -101885.24149480362, 69723.62932248466, -159563.13575066754, -128826.93902575244, -86254.46543150728, -87297.42017953638, -83466.01825547437, -0.766, -0.29, 0.5640000000000001, 192.0, 0.0, 0.0, 0.0, 0.0, 0.0, 0.0, 0.0, 0.0, 0.0, 1.769680286438964E9, 0.0, 2026-01-29 15:21:26.438
70.0, 69735.09576739023, -114213.07792819476, 68119.89165781638, -172990.83447347098, -128838.87485729156, -86264.92604791238, -87303.14222611694, -83473.7519590559, -0.766, -0.29, 0.5640000000000001, 192.0, 0.0, 0.0, 0.0, 0.0, 0.0, 0.0, 0.0, 0.0, 0.0, 1.769680286439072E9, 0.0, 2026-01-29 15:21:26.439
71.0, 69823.98865508898, -121002.66617568329, 63471.1311425127, -179481.08815921406, -128842.92052303799, -86269.39639680344, -87304.0586476396, -83476.76944455737, -0.766, -0.29, 0.5640000000000001, 192.0, 0.0, 0.0, 0.0, 0.0, 0.0, 0.0, 0.0, 0.0, 0.0, 1.769680286439162E9, 0.0, 2026-01-29 15:21:26.439
72.0, 69748.2609448744, -113767.4064955004, 69018.32002619744, -171005.64193792845, -128837.91373228, -86267.31768456909, -87304.03629589514, -83477.70821782449, -0.766, -0.29, 0.5640000000000001, 192.0, 0.0, 0.0, 0.0, 0.0, 0.0, 0.0, 0.0, 0.0, 0.0, 1.769680286439273E9, 0.0, 2026-01-29 15:21:26.439
73.0, 69589.76472494182, -101153.64654703696, 69719.31543580478, -157729.26452508743, -128825.48616236284, -86257.99700713123, -87298.91774641488, -83473.05905497778, -0.766, -0.29, 0.5640000000000001, 192.0, 0.0, 0.0, 0.0, 0.0, 0.0, 0.0, 0.0, 0.0, 0.0, 1.769680286497309E9, 0.0, 2026-01-29 15:21:26.497
74.0, 69581.6286899601, -101952.25202468062, 69710.86647640068, -159624.5359926863, -128824.99442398483, -86257.61702747548, -87298.24719408121, -83473.61784858917, -0.766, -0.29, 0.5640000000000001, 192.0, 0.0, 0.0, 0.0, 0.0, 0.0, 0.0, 0.0, 0.0, 0.0, 1.769680286497454E9, 0.0, 2026-01-29 15:21:26.497
75.0, 69721.01416838338, -114310.77740320891, 68034.35153178591, -173077.9392216133, -128834.89624677853, -86266.1106903685, -87302.0022871497, -83479.451653892, -0.762, -0.28800000000000003, 0.5640000000000001, 192.0, 232.0, 48.0, 247.0, 0.0, 17.0, 160.0, 0.0, 0.0, 0.0, 1.76968028649754E9, 0.0, 2026-01-29 15:21:26.497
76.0, 69810.93523632709, -121002.86734138339, 63387.62502522767, -179466.67128404038, -128840.68534859245, -86272.4138823049, -87304.84095869554, -83484.23492720544, -0.762, -0.28800000000000003, 0.5640000000000001, 192.0, 0.0, 0.0, 0.0, 0.0, 0.0, 0.0, 0.0, 0.0, 0.0, 1.769680286497683E9, 0.0, 2026-01-29 15:21:26.497
77.0, 69733.955828423, -113676.05491591155, 69023.70679661116, -170895.51489299713, -128835.76796481229, -86270.67044623739, -87304.9080139289, -83485.26310745039, -0.762, -0.28800000000000003, 0.5640000000000001, 192.0, 0.0, 0.0, 0.0, 0.0, 0.0, 0.0, 0.0, 0.0, 0.0, 1.769680286497783E9, 0.0, 2026-01-29 15:21:26.497
78.0, 69579.66173644802, -101107.57960171458, 69709.2571507999, -157695.04400432637, -128827.43076413045, -86265.35073105703, -87303.81277845059, -83484.63725860564, -0.762, -0.28800000000000003, 0.5640000000000001, 192.0, 0.0, 0.0, 0.0, 0.0, 0.0, 0.0, 0.0, 0.0, 0.0, 1.769680286497882E9, 0.0, 2026-01-29 15:21:26.497
79.0, 69573.8726346341, -102022.61531622593, 69703.13277281914, -159722.39192991162, -128827.78839204174, -86265.77541420168, -87303.92453717286, -83486.02306676186, -0.762, -0.28800000000000003, 0.5640000000000001, 192.0, 0.0, 0.0, 0.0, 0.0, 0.0, 0.0, 0.0, 0.0, 0.0, 1.769680286497981E9, 0.0, 2026-01-29 15:21:26.497
80.0, 69713.72749969095, -114402.10663105329, 68007.97647332866, -173194.48121720328, -128837.89138053554, -86274.58200151706, -87307.90314768591, -83492.08038950925, -0.762, -0.28800000000000003, 0.5640000000000001, 192.0, 0.0, 0.0, 0.0, 0.0, 0.0, 0.0, 0.0, 0.0, 0.0, 1.769680286498068E9, 0.0, 2026-01-29 15:21:26.498
81.0, 69802.28511122288, -120988.85279760991, 63453.294450437366, -179465.48664158426, -128843.43461316045, -86280.70637949782, -87310.67476399837, -83496.7072006115, -0.762, -0.28800000000000003, 0.5640000000000001, 192.0, 0.0, 0.0, 0.0, 0.0, 0.0, 0.0, 0.0, 0.0, 0.0, 1.769680286498158E9, 0.0, 2026-01-29 15:21:26.498
82.0, 69724.6575027296, -113579.98711824264, 69044.13629104332, -170816.05444145852, -128838.78545031375, -86279.1194056415, -87310.98768842075, -83498.07065702327, -0.762, -0.28800000000000003, 0.5640000000000001, 192.0, 0.0, 0.0, 0.0, 0.0, 0.0, 0.0, 0.0, 0.0, 0.0, 1.769680286498256E9, 0.0, 2026-01-29 15:21:26.498
83.0, 69571.21277704391, -101060.19390346932, 69700.76348790688, -157661.27051845437, -128830.73882230984, -86274.3137805836, -87310.13832213145, -83497.84713957872, -0.762, -0.28800000000000003, 0.5640000000000001, 192.0, 0.0, 0.0, 0.0, 0.0, 0.0, 0.0, 0.0, 0.0, 0.0, 1.769680286498355E9, 0.0, 2026-01-29 15:21:26.498
84.0, 69565.80365488573, -102095.97374152824, 69694.99673783741, -159815.53164905688, -128830.42589788747, -86273.88909743895, -87309.3113075866, -83498.29417446782, -0.762, -0.28800000000000003, 0.5640000000000001, 192.0, 0.0, 0.0, 0.0, 0.0, 0.0, 0.0, 0.0, 0.0, 0.0, 1.769680286498466E9, 0.0, 2026-01-29 15:21:26.498
85.0, 69706.1055548317, -114479.77894303549, 67943.26817313053, -173290.68312533892, -128840.84181080364, -86282.96390568781, -87313.60284252201, -83504.57501465977, -0.762, -0.294, 0.5700000000000001, 192.0, 232.0, 48.0, 246.0, 208.0, 17.0, 208.0, 0.0, 0.0, 0.0, 1.769680286498565E9, 0.0, 2026-01-29 15:21:26.498
86.0, 69793.45617216303, -120974.95001255871, 63413.68715926256, -179458.46819382528, -128845.87095330608, -86288.84241447954, -87316.10623790101, -83508.93360482855, -0.762, -0.294, 0.5700000000000001, 192.0, 0.0, 0.0, 0.0, 0.0, 0.0, 0.0, 0.0, 0.0, 0.0, 1.769680286498662E9, 0.0, 2026-01-29 15:21:26.498
87.0, 69716.16383983659, -113483.11465777335, 69056.51915747156, -170713.77285883104, -128842.54054338225, -86288.55184180163, -87317.80497047961, -83511.50405544092, -0.762, -0.294, 0.5700000000000001, 192.0, 0.0, 0.0, 0.0, 0.0, 0.0, 0.0, 0.0, 0.0, 0.0, 1.76968028649876E9, 0.0, 2026-01-29 15:21:26.498
88.0, 69561.93680309497, -101021.36892335046, 69691.50986570238, -157618.73514875595, -128833.44338338893, -86282.42746382087, -87315.6592030119, -83509.9617850735, -0.762, -0.294, 0.5700000000000001, 192.0, 0.0, 0.0, 0.0, 0.0, 0.0, 0.0, 0.0, 0.0, 0.0, 1.769680286557589E9, 0.0, 2026-01-29 15:21:26.557
89.0, 69560.95332633893, -102188.1746874064, 69690.19111277952, -159912.6052752263, -128835.87972353456, -86284.99791443323, -87317.67086001288, -83513.42630546408, -0.762, -0.294, 0.5700000000000001, 192.0, 0.0, 0.0, 0.0, 0.0, 0.0, 0.0, 0.0, 0.0, 0.0, 1.769680286557701E9, 0.0, 2026-01-29 15:21:26.557
90.0, 69699.8023628953, -114580.31708959545, 67882.4714282121, -173397.77033302432, -128844.23927596085, -86292.08341742557, -87319.95073794732, -83517.78489563285, -0.762, -0.294, 0.5700000000000001, 192.0, 0.0, 0.0, 0.0, 0.0, 0.0, 0.0, 0.0, 0.0, 0.0, 1.7696802865578E9, 0.0, 2026-01-29 15:21:26.557
91.0, 69785.56600637031, -120960.77900657404, 63355.5055684454, -179460.74807175974, -128849.02254927428, -86297.49253958375, -87322.09650541503, -83521.718802657, -0.762, -0.294, 0.5700000000000001, 192.0, 0.0, 0.0, 0.0, 0.0, 0.0, 0.0, 0.0, 0.0, 0.0, 1.769680286557925E9, 0.0, 2026-01-29 15:21:26.557
92.0, 69707.42430775455, -113369.94777559613, 69059.82721565095, -170605.92569183419, -128845.64743586152, -86297.38078086148, -87323.95170020482, -83524.44571548054, -0.762, -0.294, 0.5700000000000001, 192.0, 0.0, 0.0, 0.0, 0.0, 0.0, 0.0, 0.0, 0.0, 0.0, 1.769680286558013E9, 0.0, 2026-01-29 15:21:26.558
93.0, 69553.39843671303, -100970.45164948126, 69682.81503710926, -157578.5020087364, -128836.14794446803, -86290.94347845834, -87321.47065657028, -83522.5681689463, -0.762, -0.294, 0.5700000000000001, 192.0, 0.0, 0.0, 0.0, 0.0, 0.0, 0.0, 0.0, 0.0, 0.0, 1.769680286558123E9, 0.0, 2026-01-29 15:21:26.558
94.0, 69551.69970413443, -102284.01896763075, 69680.91513883056, -160011.48939269656, -128836.21499970139, -86291.01053369172, -87321.04597342563, -83523.32812825777, -0.762, -0.294, 0.5700000000000001, 192.0, 0.0, 0.0, 0.0, 0.0, 0.0, 0.0, 0.0, 0.0, 0.0, 1.769680286558212E9, 0.0, 2026-01-29 15:21:26.558
95.0, 69691.30870000228, -114691.76288744961, 67857.6162883778, -173516.34633735972, -128845.02158701677, -86298.54307157315, -87323.72818276027, -83527.97729110447, -0.758, -0.29, 0.5720000000000001, 192.0, 232.0, 80.0, 246.0, 240.0, 17.0, 224.0, 0.0, 0.0, 0.0, 1.769680286558314E9, 0.0, 2026-01-29 15:21:26.558
96.0, 69776.42414288809, -120948.17262270126, 63471.15349425715, -179443.06784189556, -128850.02837777477, -86304.19806292035, -87326.14217116144, -83532.24647429545, -0.758, -0.29, 0.5720000000000001, 192.0, 0.0, 0.0, 0.0, 0.0, 0.0, 0.0, 0.0, 0.0, 0.0, 1.769680286558431E9, 0.0, 2026-01-29 15:21:26.558
97.0, 69693.09683955871, -113266.59330923478, 69086.47049504168, -170494.9492806136, -128843.05463350471, -86300.2194524073, -87324.21992113828, -83531.2182940505, -0.758, -0.29, 0.5720000000000001, 192.0, 0.0, 0.0, 0.0, 0.0, 0.0, 0.0, 0.0, 0.0, 0.0, 1.76968028655852E9, 0.0, 2026-01-29 15:21:26.558
98.0, 69538.66863711699, -100924.87644253689, 69668.06288576876, -157523.53906912077, -128832.77283105528, -86293.04454243714, -87321.02362168118, -83528.49138122695, -0.758, -0.29, 0.5720000000000001, 192.0, 0.0, 0.0, 0.0, 0.0, 0.0, 0.0, 0.0, 0.0, 0.0, 1.769680286558638E9, 0.0, 2026-01-29 15:21:26.558
99.0, 69540.03209352876, -102372.35306171812, 69669.11341775816, -160107.22191419863, -128834.6056741006, -86294.92208897139, -87322.36472634849, -83531.17359056158, -0.758, -0.29, 0.5720000000000001, 192.0, 0.0, 0.0, 0.0, 0.0, 0.0, 0.0, 0.0, 0.0, 0.0, 1.769680286558737E9, 0.0, 2026-01-29 15:21:26.558
100.0, 69680.91513883056, -114775.31370822355, 67800.06054640538, -173618.4267542871, -128844.59690387212, -86303.59456582005, -87326.27628162818, -83537.23091330897, -0.758, -0.29, 0.5720000000000001, 192.0, 0.0, 0.0, 0.0, 0.0, 0.0, 0.0, 0.0, 0.0, 0.0, 1.76968028655885E9, 0.0, 2026-01-29 15:21:26.558
101.0, 69764.08597994877, -120910.71109899416, 63504.63640745121, -179423.04067886362, -128849.35782544111, -86309.09309495606, -87328.39969735143, -83541.36598603321, -0.758, -0.29, 0.5720000000000001, 192.0, 0.0, 0.0, 0.0, 0.0, 0.0, 0.0, 0.0, 0.0, 0.0, 1.769680286558938E9, 0.0, 2026-01-29 15:21:26.558
102.0, 69681.8539120977, -113144.88806067564, 69109.11281217489, -170380.53070074687, -128844.57455212767, -86307.372010633, -87328.64556654044, -83542.64003546716, -0.758, -0.29, 0.5720000000000001, 192.0, 0.0, 0.0, 0.0, 0.0, 0.0, 0.0, 0.0, 0.0, 0.0, 1.769680286559036E9, 0.0, 2026-01-29 15:21:26.559
103.0, 69530.17497422398, -100880.84350595993, 69659.77038857584, -157476.89097844256, -128836.34911016813, -86302.18640591936, -87327.4609240843, -83541.9694831335, -0.758, -0.29, 0.5720000000000001, 192.0, 0.0, 0.0, 0.0, 0.0, 0.0, 0.0, 0.0, 0.0, 0.0, 1.769680286617904E9, 0.0, 2026-01-29 15:21:26.617
104.0, 69531.98546552485, -102465.17985644101, 69661.24560370989, -160201.00983393312, -128837.04201424624, -86302.81225476411, -87327.55033106213, -83543.26588431191, -0.758, -0.29, 0.5720000000000001, 192.0, 0.0, 0.0, 0.0, 0.0, 0.0, 0.0, 0.0, 0.0, 0.0, 1.769680286618021E9, 0.0, 2026-01-29 15:21:26.618
105.0, 69672.46617942645, -114870.21921518078, 67750.0373423144, -173716.32739500134, -128846.22858121736, -86310.68006881239, -87330.6125200525, -83548.29502681435, -0.754, -0.28600000000000003, 0.5660000000000001, 192.0, 232.0, 112.0, 247.0, 16.0, 17.0, 176.0, 0.0, 0.0, 0.0, 1.769680286618111E9, 0.0, 2026-01-29 15:21:26.618
106.0, 69756.32992462277, -120887.80056092747, 63519.43326228062, -179420.0455451066, -128852.6658836205, -86317.74322006026, -87334.43466835436, -83553.86061118373, -0.754, -0.28600000000000003, 0.5660000000000001, 192.0, 0.0, 0.0, 0.0, 0.0, 0.0, 0.0, 0.0, 0.0, 0.0, 1.769680286618266E9, 0.0, 2026-01-29 15:21:26.618
107.0, 69672.689696871, -113029.19543137497, 69123.6190943264, -170278.4502838195, -128847.4132236735, -86315.70921131482, -87334.52407533219, -83554.73232921748, -0.754, -0.28600000000000003, 0.5660000000000001, 192.0, 0.0, 0.0, 0.0, 0.0, 0.0, 0.0, 0.0, 0.0, 0.0, 1.769680286618354E9, 0.0, 2026-01-29 15:21:26.618
108.0, 69521.65895958651, -100836.74351414961, 69651.18731870501, -157450.53827172975, -128839.38894741405, -86310.83653102357, -87333.58530206505, -83554.4194047951, -0.754, -0.28600000000000003, 0.5660000000000001, 192.0, 0.0, 0.0, 0.0, 0.0, 0.0, 0.0, 0.0, 0.0, 0.0, 1.769680286618482E9, 0.0, 2026-01-29 15:21:26.618
109.0, 69523.89413403203, -102549.73650571544, 69653.19897570598, -160304.81133518356, -128839.14307822504, -86310.5236066012, -87332.66888054239, -83554.79938445085, -0.754, -0.28600000000000003, 0.5660000000000001, 192.0, 0.0, 0.0, 0.0, 0.0, 0.0, 0.0, 0.0, 0.0, 0.0, 1.769680286618568E9, 0.0, 2026-01-29 15:21:26.618
110.0, 69665.24656596739, -114961.54844302517, 67714.56512386384, -173830.6342161458, -128849.26841846328, -86319.3748974055, -87336.62513931099, -83560.76730022041, -0.754, -0.28600000000000003, 0.5660000000000001, 192.0, 0.0, 0.0, 0.0, 0.0, 0.0, 0.0, 0.0, 0.0, 0.0, 1.769680286618667E9, 0.0, 2026-01-29 15:21:26.618
111.0, 69747.88096521866, -120860.03969431398, 63581.16878046618, -179404.55578619908, -128855.57161039968, -86326.48275214228, -87340.4696393573, -83566.48934680097, -0.754, -0.28600000000000003, 0.5660000000000001, 192.0, 0.0, 0.0, 0.0, 0.0, 0.0, 0.0, 0.0, 0.0, 0.0, 1.769680286618754E9, 0.0, 2026-01-29 15:21:26.618
112.0, 69662.96668803295, -112932.21121218339, 69143.91447829182, -170187.43398039747, -128849.87191556358, -86323.86759804102, -87339.97790097927, -83567.00343692345, -0.754, -0.28600000000000003, 0.5660000000000001, 192.0, 0.0, 0.0, 0.0, 0.0, 0.0, 0.0, 0.0, 0.0, 0.0, 1.769680286618841E9, 0.0, 2026-01-29 15:21:26.618
113.0, 69510.95247399241, -100813.43064468272, 69640.45848136646, -157430.4664052089, -128839.90303753651, -86316.87150202651, -87337.04982245564, -83564.54474503336, -0.754, -0.28600000000000003, 0.5660000000000001, 192.0, 0.0, 0.0, 0.0, 0.0, 0.0, 0.0, 0.0, 0.0, 0.0, 1.769680286618939E9, 0.0, 2026-01-29 15:21:26.618
114.0, 69515.44517462792, -102645.91606210663, 69644.6382575796, -160410.89271436844, -128840.52888638126, -86317.38559214897, -87336.89336024444, -83565.66233225612, -0.754, -0.28600000000000003, 0.5660000000000001, 192.0, 0.0, 0.0, 0.0, 0.0, 0.0, 0.0, 0.0, 0.0, 0.0, 1.769680286619039E9, 0.0, 2026-01-29 15:21:26.619
115.0, 69657.33404843022, -115042.64057190903, 67657.14349235815, -173928.89248477132, -128851.16831674198, -86326.59451086457, -87341.3190056466, -83572.0772829148, -0.758, -0.292, 0.5680000000000001, 192.0, 232.0, 80.0, 246.0, 224.0, 17.0, 192.0, 0.0, 0.0, 0.0, 1.769680286619138E9, 0.0, 2026-01-29 15:21:26.619
116.0, 69736.07924414627, -120830.6695020997, 63592.456411416104, -179382.29344872158, -128854.49872666583, -86330.68488009989, -87342.25777891371, -83574.75949224943, -0.758, -0.292, 0.5680000000000001, 192.0, 0.0, 0.0, 0.0, 0.0, 0.0, 0.0, 0.0, 0.0, 0.0, 1.769680286619248E9, 0.0, 2026-01-29 15:21:26.619
117.0, 69650.58382160471, -112829.90727781145, 69155.4703301752, -170085.17474951444, -128849.44723241893, -86328.6732230989, -87342.52599984717, -83575.89943121666, -0.758, -0.292, 0.5680000000000001, 192.0, 0.0, 0.0, 0.0, 0.0, 0.0, 0.0, 0.0, 0.0, 0.0, 1.769680286619348E9, 0.0, 2026-01-29 15:21:26.619
118.0, 69499.5530843202, -100773.286911641, 69629.10379518317, -157378.9456342394, -128840.0147962588, -86322.37003116251, -87340.04495621265, -83574.15599514914, -0.758, -0.292, 0.5680000000000001, 192.0, 0.0, 0.0, 0.0, 0.0, 0.0, 0.0, 0.0, 0.0, 0.0, 1.769680286678273E9, 0.0, 2026-01-29 15:21:26.678
119.0, 69506.59388382362, -102735.52420562795, 69635.76461503084, -160487.78271529468, -128841.64647360404, -86323.95700501883, -87340.98372947976, -83576.30176261684, -0.758, -0.292, 0.5680000000000001, 192.0, 0.0, 0.0, 0.0, 0.0, 0.0, 0.0, 0.0, 0.0, 0.0, 1.769680286678416E9, 0.0, 2026-01-29 15:21:26.678
120.0, 69646.78402504731, -115133.65687533104, 67593.93275903854, -174011.43747704476, -128850.07308126368, -86330.84134231108, -87343.17420043638, -83580.61564929673, -0.758, -0.292, 0.5680000000000001, 192.0, 0.0, 0.0, 0.0, 0.0, 0.0, 0.0, 0.0, 0.0, 0.0, 1.769680286678521E9, 0.0, 2026-01-29 15:21:26.678
121.0, 69724.05400562931, -120813.72687980258, 63524.68592222762, -179382.78518709962, -128852.91175280951, -86334.28351095719, -87343.73299404776, -83582.8731754867, -0.758, -0.292, 0.5680000000000001, 192.0, 0.0, 0.0, 0.0, 0.0, 0.0, 0.0, 0.0, 0.0, 0.0, 1.769680286678657E9, 0.0, 2026-01-29 15:21:26.678
122.0, 69638.04449296529, -112723.69178815983, 69150.10591150593, -169985.9106523884, -128847.79320332925, -86332.36126093403, -87343.84475277005, -83583.99076270948, -0.758, -0.292, 0.5680000000000001, 192.0, 0.0, 0.0, 0.0, 0.0, 0.0, 0.0, 0.0, 0.0, 0.0, 1.769680286678744E9, 0.0, 2026-01-29 15:21:26.678
123.0, 69490.81355223818, -100738.01585889052, 69620.16309740103, -157346.62501175702, -128841.5123631373, -86328.89674054347, -87344.44824987033, -83585.04129469888, -0.758, -0.292, 0.5680000000000001, 192.0, 0.0, 0.0, 0.0, 0.0, 0.0, 0.0, 0.0, 0.0, 0.0, 1.769680286678853E9, 0.0, 2026-01-29 15:21:26.678
124.0, 69499.64249129803, -102831.83787248586, 69628.76851901633, -160585.7504112423, -128843.412261416, -86330.66252835543, -87345.54348534865, -83587.20941391104, -0.758, -0.292, 0.5680000000000001, 192.0, 0.0, 0.0, 0.0, 0.0, 0.0, 0.0, 0.0, 0.0, 0.0, 1.769680286678939E9, 0.0, 2026-01-29 15:21:26.678
125.0, 69644.30298141277, -115222.19213511852, 67607.0532330338, -174116.33421377352, -128856.21981098889, -86341.97251104981, -87352.11489821851, -83595.8818907597, -0.758, -0.294, 0.5660000000000001, 192.0, 232.0, 80.0, 246.0, 208.0, 17.0, 176.0, 0.0, 0.0, 0.0, 1.769680286679037E9, 0.0, 2026-01-29 15:21:26.679
126.0, 69721.79647943932, -120777.33823982933, 63707.92552327222, -179360.50049787766, -128860.73486336887, -86347.04635704117, -87354.28301743067, -83599.70403906156, -0.758, -0.294, 0.5660000000000001, 192.0, 0.0, 0.0, 0.0, 0.0, 0.0, 0.0, 0.0, 0.0, 0.0, 1.769680286679134E9, 0.0, 2026-01-29 15:21:26.679
127.0, 69631.07074869523, -112607.86504839243, 69182.35947875494, -169876.7447324687, -128852.35295919812, -86341.81604883862, -87351.31023541812, -83597.7370855495, -0.758, -0.294, 0.5660000000000001, 192.0, 0.0, 0.0, 0.0, 0.0, 0.0, 0.0, 0.0, 0.0, 0.0, 1.769680286679221E9, 0.0, 2026-01-29 15:21:26.679
128.0, 69480.08471489963, -100704.28707650746, 69609.54601878476, -157313.16445030743, -128841.73588058185, -86334.10469700154, -87347.51043886071, -83594.4290273701, -0.758, -0.294, 0.5660000000000001, 192.0, 0.0, 0.0, 0.0, 0.0, 0.0, 0.0, 0.0, 0.0, 0.0, 1.76968028667932E9, 0.0, 2026-01-29 15:21:26.679
129.0, 69492.75815400579, -102928.15153934379, 69622.01829219083, -160685.77446767982, -128845.87095330608, -86338.10565925905, -87350.63968308446, -83598.8323210278, -0.758, -0.294, 0.5660000000000001, 192.0, 0.0, 0.0, 0.0, 0.0, 0.0, 0.0, 0.0, 0.0, 0.0, 1.769680286679431E9, 0.0, 2026-01-29 15:21:26.679
130.0, 69633.26121965185, -115312.78375539587, 67553.40904634107, -174215.44184868835, -128854.38696794356, -86345.16881050692, -87352.87485752998, -83603.05680072986, -0.758, -0.294, 0.5660000000000001, 192.0, 0.0, 0.0, 0.0, 0.0, 0.0, 0.0, 0.0, 0.0, 0.0, 1.769680286679529E9, 0.0, 2026-01-29 15:21:26.679
131.0, 69708.81011591079, -120746.15755631418, 63787.87771318886, -179332.76198300865, -128858.00795054532, -86349.70621463135, -87354.43947964186, -83606.27545193142, -0.758, -0.294, 0.5660000000000001, 192.0, 0.0, 0.0, 0.0, 0.0, 0.0, 0.0, 0.0, 0.0, 0.0, 1.769680286679631E9, 0.0, 2026-01-29 15:21:26.679
132.0, 69621.86182997964, -112508.71270998869, 69209.11451686794, -169775.0666469415, -128854.18580224346, -86349.19212450887, -87356.00410175373, -83608.77884731042, -0.758, -0.294, 0.5660000000000001, 192.0, 0.0, 0.0, 0.0, 0.0, 0.0, 0.0, 0.0, 0.0, 0.0, 1.769680286679734E9, 0.0, 2026-01-29 15:21:26.679
133.0, 69472.5968805071, -100684.48343092007, 69602.16994311452, -157278.7651155907, -128844.55220038322, -86342.41954593892, -87353.09837497454, -83606.56602460933, -0.758, -0.294, 0.5660000000000001, 192.0, 0.0, 0.0, 0.0, 0.0, 0.0, 0.0, 0.0, 0.0, 0.0, 1.769680286738534E9, 0.0, 2026-01-29 15:21:26.738
134.0, 69482.92338644546, -103037.36216275241, 69612.13882114159, -160788.52543694086, -128845.24510446134, -86342.84422908357, -87352.76309880771, -83607.57185310982, -0.758, -0.294, 0.5660000000000001, 192.0, 0.0, 0.0, 0.0, 0.0, 0.0, 0.0, 0.0, 0.0, 0.0, 1.769680286738655E9, 0.0, 2026-01-29 15:21:26.738
135.0, 69624.70050152547, -115414.26067522296, 67497.39557473607, -174316.2482161818, -128854.87870632157, -86351.20378150986, -87356.27232268719, -83613.00332701247, -0.76, -0.292, 0.5680000000000001, 192.0, 232.0, 64.0, 246.0, 224.0, 17.0, 192.0, 0.0, 0.0, 0.0, 1.769680286738745E9, 0.0, 2026-01-29 15:21:26.738
136.0, 69700.22704603994, -120729.28198925043, 63798.45008831622, -179323.2177881262, -128859.72903486837, -86356.76936587923, -87359.04393899965, -83617.47367590353, -0.76, -0.292, 0.5680000000000001, 192.0, 0.0, 0.0, 0.0, 0.0, 0.0, 0.0, 0.0, 0.0, 0.0, 1.769680286738894E9, 0.0, 2026-01-29 15:21:26.738
137.0, 69611.04358566327, -112412.82372627543, 69218.01051116115, -169668.4935293786, -128854.72224411038, -86354.91417108943, -87359.58038086658, -83618.79242882639, -0.76, -0.292, 0.5680000000000001, 192.0, 0.0, 0.0, 0.0, 0.0, 0.0, 0.0, 0.0, 0.0, 0.0, 1.769680286738982E9, 0.0, 2026-01-29 15:21:26.738
138.0, 69460.92926990143, -100674.3133871929, 69590.50233250884, -157250.93719374386, -128843.50166839382, -86346.7334326188, -87355.22179069779, -83614.79146656889, -0.76, -0.292, 0.5680000000000001, 192.0, 0.0, 0.0, 0.0, 0.0, 0.0, 0.0, 0.0, 0.0, 0.0, 1.769680286739107E9, 0.0, 2026-01-29 15:21:26.739
139.0, 69471.56870026216, -103154.68646939832, 69600.80648670274, -160888.28127244487, -128843.07698524916, -86346.04052854067, -87353.59011335256, -83614.38913516869, -0.76, -0.292, 0.5680000000000001, 192.0, 0.0, 0.0, 0.0, 0.0, 0.0, 0.0, 0.0, 0.0, 0.0, 1.769680286739194E9, 0.0, 2026-01-29 15:21:26.739
140.0, 69616.56446654373, -115516.69872006163, 67471.71342035693, -174416.60754878612, -128855.95159005543, -86357.61873216853, -87360.27328494469, -83623.06161201735, -0.76, -0.292, 0.5680000000000001, 192.0, 0.0, 0.0, 0.0, 0.0, 0.0, 0.0, 0.0, 0.0, 0.0, 1.769680286739291E9, 0.0, 2026-01-29 15:21:26.739
141.0, 69689.92289184606, -120704.9409395386, 63850.1720249858, -179307.61627049642, -128860.0643110352, -86362.46906071533, -87362.32964543458, -83626.81670508585, -0.76, -0.292, 0.5680000000000001, 192.0, 0.0, 0.0, 0.0, 0.0, 0.0, 0.0, 0.0, 0.0, 0.0, 1.769680286739378E9, 0.0, 2026-01-29 15:21:26.739
142.0, 69598.61601574613, -112315.32541696136, 69224.31370309755, -169570.23526075308, -128853.76111909881, -86359.33981649159, -87361.50263088974, -83626.97316729704, -0.76, -0.292, 0.5680000000000001, 192.0, 0.0, 0.0, 0.0, 0.0, 0.0, 0.0, 0.0, 0.0, 0.0, 1.769680286739487E9, 0.0, 2026-01-29 15:21:26.739
143.0, 69452.90499364198, -100652.8557125158, 69582.29924229375, -157219.24242010622, -128846.47445040637, -86354.95887457835, -87360.9214855339, -83626.88376031921, -0.76, -0.292, 0.5680000000000001, 192.0, 0.0, 0.0, 0.0, 0.0, 0.0, 0.0, 0.0, 0.0, 0.0, 1.769680286739587E9, 0.0, 2026-01-29 15:21:26.739
144.0, 69469.1994153499, -103241.83592102956, 69598.37014655712, -160971.496817052, -128850.31895045268, -86358.53515369119, -87363.53663963517, -83630.7953155989, -0.76, -0.292, 0.5680000000000001, 192.0, 0.0, 0.0, 0.0, 0.0, 0.0, 0.0, 0.0, 0.0, 0.0, 1.769680286739685E9, 0.0, 2026-01-29 15:21:26.739
145.0, 69610.21657111842, -115582.59166271587, 67509.71138593095, -174501.03008759383, -128858.79026160124, -86365.64300842799, -87365.79416582515, -83635.01979530095, -0.752, -0.29, 0.5700000000000001, 192.0, 232.0, 128.0, 246.0, 240.0, 17.0, 208.0, 0.0, 0.0, 0.0, 1.76968028673981E9, 0.0, 2026-01-29 15:21:26.739
146.0, 69682.92679583155, -120650.22386911201, 64119.26467648324, -179271.65231366782, -128863.03709304775, -86370.76155790825, -87368.00698852623, -83639.13251628072, -0.752, -0.29, 0.5700000000000001, 192.0, 0.0, 0.0, 0.0, 0.0, 0.0, 0.0, 0.0, 0.0, 0.0, 1.769680286739914E9, 0.0, 2026-01-29 15:21:26.739
147.0, 69590.23411157538, -112204.34900574078, 69264.43508439483, -169466.16553856916, -128856.46568017789, -86367.36409275104, -87367.00116002574, -83638.88664709171, -0.752, -0.29, 0.5700000000000001, 192.0, 0.0, 0.0, 0.0, 0.0, 0.0, 0.0, 0.0, 0.0, 0.0, 1.769680286740018E9, 0.0, 2026-01-29 15:21:26.740
148.0, 69442.26556328125, -100637.29889837491, 69571.65981193303, -157189.73811742524, -128846.1168224951, -86359.80920312514, -87363.38017742398, -83635.66799589015, -0.752, -0.29, 0.5700000000000001, 192.0, 0.0, 0.0, 0.0, 0.0, 0.0, 0.0, 0.0, 0.0, 0.0, 1.769680286798776E9, 0.0, 2026-01-29 15:21:26.798
149.0, 69458.85055766709, -103358.89200674201, 69587.93188189648, -161077.0641061144, -128849.00019752982, -86362.44670897088, -87365.05655825813, -83638.66312964716, -0.752, -0.29, 0.5700000000000001, 192.0, 0.0, 0.0, 0.0, 0.0, 0.0, 0.0, 0.0, 0.0, 0.0, 1.769680286798893E9, 0.0, 2026-01-29 15:21:26.798
150.0, 69601.74525996987, -115677.2513004841, 67475.75908610334, -174594.8180073283, -128859.34905521263, -86371.56622070864, -87369.3257414491, -83644.92161809464, -0.752, -0.29, 0.5700000000000001, 192.0, 0.0, 0.0, 0.0, 0.0, 0.0, 0.0, 0.0, 0.0, 0.0, 1.769680286798983E9, 0.0, 2026-01-29 15:21:26.798
151.0, 69671.50505441488, -120618.19381930755, 64138.01779008124, -179259.1129850284, -128862.25478199183, -86375.27661028822, -87370.28686646066, -83647.46971696254, -0.752, -0.29, 0.5700000000000001, 192.0, 0.0, 0.0, 0.0, 0.0, 0.0, 0.0, 0.0, 0.0, 0.0, 1.769680286799116E9, 0.0, 2026-01-29 15:21:26.799
152.0, 69579.19234981446, -112108.28120807186, 69263.67512508335, -169376.0209531809, -128856.66684587799, -86372.97438060933, -87370.30921820513, -83648.43084197413, -0.752, -0.29, 0.5700000000000001, 192.0, 0.0, 0.0, 0.0, 0.0, 0.0, 0.0, 0.0, 0.0, 0.0, 1.769680286799201E9, 0.0, 2026-01-29 15:21:26.799
153.0, 69436.09648181159, -100640.74106702102, 69565.62484093009, -157176.5505881966, -128850.31895045268, -86369.30869451865, -87370.55508739414, -83649.1908012856, -0.752, -0.29, 0.5700000000000001, 192.0, 0.0, 0.0, 0.0, 0.0, 0.0, 0.0, 0.0, 0.0, 0.0, 1.769680286799303E9, 0.0, 2026-01-29 15:21:26.799
154.0, 69452.70382794188, -103485.04525244776, 69581.94161438246, -161172.34959272738, -128851.72711035337, -86370.51568871924, -87370.66684611641, -83650.71071990857, -0.752, -0.29, 0.5700000000000001, 192.0, 0.0, 0.0, 0.0, 0.0, 0.0, 0.0, 0.0, 0.0, 0.0, 1.769680286799396E9, 0.0, 2026-01-29 15:21:26.799
155.0, 69596.20202734495, -115779.28701392259, 67448.55701310122, -174694.57384283232, -128862.92533432548, -86380.37280802403, -87375.56187815212, -83657.72916766754, -0.762, -0.28800000000000003, 0.5760000000000001, 192.0, 232.0, 48.0, 247.0, 0.0, 18.0, 0.0, 0.0, 0.0, 0.0, 1.769680286799505E9, 0.0, 2026-01-29 15:21:26.799
156.0, 69664.15133048908, -120598.32311848679, 64215.086604963144, -179244.13731624334, -128865.16050877102, -86383.47970050332, -87375.89715431895, -83659.71847292405, -0.762, -0.28800000000000003, 0.5760000000000001, 192.0, 0.0, 0.0, 0.0, 0.0, 0.0, 0.0, 0.0, 0.0, 0.0, 1.769680286799594E9, 0.0, 2026-01-29 15:21:26.799
157.0, 69568.93289910948, -112022.67402680803, 69277.68966885682, -169281.51777762387, -128857.91854356749, -86379.41168301245, -87374.19842174035, -83658.93616186811, -0.762, -0.28800000000000003, 0.5760000000000001, 192.0, 0.0, 0.0, 0.0, 0.0, 0.0, 0.0, 0.0, 0.0, 0.0, 1.769680286799676E9, 0.0, 2026-01-29 15:21:26.799
158.0, 69422.61837990503, -100642.66331704418, 69552.03498030127, -157162.42428570084, -128847.56968588468, -86372.10266257556, -87370.64449437195, -83655.78456589993, -0.762, -0.28800000000000003, 0.5760000000000001, 192.0, 0.0, 0.0, 0.0, 0.0, 0.0, 0.0, 0.0, 0.0, 0.0, 1.769680286799769E9, 0.0, 2026-01-29 15:21:26.799
159.0, 69440.56683070265, -103591.01487291037, 69569.62580318759, -161273.78180906558, -128849.13430799656, -86373.44376724289, -87370.8680118165, -83657.3491880118, -0.762, -0.28800000000000003, 0.5760000000000001, 192.0, 0.0, 0.0, 0.0, 0.0, 0.0, 0.0, 0.0, 0.0, 0.0, 1.76968028679986E9, 0.0, 2026-01-29 15:21:26.799
160.0, 69584.40030627255, -115867.71051498778, 67408.70385273741, -174789.81462595638, -128860.82427034668, -86383.77027318123, -87376.34418920806, -83664.97113287105, -0.762, -0.28800000000000003, 0.5760000000000001, 192.0, 0.0, 0.0, 0.0, 0.0, 0.0, 0.0, 0.0, 0.0, 0.0, 1.769680286799952E9, 0.0, 2026-01-29 15:21:26.799
161.0, 69653.60130710618, -120565.3095919263, 64316.6305800236, -179217.71755429718, -128865.42872970448, -86389.13469185052, -87379.04875028715, -83669.41913001766, -0.762, -0.28800000000000003, 0.5760000000000001, 192.0, 0.0, 0.0, 0.0, 0.0, 0.0, 0.0, 0.0, 0.0, 0.0, 1.769680286800034E9, 0.0, 2026-01-29 15:21:26.800
162.0, 69559.47811120488, -111924.66162737152, 69297.29214874413, -169176.9786688064, -128859.95255231293, -86387.05597961617, -87379.2275642428, -83670.4473102626, -0.762, -0.28800000000000003, 0.5760000000000001, 192.0, 0.0, 0.0, 0.0, 0.0, 0.0, 0.0, 0.0, 0.0, 0.0, 1.76968028680013E9, 0.0, 2026-01-29 15:21:26.800
163.0, 69417.52218216922, -100631.62155528326, 69547.02818954327, -157122.36995963694, -128853.24702897633, -86383.1444243365, -87379.16050900942, -83670.82728991835, -0.762, -0.28800000000000003, 0.5760000000000001, 192.0, 0.0, 0.0, 0.0, 0.0, 0.0, 0.0, 0.0, 0.0, 0.0, 1.76968028685926E9, 0.0, 2026-01-29 15:21:26.859
164.0, 69437.07995856761, -103704.51703125442, 69566.20598628593, -161378.27621439414, -128855.16927899948, -86384.77610168172, -87379.60754389853, -83672.59307773031, -0.762, -0.28800000000000003, 0.5760000000000001, 192.0, 0.0, 0.0, 0.0, 0.0, 0.0, 0.0, 0.0, 0.0, 0.0, 1.769680286859378E9, 0.0, 2026-01-29 15:21:26.859
165.0, 69577.78418991377, -115952.62479217349, 67396.72331770937, -174888.1399498153, -128863.52883142578, -86391.83925292961, -87381.7756631107, -83676.81755743237, -0.762, -0.292, 0.5680000000000001, 192.0, 232.0, 48.0, 246.0, 224.0, 17.0, 192.0, 0.0, 0.0, 0.0, 1.769680286859479E9, 0.0, 2026-01-29 15:21:26.859
166.0, 69645.44292038, -120525.18821062901, 64426.623514488165, -179202.3395541119, -128867.68625589446, -86396.8907471765, -87384.14494802296, -83680.93027841214, -0.762, -0.292, 0.5680000000000001, 192.0, 0.0, 0.0, 0.0, 0.0, 0.0, 0.0, 0.0, 0.0, 0.0, 1.769680286859636E9, 0.0, 2026-01-29 15:21:26.859
167.0, 69549.33041922217, -111819.96605634285, 69312.04430008463, -169077.33459202465, -128860.95838081342, -86393.42622678593, -87383.18382301138, -83680.72911271204, -0.762, -0.292, 0.5680000000000001, 192.0, 0.0, 0.0, 0.0, 0.0, 0.0, 0.0, 0.0, 0.0, 0.0, 1.769680286859725E9, 0.0, 2026-01-29 15:21:26.859
168.0, 69404.62522561851, -100621.51856678947, 69533.99712252583, -157110.34472111997, -128850.5648196417, -86385.93839239341, -87379.38402645398, -83677.46575802157, -0.762, -0.292, 0.5680000000000001, 192.0, 0.0, 0.0, 0.0, 0.0, 0.0, 0.0, 0.0, 0.0, 0.0, 1.769680286859845E9, 0.0, 2026-01-29 15:21:26.859
169.0, 69427.66987415194, -103803.98229408053, 69556.75119838133, -161475.52865451918, -128854.58813364366, -86389.73818895081, -87381.88742183297, -83681.28790632343, -0.762, -0.292, 0.5680000000000001, 192.0, 0.0, 0.0, 0.0, 0.0, 0.0, 0.0, 0.0, 0.0, 0.0, 1.769680286859932E9, 0.0, 2026-01-29 15:21:26.859
170.0, 69572.79975090025, -116029.5371448442, 67421.10907091011, -174982.01727652756, -128867.57449717219, -86401.31639257865, -87388.66000040293, -83689.98273491654, -0.762, -0.292, 0.5680000000000001, 192.0, 0.0, 0.0, 0.0, 0.0, 0.0, 0.0, 0.0, 0.0, 0.0, 1.76968028686003E9, 0.0, 2026-01-29 15:21:26.860
171.0, 69638.67034181004, -120472.57220418123, 64579.956481451576, -179180.56895501245, -128871.73192164088, -86406.47964554784, -87391.20809927084, -83694.18486287414, -0.762, -0.292, 0.5680000000000001, 192.0, 0.0, 0.0, 0.0, 0.0, 0.0, 0.0, 0.0, 0.0, 0.0, 1.769680286860117E9, 0.0, 2026-01-29 15:21:26.860
172.0, 69540.23325922886, -111697.85847638351, 69325.67886420237, -168976.34941057558, -128863.93116282597, -86401.89753793449, -87389.08468354758, -83692.9555169291, -0.762, -0.292, 0.5680000000000001, 192.0, 0.0, 0.0, 0.0, 0.0, 0.0, 0.0, 0.0, 0.0, 0.0, 1.769680286860205E9, 0.0, 2026-01-29 15:21:26.860
173.0, 69395.59512085858, -100608.26398232747, 69525.07877648817, -157095.70432850174, -128853.20232548742, -86394.00737214177, -87384.86020384553, -83689.33453432734, -0.762, -0.292, 0.5680000000000001, 192.0, 0.0, 0.0, 0.0, 0.0, 0.0, 0.0, 0.0, 0.0, 0.0, 1.769680286860304E9, 0.0, 2026-01-29 15:21:26.860
174.0, 69416.71751936883, -103922.67005713822, 69545.6200296426, -161575.77622840123, -128854.02934003227, -86394.63322098652, -87384.23435500078, -83689.89332793873, -0.762, -0.292, 0.5680000000000001, 192.0, 0.0, 0.0, 0.0, 0.0, 0.0, 0.0, 0.0, 0.0, 0.0, 1.769680286860413E9, 0.0, 2026-01-29 15:21:26.860
175.0, 69559.34400073814, -116123.32506457866, 67395.58337874214, -175076.2298794067, -128864.69112213745, -86403.8421397021, -87388.54824168066, -83696.21887161957, -0.758, -0.292, 0.5680000000000001, 192.0, 232.0, 80.0, 246.0, 224.0, 17.0, 192.0, 0.0, 0.0, 0.0, 1.769680286860513E9, 0.0, 2026-01-29 15:21:26.860
176.0, 69625.41575734803, -120423.93480824649, 64702.57815153339, -179147.2872075185, -128870.07789255118, -86410.25709036077, -87392.25863126024, -83701.6056420333, -0.758, -0.292, 0.5680000000000001, 192.0, 0.0, 0.0, 0.0, 0.0, 0.0, 0.0, 0.0, 0.0, 0.0, 1.769680286860608E9, 0.0, 2026-01-29 15:21:26.860
177.0, 69527.42570965597, -111579.17071332583, 69339.20166959782, -168870.04451394614, -128863.52883142578, -86406.85962520356, -87391.38691322648, -83701.62799377776, -0.758, -0.292, 0.5680000000000001, 192.0, 0.0, 0.0, 0.0, 0.0, 0.0, 0.0, 0.0, 0.0, 0.0, 1.769680286860706E9, 0.0, 2026-01-29 15:21:26.860
178.0, 69385.80505678714, -100586.33692101682, 69515.28871241673, -157064.79186592007, -128854.58813364366, -86400.645840245, -87388.95057308086, -83699.68339201015, -0.758, -0.292, 0.5680000000000001, 192.0, 0.0, 0.0, 0.0, 0.0, 0.0, 0.0, 0.0, 0.0, 0.0, 1.769680286919503E9, 0.0, 2026-01-29 15:21:26.919
179.0, 69409.56496114313, -104030.11489273488, 69538.2663057168, -161682.5058081753, -128856.48803192236, -86402.21046235687, -87389.37525622551, -83701.3597728443, -0.758, -0.292, 0.5680000000000001, 192.0, 0.0, 0.0, 0.0, 0.0, 0.0, 0.0, 0.0, 0.0, 0.0, 1.769680286919621E9, 0.0, 2026-01-29 15:21:26.919
180.0, 69552.07968379017, -116205.91476034102, 67339.43579667041, -175178.13148237843, -128866.74748262734, -86411.1958636279, -87393.35386673854, -83707.48415082505, -0.758, -0.292, 0.5680000000000001, 192.0, 0.0, 0.0, 0.0, 0.0, 0.0, 0.0, 0.0, 0.0, 0.0, 1.769680286919707E9, 0.0, 2026-01-29 15:21:26.919
181.0, 69616.430356077, -120380.81829319219, 64712.81525049392, -179145.4320127287, -128871.97779082989, -86417.27553811975, -87396.9301458514, -83712.78151426096, -0.758, -0.292, 0.5680000000000001, 192.0, 0.0, 0.0, 0.0, 0.0, 0.0, 0.0, 0.0, 0.0, 0.0, 1.76968028691984E9, 0.0, 2026-01-29 15:21:26.919
182.0, 69517.90386651801, -111462.47225552467, 69344.5213847782, -168784.8396640825, -128866.00987506032, -86414.45921831837, -87396.79603538467, -83713.31795612788, -0.758, -0.292, 0.5680000000000001, 192.0, 0.0, 0.0, 0.0, 0.0, 0.0, 0.0, 0.0, 0.0, 0.0, 1.769680286919927E9, 0.0, 2026-01-29 15:21:26.919
183.0, 69377.75842878323, -100566.10859228476, 69507.19738092391, -157060.45562749574, -128857.76208135631, -86409.0947996491, -87394.96319233933, -83712.06625843838, -0.758, -0.292, 0.5680000000000001, 192.0, 0.0, 0.0, 0.0, 0.0, 0.0, 0.0, 0.0, 0.0, 0.0, 1.769680286920039E9, 0.0, 2026-01-29 15:21:26.920
184.0, 69403.57469362911, -104117.97960018869, 69532.38779692505, -161782.73103031292, -128860.64545639104, -86411.66525026146, -87396.19253828438, -83714.56965381738, -0.758, -0.292, 0.5680000000000001, 192.0, 0.0, 0.0, 0.0, 0.0, 0.0, 0.0, 0.0, 0.0, 0.0, 1.769680286920128E9, 0.0, 2026-01-29 15:21:26.920
185.0, 69546.0223610428, -116265.75038024789, 67369.58829994063, -175260.34119848505, -128870.79314837375, -86420.58359629913, -87400.17114879741, -83720.6046248203, -0.758, -0.294, 0.5700000000000001, 192.0, 232.0, 80.0, 246.0, 208.0, 17.0, 208.0, 0.0, 0.0, 0.0, 1.769680286920226E9, 0.0, 2026-01-29 15:21:26.920
186.0, 69607.9813966729, -120325.56478089867, 64863.64482207833, -179119.41458218274, -128874.59294493115, -86425.43392484593, -87402.56278545414, -83724.62793882226, -0.758, -0.294, 0.5700000000000001, 192.0, 0.0, 0.0, 0.0, 0.0, 0.0, 0.0, 0.0, 0.0, 0.0, 1.769680286920322E9, 0.0, 2026-01-29 15:21:26.920
187.0, 69506.81740126817, -111348.2771931025, 69354.42320757189, -168683.83213088897, -128866.85924134962, -86420.91887246596, -87400.70759066434, -83723.53270334395, -0.758, -0.294, 0.5700000000000001, 192.0, 0.0, 0.0, 0.0, 0.0, 0.0, 0.0, 0.0, 0.0, 0.0, 1.769680286920425E9, 0.0, 2026-01-29 15:21:26.920
188.0, 69365.12969316599, -100538.6830018381, 69494.56864530667, -157044.07179880998, -128856.75625285582, -86413.47574156235, -87396.90779410694, -83720.24699690903, -0.758, -0.294, 0.5700000000000001, 192.0, 0.0, 0.0, 0.0, 0.0, 0.0, 0.0, 0.0, 0.0, 0.0, 1.769680286920524E9, 0.0, 2026-01-29 15:21:26.920
189.0, 69394.70105108035, -104189.84045861251, 69523.33534042064, -161863.01849639637, -128862.41124420302, -86418.70604976488, -87400.84170113108, -83725.63376732275, -0.758, -0.294, 0.5700000000000001, 192.0, 0.0, 0.0, 0.0, 0.0, 0.0, 0.0, 0.0, 0.0, 0.0, 1.769680286920638E9, 0.0, 2026-01-29 15:21:26.920
190.0, 69536.34405569364, -116320.8027268413, 67374.77390465426, -175345.2331239263, -128871.8660321076, -86426.84208474662, -87404.19446279937, -83731.08759296985, -0.758, -0.294, 0.5700000000000001, 192.0, 0.0, 0.0, 0.0, 0.0, 0.0, 0.0, 0.0, 0.0, 0.0, 1.769680286920738E9, 0.0, 2026-01-29 15:21:26.920
191.0, 69594.54799825526, -120270.57948953862, 65007.5453528816, -179086.40105562223, -128873.05067456374, -86428.92079698096, -87403.85918663254, -83732.3616424038, -0.758, -0.294, 0.5700000000000001, 192.0, 0.0, 0.0, 0.0, 0.0, 0.0, 0.0, 0.0, 0.0, 0.0, 1.769680286920824E9, 0.0, 2026-01-29 15:21:26.920
192.0, 69492.98167145034, -111242.84401450683, 69361.8216349866, -168584.9927169076, -128865.58519191567, -86424.71866902336, -87402.29456452066, -83731.4675726256, -0.758, -0.294, 0.5700000000000001, 192.0, 0.0, 0.0, 0.0, 0.0, 0.0, 0.0, 0.0, 0.0, 0.0, 1.769680286920923E9, 0.0, 2026-01-29 15:21:26.920
193.0, 69354.35615233853, -100533.98913550247, 69483.81745622367, -157026.7715486016, -128857.40445344502, -86419.1977881429, -87400.37231449751, -83730.19352319164, -0.758, -0.294, 0.5700000000000001, 192.0, 0.0, 0.0, 0.0, 0.0, 0.0, 0.0, 0.0, 0.0, 0.0, 1.769680286979769E9, 0.0, 2026-01-29 15:21:26.979
194.0, 69383.32401315261, -104308.26000073671, 69511.80184028171, -161974.978384373, -128861.09249128014, -86422.48349457783, -87402.1828057984, -83733.50158137102, -0.758, -0.294, 0.5700000000000001, 192.0, 0.0, 0.0, 0.0, 0.0, 0.0, 0.0, 0.0, 0.0, 0.0, 1.769680286979887E9, 0.0, 2026-01-29 15:21:26.979
195.0, 69524.67644508797, -116399.45851557954, 67399.09260262163, -175432.69549997992, -128870.52492744029, -86430.73128828184, -87405.62497444451, -83738.91070352921, -0.764, -0.292, 0.5680000000000001, 192.0, 232.0, 32.0, 246.0, 224.0, 17.0, 192.0, 0.0, 0.0, 0.0, 1.769680286979981E9, 0.0, 2026-01-29 15:21:26.979
196.0, 69583.81916091671, -120221.15978254794, 65197.33401505161, -179057.83552620836, -128874.28002050878, -86435.51456159528, -87408.06131459014, -83742.84461055334, -0.764, -0.292, 0.5680000000000001, 192.0, 0.0, 0.0, 0.0, 0.0, 0.0, 0.0, 0.0, 0.0, 0.0, 1.769680286980116E9, 0.0, 2026-01-29 15:21:26.980
197.0, 69480.77761897775, -111124.51387936043, 69375.50090259325, -168467.93663119516, -128867.0157035608, -86431.6477098045, -87406.69785817836, -83742.26346519751, -0.764, -0.292, 0.5680000000000001, 192.0, 0.0, 0.0, 0.0, 0.0, 0.0, 0.0, 0.0, 0.0, 0.0, 1.769680286980199E9, 0.0, 2026-01-29 15:21:26.980
198.0, 69342.4650242883, -100524.91432725363, 69471.90397642899, -156985.84550450393, -128858.61144764561, -86426.05977369068, -87404.68620117739, -83740.74354657455, -0.764, -0.292, 0.5680000000000001, 192.0, 0.0, 0.0, 0.0, 0.0, 0.0, 0.0, 0.0, 0.0, 0.0, 1.769680286980302E9, 0.0, 2026-01-29 15:21:26.980
199.0, 69373.08691419207, -104429.62997312903, 69501.54238957673, -162065.65941162818, -128862.85827909212, -86429.77016327027, -87407.0331343452, -83744.47628789858, -0.764, -0.292, 0.5680000000000001, 192.0, 0.0, 0.0, 0.0, 0.0, 0.0, 0.0, 0.0, 0.0, 0.0, 1.769680286980384E9, 0.0, 2026-01-29 15:21:26.980
200.0, 69514.84167752763, -116480.32712701883, 67413.82240221767, -175506.29979447124, -128873.14008154155, -86438.73321279684, -87411.05644834715, -83750.57831413488, -0.764, -0.292, 0.5680000000000001, 192.0, 0.0, 0.0, 0.0, 0.0, 0.0, 0.0, 0.0, 0.0, 0.0, 1.769680286980492E9, 0.0, 2026-01-29 15:21:26.980
201.0, 69572.33036426669, -120173.39410464694, 65329.49988001584, -179020.37400250125, -128876.73871239886, -86443.27061692126, -87413.26927104822, -83754.53457290347, -0.764, -0.292, 0.5680000000000001, 192.0, 0.0, 0.0, 0.0, 0.0, 0.0, 0.0, 0.0, 0.0, 0.0, 1.769680286980573E9, 0.0, 2026-01-29 15:21:26.980
202.0, 69470.0934851281, -111017.06904376377, 69383.88280676398, -168355.50735658497, -128870.79314837375, -86440.65546282, -87413.29162279268, -83755.33923570385, -0.764, -0.292, 0.5680000000000001, 192.0, 0.0, 0.0, 0.0, 0.0, 0.0, 0.0, 0.0, 0.0, 0.0, 1.769680286980657E9, 0.0, 2026-01-29 15:21:26.980
203.0, 69335.29011431815, -100524.48964410898, 69464.57260424765, -156972.59092004193, -128865.20521225993, -86437.68268080744, -87414.00687861526, -83756.50152641554, -0.764, -0.292, 0.5680000000000001, 192.0, 0.0, 0.0, 0.0, 0.0, 0.0, 0.0, 0.0, 0.0, 0.0, 1.769680286980751E9, 0.0, 2026-01-29 15:21:26.980
204.0, 69366.82842574459, -104535.10785521363, 69495.26154938478, -162159.60379357386, -128869.13911928405, -86441.14720119801, -87416.01853561623, -83759.83193633938, -0.764, -0.292, 0.5680000000000001, 192.0, 0.0, 0.0, 0.0, 0.0, 0.0, 0.0, 0.0, 0.0, 0.0, 1.769680286980846E9, 0.0, 2026-01-29 15:21:26.980
205.0, 69507.28678790174, -116561.39690415823, 67442.70085605394, -175598.27722290484, -128878.1245205551, -86448.92560826846, -87418.8348554176, -83764.79402360845, -0.762, -0.298, 0.5660000000000001, 192.0, 232.0, 48.0, 246.0, 176.0, 17.0, 176.0, 0.0, 0.0, 0.0, 1.769680286980942E9, 0.0, 2026-01-29 15:21:26.980
206.0, 69560.66275366102, -120131.59634251552, 65468.32656482775, -178998.73751386852, -128878.52685195529, -86450.3114164247, -87417.91843389493, -83765.44222419766, -0.762, -0.298, 0.5660000000000001, 192.0, 0.0, 0.0, 0.0, 0.0, 0.0, 0.0, 0.0, 0.0, 0.0, 1.769680286981033E9, 0.0, 2026-01-29 15:21:26.981
207.0, 69456.61538322156, -110917.42496698201, 69384.57571084211, -168267.1062072642, -128871.53075594078, -86446.62337858956, -87416.95730888336, -83765.24105849756, -0.762, -0.298, 0.5660000000000001, 192.0, 0.0, 0.0, 0.0, 0.0, 0.0, 0.0, 0.0, 0.0, 0.0, 1.769680286981124E9, 0.0, 2026-01-29 15:21:26.981
208.0, 69322.6613787009, -100518.70054229505, 69452.01092386377, -156962.3538210814, -128865.54048842675, -86443.42707913245, -87417.27023330572, -83766.04572129795, -0.762, -0.298, 0.5660000000000001, 192.0, 0.0, 0.0, 0.0, 0.0, 0.0, 0.0, 0.0, 0.0, 0.0, 1.769680287040011E9, 0.0, 2026-01-29 15:21:27.040
209.0, 69354.44555931634, -104640.2951646203, 69482.56575853417, -162272.79302749553, -128867.95447682793, -86445.43873613344, -87417.80667517266, -83767.83386085437, -0.762, -0.298, 0.5660000000000001, 192.0, 0.0, 0.0, 0.0, 0.0, 0.0, 0.0, 0.0, 0.0, 0.0, 1.769680287040121E9, 0.0, 2026-01-29 15:21:27.040
210.0, 69493.20518889489, -116636.96815216163, 67341.35804669357, -175705.65500326813, -128874.99527633135, -86451.13843096953, -87418.61133797304, -83770.69488414466, -0.762, -0.298, 0.5660000000000001, 192.0, 0.0, 0.0, 0.0, 0.0, 0.0, 0.0, 0.0, 0.0, 0.0, 1.769680287040205E9, 0.0, 2026-01-29 15:21:27.040
211.0, 69548.32459072168, -120076.9463273223, 65414.95059906848, -178982.1972229716, -128878.45979672192, -86455.56407637168, -87420.82416067412, -83774.4723289576, -0.762, -0.298, 0.5660000000000001, 192.0, 0.0, 0.0, 0.0, 0.0, 0.0, 0.0, 0.0, 0.0, 0.0, 1.769680287040288E9, 0.0, 2026-01-29 15:21:27.040
212.0, 69444.32192377115, -110791.00350034279, 69379.34540263956, -168160.1531100456, -128872.53658444126, -86452.99362575932, -87420.93591939639, -83775.43345396918, -0.762, -0.298, 0.5660000000000001, 192.0, 0.0, 0.0, 0.0, 0.0, 0.0, 0.0, 0.0, 0.0, 0.0, 1.769680287040444E9, 0.0, 2026-01-29 15:21:27.040
213.0, 69311.10552681751, -100507.23409738948, 69440.49977546927, -156950.73091396462, -128866.27809599378, -86449.43969839092, -87420.93591939639, -83775.9251923472, -0.762, -0.298, 0.5660000000000001, 192.0, 0.0, 0.0, 0.0, 0.0, 0.0, 0.0, 0.0, 0.0, 0.0, 1.769680287040554E9, 0.0, 2026-01-29 15:21:27.040
214.0, 69346.08600689007, -104759.80994222284, 69474.11679913006, -162389.9385201858, -128870.74844488484, -86453.44066064843, -87423.21579733083, -83779.65793367123, -0.762, -0.298, 0.5660000000000001, 192.0, 0.0, 0.0, 0.0, 0.0, 0.0, 0.0, 0.0, 0.0, 0.0, 1.769680287040643E9, 0.0, 2026-01-29 15:21:27.040
215.0, 69489.47244757086, -116705.96798729515, 67367.95662259539, -175781.62858267172, -128882.52781421278, -86463.94598054243, -87428.84843693358, -83787.27987853049, -0.754, -0.302, 0.5700000000000001, 192.0, 232.0, 112.0, 246.0, 144.0, 17.0, 208.0, 0.0, 0.0, 0.0, 1.769680287040741E9, 0.0, 2026-01-29 15:21:27.040
216.0, 69545.08358777566, -120022.20690515125, 65545.44008319855, -178945.96504520954, -128887.60166020413, -86470.04800677873, -87432.84939919108, -83792.75605592204, -0.754, -0.302, 0.5700000000000001, 192.0, 0.0, 0.0, 0.0, 0.0, 0.0, 0.0, 0.0, 0.0, 0.0, 1.769680287040836E9, 0.0, 2026-01-29 15:21:27.040
217.0, 69438.0410835792, -110678.5742257326, 69387.25792017674, -168043.25348654433, -128879.15270080004, -86465.01886427628, -87430.36835555654, -83791.1243785768, -0.754, -0.302, 0.5700000000000001, 192.0, 0.0, 0.0, 0.0, 0.0, 0.0, 0.0, 0.0, 0.0, 0.0, 1.769680287040922E9, 0.0, 2026-01-29 15:21:27.040
218.0, 69301.49427670172, -100496.28174260638, 69430.84382186459, -156929.78732941, -128868.55797392823, -86457.17340197247, -87425.92035840993, -83787.21282329713, -0.754, -0.302, 0.5700000000000001, 192.0, 0.0, 0.0, 0.0, 0.0, 0.0, 0.0, 0.0, 0.0, 0.0, 1.76968028704102E9, 0.0, 2026-01-29 15:21:27.041
219.0, 69338.39700679744, -104851.78737065643, 69466.0478193817, -162478.76435265117, -128873.27419200829, -86461.39788167452, -87428.55786425565, -83791.280840788, -0.754, -0.302, 0.5700000000000001, 192.0, 0.0, 0.0, 0.0, 0.0, 0.0, 0.0, 0.0, 0.0, 0.0, 1.769680287041117E9, 0.0, 2026-01-29 15:21:27.041
220.0, 69477.22369160935, -116769.44694154823, 67370.9517563524, -175859.18913593164, -128880.4714537229, -86467.52225965528, -87429.76485845624, -83794.36538152283, -0.754, -0.302, 0.5700000000000001, 192.0, 0.0, 0.0, 0.0, 0.0, 0.0, 0.0, 0.0, 0.0, 0.0, 1.769680287041215E9, 0.0, 2026-01-29 15:21:27.041
221.0, 69528.07391024518, -119973.03306734956, 65665.13367475673, -178904.81548366733, -128882.05842757922, -86470.3609312011, -87430.21189334535, -83796.42174201271, -0.754, -0.302, 0.5700000000000001, 192.0, 0.0, 0.0, 0.0, 0.0, 0.0, 0.0, 0.0, 0.0, 0.0, 1.769680287041302E9, 0.0, 2026-01-29 15:21:27.041
222.0, 69423.89242933899, -110589.59193105603, 69388.3755073995, -167941.4412905504, -128877.00693333232, -86468.81866083368, -87431.39653580148, -83798.29928854696, -0.754, -0.302, 0.5700000000000001, 192.0, 0.0, 0.0, 0.0, 0.0, 0.0, 0.0, 0.0, 0.0, 0.0, 1.769680287041426E9, 0.0, 2026-01-29 15:21:27.041
223.0, 69290.51957017418, -100509.62573404619, 69419.80206010367, -156912.75530013506, -128868.40151171703, -86462.96250378639, -87428.9378439114, -83796.3770385238, -0.754, -0.302, 0.5700000000000001, 192.0, 0.0, 0.0, 0.0, 0.0, 0.0, 0.0, 0.0, 0.0, 0.0, 1.769680287100349E9, 0.0, 2026-01-29 15:21:27.100
224.0, 69325.32123629109, -104954.00189805054, 69452.86029015307, -162562.9186705254, -128869.89907859554, -86464.08009100916, -87428.22258808883, -83797.15934957974, -0.754, -0.302, 0.5700000000000001, 192.0, 0.0, 0.0, 0.0, 0.0, 0.0, 0.0, 0.0, 0.0, 0.0, 1.769680287100473E9, 0.0, 2026-01-29 15:21:27.100
225.0, 69466.6960199709, -116818.28550318307, 67409.55321902671, -175922.6680901847, -128879.95736360042, -86472.75256785781, -87432.04473639069, -83802.97080313812, -0.754, -0.298, 0.5700000000000001, 192.0, 232.0, 112.0, 246.0, 176.0, 17.0, 208.0, 0.0, 0.0, 0.0, 1.769680287100557E9, 0.0, 2026-01-29 15:21:27.100
226.0, 69518.61912234058, -119910.93992125272, 65831.22948780411, -178864.9623233035, -128883.31012526872, -86477.42408244897, -87434.4363730474, -83806.99411714007, -0.754, -0.298, 0.5700000000000001, 192.0, 0.0, 0.0, 0.0, 0.0, 0.0, 0.0, 0.0, 0.0, 0.0, 1.7696802871007E9, 0.0, 2026-01-29 15:21:27.100
227.0, 69412.71655711133, -110490.35018567446, 69392.75644931274, -167845.52995509267, -128877.34220949915, -86474.85363183661, -87434.59283525859, -83807.88818691828, -0.754, -0.298, 0.5700000000000001, 192.0, 0.0, 0.0, 0.0, 0.0, 0.0, 0.0, 0.0, 0.0, 0.0, 1.769680287100782E9, 0.0, 2026-01-29 15:21:27.100
228.0, 69281.08713401403, -100507.14469041166, 69410.34727219907, -156899.4336604397, -128869.7202646399, -86469.89154456754, -87432.96115791335, -83806.6811927177, -0.754, -0.298, 0.5700000000000001, 192.0, 0.0, 0.0, 0.0, 0.0, 0.0, 0.0, 0.0, 0.0, 0.0, 1.7696802871009E9, 0.0, 2026-01-29 15:21:27.100
229.0, 69317.14049782044, -105042.78302702702, 69444.5901447046, -162663.32270661864, -128871.37429372959, -86471.16559400149, -87432.44706779088, -83807.4858555181, -0.754, -0.298, 0.5700000000000001, 192.0, 0.0, 0.0, 0.0, 0.0, 0.0, 0.0, 0.0, 0.0, 0.0, 1.769680287100983E9, 0.0, 2026-01-29 15:21:27.100
230.0, 69458.82820592263, -116871.84028289799, 67435.28007689478, -175995.95946025365, -128881.87961362358, -86480.39686446154, -87436.91741668194, -83813.78904745448, -0.754, -0.298, 0.5700000000000001, 192.0, 0.0, 0.0, 0.0, 0.0, 0.0, 0.0, 0.0, 0.0, 0.0, 1.769680287101074E9, 0.0, 2026-01-29 15:21:27.101
231.0, 69509.14198269152, -119859.2403363276, 65963.820035913, -178836.66501482308, -128885.05356133623, -86484.8672133526, -87439.2419981053, -83817.6335475008, -0.754, -0.298, 0.5700000000000001, 192.0, 0.0, 0.0, 0.0, 0.0, 0.0, 0.0, 0.0, 0.0, 0.0, 1.769680287101154E9, 0.0, 2026-01-29 15:21:27.101
232.0, 69403.19471397337, -110391.04138505954, 69396.73505982579, -167755.20655574877, -128879.44327347795, -86482.65439065151, -87439.73373648331, -83818.97465216812, -0.754, -0.298, 0.5700000000000001, 192.0, 0.0, 0.0, 0.0, 0.0, 0.0, 0.0, 0.0, 0.0, 0.0, 1.769680287101236E9, 0.0, 2026-01-29 15:21:27.101
233.0, 69273.48754089922, -100509.98336195748, 69402.85943780655, -156907.30147448796, -128872.84950886364, -86478.69813188293, -87439.06318414965, -83818.86289344584, -0.754, -0.298, 0.5700000000000001, 192.0, 0.0, 0.0, 0.0, 0.0, 0.0, 0.0, 0.0, 0.0, 0.0, 1.769680287101326E9, 0.0, 2026-01-29 15:21:27.101
234.0, 69310.72554716177, -105147.21037712222, 69438.2869527682, -162773.09212363866, -128874.43648271996, -86479.79336736124, -87438.4373353049, -83819.5334457795, -0.754, -0.298, 0.5700000000000001, 192.0, 0.0, 0.0, 0.0, 0.0, 0.0, 0.0, 0.0, 0.0, 0.0, 1.769680287101427E9, 0.0, 2026-01-29 15:21:27.101
235.0, 69448.38994126201, -116931.60884757148, 67493.86399911213, -176085.94758343074, -128881.0749508232, -86485.09073079715, -87438.92907368291, -83821.85802720285, -0.754, -0.294, 0.5700000000000001, 192.0, 232.0, 112.0, 246.0, 208.0, 17.0, 208.0, 0.0, 0.0, 0.0, 1.76968028710152E9, 0.0, 2026-01-29 15:21:27.101
236.0, 69495.17214240697, -119796.9236727862, 66129.29000011564, -178806.66897376408, -128881.85726187912, -86487.03533256476, -87438.72790798281, -83823.19913187018, -0.754, -0.294, 0.5700000000000001, 192.0, 0.0, 0.0, 0.0, 0.0, 0.0, 0.0, 0.0, 0.0, 0.0, 1.76968028710161E9, 0.0, 2026-01-29 15:21:27.101
237.0, 69387.88376902149, -110278.8803313828, 69394.43283014689, -167650.2204120422, -128875.93404959847, -86484.57664067467, -87438.99612891629, -83824.24966385958, -0.754, -0.294, 0.5700000000000001, 192.0, 0.0, 0.0, 0.0, 0.0, 0.0, 0.0, 0.0, 0.0, 0.0, 1.769680287101705E9, 0.0, 2026-01-29 15:21:27.101
238.0, 69259.67416282585, -100507.41291134512, 69389.04605973317, -156903.14405001927, -128869.9661338289, -86481.24623075084, -87439.0408324052, -83824.67434700423, -0.754, -0.294, 0.5700000000000001, 192.0, 0.0, 0.0, 0.0, 0.0, 0.0, 0.0, 0.0, 0.0, 0.0, 1.769680287160628E9, 0.0, 2026-01-29 15:21:27.160
239.0, 69300.5107999457, -105246.67563994833, 69427.9380950854, -162884.69438370402, -128874.05650306422, -86484.7107511414, -87440.9407306839, -83827.7812394835, -0.754, -0.294, 0.5700000000000001, 192.0, 0.0, 0.0, 0.0, 0.0, 0.0, 0.0, 0.0, 0.0, 0.0, 1.769680287160741E9, 0.0, 2026-01-29 15:21:27.160
240.0, 69440.1868510469, -116982.36965922949, 67556.694752776, -176173.05233157307, -128883.24307003536, -86492.73502740086, -87444.06997490764, -83832.8327337304, -0.754, -0.294, 0.5700000000000001, 192.0, 0.0, 0.0, 0.0, 0.0, 0.0, 0.0, 0.0, 0.0, 0.0, 1.769680287160825E9, 0.0, 2026-01-29 15:21:27.160
241.0, 69484.86798821307, -119723.29702655043, 66335.99893283832, -178757.47278421794, -128883.60069794665, -86494.23259427937, -87443.4888295518, -83833.81621048645, -0.754, -0.294, 0.5700000000000001, 192.0, 0.0, 0.0, 0.0, 0.0, 0.0, 0.0, 0.0, 0.0, 0.0, 1.769680287160951E9, 0.0, 2026-01-29 15:21:27.160
242.0, 69378.00429797225, -110161.89130090372, 69401.31716743913, -167527.95636987168, -128879.06329382221, -86493.02560007878, -87445.1428586415, -83836.23019888761, -0.754, -0.294, 0.5700000000000001, 192.0, 0.0, 0.0, 0.0, 0.0, 0.0, 0.0, 0.0, 0.0, 0.0, 1.769680287161034E9, 0.0, 2026-01-29 15:21:27.161
243.0, 69251.09109295502, -100492.45959430451, 69380.39593462896, -156864.09555245587, -128873.45300596394, -86489.89635585503, -87445.41107957496, -83837.05721343246, -0.754, -0.294, 0.5700000000000001, 192.0, 0.0, 0.0, 0.0, 0.0, 0.0, 0.0, 0.0, 0.0, 0.0, 1.769680287161138E9, 0.0, 2026-01-29 15:21:27.161
244.0, 69290.6983841298, -105325.55494613112, 69418.30449322517, -162961.04794276334, -128875.44231122045, -86491.08099831117, -87444.96404468585, -83837.95128321067, -0.754, -0.294, 0.5700000000000001, 192.0, 0.0, 0.0, 0.0, 0.0, 0.0, 0.0, 0.0, 0.0, 0.0, 1.769680287161221E9, 0.0, 2026-01-29 15:21:27.161
245.0, 69429.52506894173, -117014.48911601175, 67700.17060043462, -176216.28060534963, -128884.00302934683, -86498.32296351469, -87447.46744006485, -83842.53339082401, -0.756, -0.29, 0.5660000000000001, 192.0, 232.0, 96.0, 246.0, 240.0, 17.0, 176.0, 0.0, 0.0, 0.0, 1.769680287161334E9, 0.0, 2026-01-29 15:21:27.161
246.0, 69475.5026072863, -119650.13976694821, 66633.25478234944, -178701.1240364461, -128886.7746456593, -86502.167463561, -87449.389690088, -83845.97555947013, -0.756, -0.29, 0.5660000000000001, 192.0, 0.0, 0.0, 0.0, 0.0, 0.0, 0.0, 0.0, 0.0, 0.0, 1.769680287161438E9, 0.0, 2026-01-29 15:21:27.161
247.0, 69365.64378328845, -110047.85270069275, 69405.87692330801, -167401.73606893254, -128879.80090138924, -86498.59118444815, -87448.76384124326, -83846.10966993686, -0.756, -0.29, 0.5660000000000001, 192.0, 0.0, 0.0, 0.0, 0.0, 0.0, 0.0, 0.0, 0.0, 0.0, 1.76968028716152E9, 0.0, 2026-01-29 15:21:27.161
248.0, 69237.61299104846, -100497.10875715122, 69366.8731292335, -156838.86043296583, -128872.0224943188, -86493.40557973452, -87446.7968877312, -83844.67915829172, -0.756, -0.29, 0.5660000000000001, 192.0, 0.0, 0.0, 0.0, 0.0, 0.0, 0.0, 0.0, 0.0, 0.0, 1.769680287161614E9, 0.0, 2026-01-29 15:21:27.161
249.0, 69278.71784910177, -105431.97160148283, 69406.65923436395, -163042.2741821139, -128874.07885480869, -86494.90314661303, -87446.37220458654, -83845.61793155884, -0.756, -0.29, 0.5660000000000001, 192.0, 0.0, 0.0, 0.0, 0.0, 0.0, 0.0, 0.0, 0.0, 0.0, 1.769680287161705E9, 0.0, 2026-01-29 15:21:27.161
250.0, 69417.49983042477, -117067.14982594847, 67864.14299775875, -176268.4048734194, -128882.8183868907, -86502.34627751664, -87449.09911741008, -83850.22239091664, -0.756, -0.29, 0.5660000000000001, 192.0, 0.0, 0.0, 0.0, 0.0, 0.0, 0.0, 0.0, 0.0, 0.0, 1.769680287161804E9, 0.0, 2026-01-29 15:21:27.161
251.0, 69462.2927263132, -119578.34596375776, 66933.70693131769, -178638.4050415045, -128886.10409332563, -86506.8166264077, -87451.6919197669, -83854.17864968523, -0.756, -0.29, 0.5660000000000001, 192.0, 0.0, 0.0, 0.0, 0.0, 0.0, 0.0, 0.0, 0.0, 0.0, 1.769680287161891E9, 0.0, 2026-01-29 15:21:27.161
252.0, 69350.57870752558, -109935.11050166018, 69405.51929539672, -167269.0784655903, -128877.94570659945, -86502.18981530545, -87449.90378021047, -83853.10576595138, -0.756, -0.29, 0.5660000000000001, 192.0, 0.0, 0.0, 0.0, 0.0, 0.0, 0.0, 0.0, 0.0, 0.0, 1.769680287161987E9, 0.0, 2026-01-29 15:21:27.161
253.0, 69225.69951125378, -100507.5246700674, 69354.91494594992, -156810.6078279743, -128872.49188095235, -86499.26173678182, -87450.26140812176, -83854.04453921849, -0.756, -0.29, 0.5660000000000001, 192.0, 0.0, 0.0, 0.0, 0.0, 0.0, 0.0, 0.0, 0.0, 0.0, 1.769680287221043E9, 0.0, 2026-01-29 15:21:27.221
254.0, 69271.72175308726, -105550.25703314031, 69399.79724881616, -163124.260380776, -128878.14687229955, -86504.44734149544, -87453.56946630114, -83858.76075729857, -0.756, -0.29, 0.5660000000000001, 192.0, 0.0, 0.0, 0.0, 0.0, 0.0, 0.0, 0.0, 0.0, 0.0, 1.769680287221212E9, 0.0, 2026-01-29 15:21:27.221
255.0, 69410.95076929936, -117131.85812614657, 68016.35837749939, -176336.5329905192, -128887.89223288206, -86513.00805962182, -87457.16809715844, -83864.3933969013, -0.762, -0.294, 0.5720000000000001, 192.0, 232.0, 48.0, 246.0, 208.0, 17.0, 224.0, 0.0, 0.0, 0.0, 1.769680287221297E9, 0.0, 2026-01-29 15:21:27.221
0.0, 69455.92247914344, -119505.47927683346, 67241.06576932261, -178593.7015525939, -128892.83196840668, -86519.24419632486, -87461.3925768605, -83870.16014697077, -0.762, -0.294, 0.5720000000000001, 192.0, 0.0, 0.0, 0.0, 0.0, 0.0, 0.0, 0.0, 0.0, 0.0, 1.76968028722146E9, 0.0, 2026-01-29 15:21:27.221
1.0, 69344.78960571166, -109821.98832297187, 69415.64463563498, -167175.78228423386, -128886.41701774801, -86516.2714143123, -87461.30316988268, -83870.74129232661, -0.762, -0.294, 0.5720000000000001, 192.0, 0.0, 0.0, 0.0, 0.0, 0.0, 0.0, 0.0, 0.0, 0.0, 1.769680287221541E9, 0.0, 2026-01-29 15:21:27.221
2.0, 69218.4351943058, -100499.1204141522, 69347.80709121312, -156795.27453127797, -128878.63861067756, -86510.9740508764, -87459.22445764834, -83869.17667021474, -0.762, -0.294, 0.5720000000000001, 192.0, 0.0, 0.0, 0.0, 0.0, 0.0, 0.0, 0.0, 0.0, 0.0, 1.769680287221669E9, 0.0, 2026-01-29 15:21:27.221
3.0, 69261.43995063781, -105620.21799328542, 69389.67190857792, -163206.89478002724, -128880.40439848953, -86512.24810031035, -87458.48685008132, -83869.98133301512, -0.762, -0.294, 0.5720000000000001, 192.0, 0.0, 0.0, 0.0, 0.0, 0.0, 0.0, 0.0, 0.0, 0.0, 1.769680287221752E9, 0.0, 2026-01-29 15:21:27.221
4.0, 69399.88665579399, -117140.82117567316, 68165.75743743866, -176377.54844159467, -128889.81448290522, -86520.51824575881, -87461.99607396079, -83875.47986215113, -0.762, -0.294, 0.5720000000000001, 192.0, 0.0, 0.0, 0.0, 0.0, 0.0, 0.0, 0.0, 0.0, 0.0, 1.769680287221851E9, 0.0, 2026-01-29 15:21:27.221
5.0, 69440.67858942492, -119418.12865950212, 67497.932016603, -178534.9388164209, -128892.13906432857, -86523.91571091602, -87463.6948065394, -83878.65380986378, -0.762, -0.294, 0.5720000000000001, 192.0, 0.0, 0.0, 0.0, 0.0, 0.0, 0.0, 0.0, 0.0, 0.0, 1.769680287221933E9, 0.0, 2026-01-29 15:21:27.221
6.0, 69328.65164621493, -109710.38606290652, 69410.16845824342, -167067.39867537006, -128885.38883750307, -86520.49589401436, -87463.27012339474, -83878.87732730834, -0.762, -0.294, 0.5720000000000001, 192.0, 0.0, 0.0, 0.0, 0.0, 0.0, 0.0, 0.0, 0.0, 0.0, 1.769680287222016E9, 0.0, 2026-01-29 15:21:27.222
7.0, 69205.15825809936, -100491.81139371531, 69334.4183962844, -156773.14630426723, -128879.46562522241, -86517.05372536824, -87463.04660595019, -83879.41376917527, -0.762, -0.294, 0.5720000000000001, 192.0, 0.0, 0.0, 0.0, 0.0, 0.0, 0.0, 0.0, 0.0, 0.0, 1.769680287222129E9, 0.0, 2026-01-29 15:21:27.222
8.0, 69251.53812784412, -105698.53850585682, 69380.1277136955, -163276.85574017238, -128883.66775318001, -86520.80881843672, -87464.85709725108, -83882.54301339902, -0.762, -0.294, 0.5720000000000001, 192.0, 0.0, 0.0, 0.0, 0.0, 0.0, 0.0, 0.0, 0.0, 0.0, 1.769680287222235E9, 0.0, 2026-01-29 15:21:27.222
9.0, 69390.63303358949, -117166.7044957524, 68289.58610172107, -176422.63191016103, -128893.83779690717, -86529.61540575212, -87468.90276299749, -83888.6003361464, -0.758, -0.29, 0.5700000000000001, 192.0, 232.0, 80.0, 246.0, 240.0, 17.0, 208.0, 0.0, 0.0, 0.0, 1.76968028722234E9, 0.0, 2026-01-29 15:21:27.222
10.0, 69428.72040614134, -119337.90824865202, 67715.0792139863, -178491.37526647752, -128894.41894226302, -86531.24708309736, -87468.81335601966, -83890.00849604708, -0.758, -0.29, 0.5700000000000001, 192.0, 0.0, 0.0, 0.0, 0.0, 0.0, 0.0, 0.0, 0.0, 0.0, 1.769680287222446E9, 0.0, 2026-01-29 15:21:27.222
11.0, 69314.34652976353, -109597.33093945158, 69404.84874306306, -166950.29788616873, -128885.90292762553, -86526.21794059491, -87466.60053331859, -83888.57798440194, -0.758, -0.29, 0.5700000000000001, 192.0, 0.0, 0.0, 0.0, 0.0, 0.0, 0.0, 0.0, 0.0, 0.0, 1.769680287222551E9, 0.0, 2026-01-29 15:21:27.222
12.0, 69187.50037997965, -100495.0747484058, 69316.78286990916, -156748.17940571063, -128875.6211251761, -86518.43953352446, -87461.92901872743, -83884.44291167772, -0.758, -0.29, 0.5700000000000001, 192.0, 0.0, 0.0, 0.0, 0.0, 0.0, 0.0, 0.0, 0.0, 0.0, 1.76968028728144E9, 0.0, 2026-01-29 15:21:27.281
13.0, 69236.27188638115, -105777.2613498284, 69364.8167687436, -163349.02952301854, -128881.29846826775, -86523.51337951582, -87465.03591120672, -83888.98031580214, -0.758, -0.29, 0.5700000000000001, 192.0, 0.0, 0.0, 0.0, 0.0, 0.0, 0.0, 0.0, 0.0, 0.0, 1.769680287281587E9, 0.0, 2026-01-29 15:21:27.281
14.0, 69373.53394908117, -117197.28168216726, 68383.50813192227, -176485.82029173616, -128890.21681430542, -86531.13532437508, -87467.91928624145, -83893.71888562667, -0.758, -0.29, 0.5700000000000001, 192.0, 0.0, 0.0, 0.0, 0.0, 0.0, 0.0, 0.0, 0.0, 0.0, 1.769680287281671E9, 0.0, 2026-01-29 15:21:27.281
15.0, 69411.44250767738, -119261.84526227061, 67907.70654770214, -178434.89240823896, -128891.91554688402, -86534.01869940982, -87469.10392869759, -83896.31168798349, -0.758, -0.29, 0.5700000000000001, 192.0, 0.0, 0.0, 0.0, 0.0, 0.0, 0.0, 0.0, 0.0, 0.0, 1.769680287281753E9, 0.0, 2026-01-29 15:21:27.281
16.0, 69296.93452083285, -109500.01144409316, 69395.14808596946, -166849.20094599735, -128883.71245666892, -86529.23542609638, -87467.24873390779, -83895.19410076071, -0.758, -0.29, 0.5700000000000001, 192.0, 0.0, 0.0, 0.0, 0.0, 0.0, 0.0, 0.0, 0.0, 0.0, 1.769680287281911E9, 0.0, 2026-01-29 15:21:27.281
17.0, 69175.47514146271, -100509.62573404619, 69304.62352092547, -156755.9578127811, -128877.54337519925, -86525.65914698353, -87466.75699552978, -83895.21645250518, -0.758, -0.29, 0.5700000000000001, 192.0, 0.0, 0.0, 0.0, 0.0, 0.0, 0.0, 0.0, 0.0, 0.0, 1.769680287282034E9, 0.0, 2026-01-29 15:21:27.282
18.0, 69224.87249670894, -105878.55945569987, 69353.35032383804, -163473.2381669567, -128882.7736834018, -86530.21890285242, -87469.23803916431, -83899.03860080703, -0.758, -0.29, 0.5700000000000001, 192.0, 0.0, 0.0, 0.0, 0.0, 0.0, 0.0, 0.0, 0.0, 0.0, 1.769680287282117E9, 0.0, 2026-01-29 15:21:27.282
19.0, 69363.74388500975, -117226.85304008164, 68418.71212943937, -176562.10679556214, -128893.65898295153, -86539.8748564571, -87474.2001264334, -83906.12410379936, -0.76, -0.292, 0.5700000000000001, 192.0, 232.0, 64.0, 246.0, 224.0, 17.0, 208.0, 0.0, 0.0, 0.0, 1.769680287282241E9, 0.0, 2026-01-29 15:21:27.282
20.0, 69402.54651338416, -119180.79783687566, 68002.85792384838, -178391.7088379513, -128897.5258347423, -86544.99340593736, -87477.37407414605, -83911.04148757952, -0.76, -0.292, 0.5700000000000001, 192.0, 0.0, 0.0, 0.0, 0.0, 0.0, 0.0, 0.0, 0.0, 0.0, 1.769680287282332E9, 0.0, 2026-01-29 15:21:27.282
21.0, 69286.40684919439, -109393.52773350809, 69389.15781845544, -166741.86786912297, -128888.60748870463, -86539.53958029028, -87474.98243748934, -83909.23099627865, -0.76, -0.292, 0.5700000000000001, 192.0, 0.0, 0.0, 0.0, 0.0, 0.0, 0.0, 0.0, 0.0, 0.0, 1.769680287282427E9, 0.0, 2026-01-29 15:21:27.282
22.0, 69163.71812387921, -100527.39537088816, 69292.88885508644, -156760.2046442276, -128880.18088104497, -86533.59401626517, -87472.1437659435, -83907.01817357757, -0.76, -0.292, 0.5700000000000001, 192.0, 0.0, 0.0, 0.0, 0.0, 0.0, 0.0, 0.0, 0.0, 0.0, 1.76968028728251E9, 0.0, 2026-01-29 15:21:27.282
23.0, 69213.49545878118, -105987.30069247494, 69342.10739637702, -163593.4682003818, -128884.6735816805, -86537.50557154484, -87473.93190549994, -83910.16976954577, -0.76, -0.292, 0.5700000000000001, 192.0, 0.0, 0.0, 0.0, 0.0, 0.0, 0.0, 0.0, 0.0, 0.0, 1.769680287282626E9, 0.0, 2026-01-29 15:21:27.282
24.0, 69349.37171332499, -117266.90736614555, 68462.96858346088, -176635.30875865326, -128892.83196840668, -86544.41226058154, -87476.21178343437, -83914.30484227001, -0.76, -0.292, 0.5700000000000001, 192.0, 0.0, 0.0, 0.0, 0.0, 0.0, 0.0, 0.0, 0.0, 0.0, 1.769680287282726E9, 0.0, 2026-01-29 15:21:27.282
25.0, 69385.04509747567, -119101.7620684817, 68084.59825332144, -178351.2968839761, -128895.17890157449, -86547.72031876091, -87478.11168171307, -83917.67995568276, -0.76, -0.292, 0.5700000000000001, 192.0, 0.0, 0.0, 0.0, 0.0, 0.0, 0.0, 0.0, 0.0, 0.0, 1.769680287282808E9, 0.0, 2026-01-29 15:21:27.282
26.0, 69271.6994013428, -109285.5464560445, 69377.75842878323, -166646.31416157653, -128889.34509627166, -86545.19457163746, -87478.75988230227, -83919.08811558344, -0.76, -0.292, 0.5700000000000001, 192.0, 0.0, 0.0, 0.0, 0.0, 0.0, 0.0, 0.0, 0.0, 0.0, 1.769680287282906E9, 0.0, 2026-01-29 15:21:27.282
27.0, 69150.57529813949, -100538.39242916017, 69279.81308458008, -156776.9013973357, -128881.36552350111, -86539.65133901255, -87476.27883866774, -83917.25527253811, -0.76, -0.292, 0.5700000000000001, 192.0, 0.0, 0.0, 0.0, 0.0, 0.0, 0.0, 0.0, 0.0, 0.0, 1.769680287341516E9, 0.0, 2026-01-29 15:21:27.341
28.0, 69201.02318537512, -106074.58425457291, 69329.65747471541, -163695.48156207582, -128885.5229479698, -86543.07115591421, -87477.5528881017, -83919.98218536164, -0.76, -0.292, 0.5700000000000001, 192.0, 0.0, 0.0, 0.0, 0.0, 0.0, 0.0, 0.0, 0.0, 0.0, 1.769680287341635E9, 0.0, 2026-01-29 15:21:27.341
29.0, 69337.50293701922, -117298.84800897217, 68527.05103481424, -176711.28233805686, -128894.84362540767, -86551.1848391515, -87480.97270500335, -83925.19014181974, -0.76, -0.294, 0.5700000000000001, 192.0, 232.0, 64.0, 246.0, 208.0, 17.0, 208.0, 0.0, 0.0, 0.0, 1.769680287341725E9, 0.0, 2026-01-29 15:21:27.341
30.0, 69371.38818161347, -119019.53000063062, 68217.99346423072, -178309.72263928922, -128896.56470973072, -86554.1352694196, -87482.4032166485, -83928.07351685448, -0.76, -0.294, 0.5700000000000001, 192.0, 0.0, 0.0, 0.0, 0.0, 0.0, 0.0, 0.0, 0.0, 0.0, 1.769680287341826E9, 0.0, 2026-01-29 15:21:27.341
31.0, 69255.22616567924, -109188.15990545272, 69366.24728038875, -166557.08599771096, -128888.67454393799, -86549.62021703961, -87480.86094628107, -83927.1570953318, -0.76, -0.294, 0.5700000000000001, 192.0, 0.0, 0.0, 0.0, 0.0, 0.0, 0.0, 0.0, 0.0, 0.0, 1.769680287341979E9, 0.0, 2026-01-29 15:21:27.341
32.0, 69137.99126601116, -100549.25537696546, 69267.18434896284, -156770.59820539932, -128883.55599445773, -86547.09446991616, -87481.30798117018, -83928.02881336556, -0.76, -0.294, 0.5700000000000001, 192.0, 0.0, 0.0, 0.0, 0.0, 0.0, 0.0, 0.0, 0.0, 0.0, 1.769680287342108E9, 0.0, 2026-01-29 15:21:27.342
33.0, 69191.12136258143, -106149.48495024264, 69319.73330017726, -163779.45706599441, -128889.3227445272, -86552.2353711409, -87484.3031149272, -83932.45445876771, -0.76, -0.294, 0.5700000000000001, 192.0, 0.0, 0.0, 0.0, 0.0, 0.0, 0.0, 0.0, 0.0, 0.0, 1.769680287342196E9, 0.0, 2026-01-29 15:21:27.342
34.0, 69324.78479442415, -117304.81592474175, 68592.02755594582, -176762.40077762614, -128896.40824751953, -86557.89036248808, -87485.37599866105, -83935.44959252472, -0.76, -0.294, 0.5700000000000001, 192.0, 0.0, 0.0, 0.0, 0.0, 0.0, 0.0, 0.0, 0.0, 0.0, 1.769680287342304E9, 0.0, 2026-01-29 15:21:27.342
35.0, 69356.61367852852, -118921.18232502727, 68344.54904133666, -178254.4691269957, -128897.30231729774, -86560.17024042252, -87486.11360622807, -83937.68476697025, -0.76, -0.294, 0.5700000000000001, 192.0, 0.0, 0.0, 0.0, 0.0, 0.0, 0.0, 0.0, 0.0, 0.0, 1.769680287342391E9, 0.0, 2026-01-29 15:21:27.342
36.0, 69242.1950986618, -109078.65870936618, 69357.37363783999, -166465.01916229955, -128891.60262246164, -86557.82330725472, -87486.82886205064, -83939.04822338202, -0.76, -0.294, 0.5700000000000001, 192.0, 0.0, 0.0, 0.0, 0.0, 0.0, 0.0, 0.0, 0.0, 0.0, 1.769680287342495E9, 0.0, 2026-01-29 15:21:27.342
37.0, 69123.59674258194, -100554.37392644573, 69252.92393600034, -156771.84990308882, -128884.15949155802, -86552.81651649672, -87484.86190853857, -83937.55065650352, -0.76, -0.294, 0.5700000000000001, 192.0, 0.0, 0.0, 0.0, 0.0, 0.0, 0.0, 0.0, 0.0, 0.0, 1.769680287342584E9, 0.0, 2026-01-29 15:21:27.342
38.0, 69174.8269408735, -106226.79963431355, 69303.57298893607, -163873.5802618957, -128887.31108752622, -86555.31991187572, -87485.04072249422, -83939.27174082659, -0.76, -0.294, 0.5700000000000001, 192.0, 0.0, 0.0, 0.0, 0.0, 0.0, 0.0, 0.0, 0.0, 0.0, 1.769680287342724E9, 0.0, 2026-01-29 15:21:27.342
39.0, 69311.48550647325, -117315.09772719118, 68710.84942947024, -176814.5473974404, -128897.74935218685, -86564.66294105804, -87489.66753359647, -83945.75374671862, -0.756, -0.296, 0.5680000000000001, 192.0, 232.0, 96.0, 246.0, 192.0, 17.0, 192.0, 0.0, 0.0, 0.0, 1.769680287342831E9, 0.0, 2026-01-29 15:21:27.342
40.0, 69344.36492256701, -118843.06297815597, 68511.0248340398, -178215.10770500993, -128900.9232998995, -86569.20034518247, -87492.68501909793, -83950.13468863186, -0.756, -0.296, 0.5680000000000001, 192.0, 0.0, 0.0, 0.0, 0.0, 0.0, 0.0, 0.0, 0.0, 0.0, 1.769680287342926E9, 0.0, 2026-01-29 15:21:27.342
41.0, 69226.79474673209, -108985.29547277636, 69345.46015804532, -166368.8172541639, -128892.2731747953, -86564.19355442448, -87490.56160337468, -83948.63712175336, -0.756, -0.296, 0.5680000000000001, 192.0, 0.0, 0.0, 0.0, 0.0, 0.0, 0.0, 0.0, 0.0, 0.0, 1.76968028734303E9, 0.0, 2026-01-29 15:21:27.343
42.0, 69112.01853895409, -100577.35151974577, 69241.36808411696, -156782.64579566073, -128887.69106718196, -86562.07013870122, -87491.34391443062, -83950.02292990958, -0.756, -0.296, 0.5680000000000001, 192.0, 0.0, 0.0, 0.0, 0.0, 0.0, 0.0, 0.0, 0.0, 0.0, 1.769680287400856E9, 0.0, 2026-01-29 15:21:27.400
43.0, 69166.8250163585, -106319.08998716951, 69295.77223012116, -163964.5965653177, -128893.54722422925, -86567.34515039268, -87494.36139993208, -83954.40387182283, -0.756, -0.296, 0.5680000000000001, 192.0, 0.0, 0.0, 0.0, 0.0, 0.0, 0.0, 0.0, 0.0, 0.0, 1.769680287400966E9, 0.0, 2026-01-29 15:21:27.400
44.0, 69299.59437842302, -117340.75752982587, 68854.81701550687, -176865.26350560947, -128900.58802373268, -86573.15660395105, -87495.45663541039, -83957.42135732429, -0.756, -0.296, 0.5680000000000001, 192.0, 0.0, 0.0, 0.0, 0.0, 0.0, 0.0, 0.0, 0.0, 0.0, 1.769680287401053E9, 0.0, 2026-01-29 15:21:27.401
45.0, 69327.39994852543, -118756.02528524701, 68709.79889748084, -178149.08065188894, -128900.20804407694, -86573.9836184959, -87494.83078656564, -83958.24837186914, -0.756, -0.296, 0.5680000000000001, 192.0, 0.0, 0.0, 0.0, 0.0, 0.0, 0.0, 0.0, 0.0, 0.0, 1.769680287401141E9, 0.0, 2026-01-29 15:21:27.401
46.0, 69209.06981337903, -108884.82438144975, 69331.0656346161, -166247.00024688247, -128891.37910501708, -86568.77566203782, -87492.41679816447, -83956.6166945239, -0.756, -0.296, 0.5680000000000001, 192.0, 0.0, 0.0, 0.0, 0.0, 0.0, 0.0, 0.0, 0.0, 0.0, 1.769680287401271E9, 0.0, 2026-01-29 15:21:27.401
47.0, 69095.05356491251, -100600.95496189059, 69224.38075833092, -156759.66820236066, -128886.39466600356, -86566.24991491437, -87492.86383305358, -83957.57781953548, -0.756, -0.296, 0.5680000000000001, 192.0, 0.0, 0.0, 0.0, 0.0, 0.0, 0.0, 0.0, 0.0, 0.0, 1.769680287401382E9, 0.0, 2026-01-29 15:21:27.401
48.0, 69151.40231268434, -106413.21318307081, 69280.32717470256, -164034.9151533741, -128892.54139572877, -86571.81549928374, -87496.1495394885, -83962.18227889328, -0.756, -0.296, 0.5680000000000001, 192.0, 0.0, 0.0, 0.0, 0.0, 0.0, 0.0, 0.0, 0.0, 0.0, 1.769680287401485E9, 0.0, 2026-01-29 15:21:27.401
49.0, 69287.12210501697, -117376.72148665447, 68905.89075158724, -176911.57632012086, -128902.8231981782, -86580.86795578814, -87500.50812965729, -83968.55252606304, -0.758, -0.3, 0.5660000000000001, 192.0, 232.0, 80.0, 246.0, 160.0, 17.0, 176.0, 0.0, 0.0, 0.0, 1.769680287401583E9, 0.0, 2026-01-29 15:21:27.401
50.0, 69312.44663148483, -118687.74070593604, 68791.02513683142, -178092.6872006282, -128900.87859641059, -86580.10799647665, -87498.40706567849, -83967.7702150071, -0.758, -0.3, 0.5660000000000001, 192.0, 0.0, 0.0, 0.0, 0.0, 0.0, 0.0, 0.0, 0.0, 0.0, 1.76968028740168E9, 0.0, 2026-01-29 15:21:27.401
51.0, 69193.11066783794, -108789.71770879242, 69316.98403560926, -166140.3600740862, -128891.80378816173, -86574.47535687393, -87495.85896681059, -83965.80326149504, -0.758, -0.3, 0.5660000000000001, 192.0, 0.0, 0.0, 0.0, 0.0, 0.0, 0.0, 0.0, 0.0, 0.0, 1.769680287401766E9, 0.0, 2026-01-29 15:21:27.401
52.0, 69079.09441937142, -100613.40488355218, 69208.35455755646, -156751.24159470102, -128885.63470669207, -86570.72026380543, -87495.00960052128, -83965.60209579494, -0.758, -0.3, 0.5660000000000001, 192.0, 0.0, 0.0, 0.0, 0.0, 0.0, 0.0, 0.0, 0.0, 0.0, 1.769680287401852E9, 0.0, 2026-01-29 15:21:27.401
53.0, 69135.48787063216, -106522.20028903488, 69264.45743613929, -164146.42800646165, -128890.90971838353, -86575.10120571866, -87497.26712671127, -83969.29013363006, -0.758, -0.3, 0.5660000000000001, 192.0, 0.0, 0.0, 0.0, 0.0, 0.0, 0.0, 0.0, 0.0, 0.0, 1.76968028740196E9, 0.0, 2026-01-29 15:21:27.401
54.0, 69269.1513024749, -117422.52021104339, 68965.83813021638, -176979.16799535372, -128899.35867778763, -86582.29846743327, -87499.9493360459, -83973.82753775449, -0.758, -0.3, 0.5660000000000001, 192.0, 0.0, 0.0, 0.0, 0.0, 0.0, 0.0, 0.0, 0.0, 0.0, 1.769680287402057E9, 0.0, 2026-01-29 15:21:27.402
55.0, 69296.97922432175, -118620.86428652577, 68883.18137922065, -178049.25776115153, -128901.28092781079, -86585.5394703793, -87501.73747560233, -83976.97913372268, -0.758, -0.3, 0.5660000000000001, 192.0, 0.0, 0.0, 0.0, 0.0, 0.0, 0.0, 0.0, 0.0, 0.0, 1.769680287402144E9, 0.0, 2026-01-29 15:21:27.402
56.0, 69177.33033625249, -108693.73931810133, 69302.70127090231, -166036.15624143556, -128892.22847130639, -86579.97388600992, -87499.27878371225, -83975.14629067735, -0.758, -0.3, 0.5660000000000001, 192.0, 0.0, 0.0, 0.0, 0.0, 0.0, 0.0, 0.0, 0.0, 0.0, 1.769680287402347E9, 0.0, 2026-01-29 15:21:27.402
57.0, 69064.52108198656, -100644.18323566715, 69193.91533063834, -156767.17838849765, -128886.05938983672, -86576.19644119698, -87498.29530695622, -83974.85571799942, -0.758, -0.3, 0.5660000000000001, 192.0, 0.0, 0.0, 0.0, 0.0, 0.0, 0.0, 0.0, 0.0, 0.0, 1.769680287461132E9, 0.0, 2026-01-29 15:21:27.461
58.0, 69122.0097687256, -106629.8686420761, 69251.02403772164, -164252.66584785772, -128891.33440152818, -86580.64443834359, -87500.5528331462, -83978.49905234565, -0.758, -0.3, 0.5660000000000001, 192.0, 0.0, 0.0, 0.0, 0.0, 0.0, 0.0, 0.0, 0.0, 0.0, 1.769680287461263E9, 0.0, 2026-01-29 15:21:27.461
59.0, 69255.20381393479, -117457.81361553833, 69036.29082873951, -177040.85881005035, -128900.0739336102, -86588.33343843621, -87503.45855992539, -83983.39408438136, -0.76, -0.294, 0.5700000000000001, 192.0, 232.0, 64.0, 246.0, 208.0, 17.0, 208.0, 0.0, 0.0, 0.0, 1.769680287461357E9, 0.0, 2026-01-29 15:21:27.461
60.0, 69281.71298285878, -118527.21047725804, 68981.23848214609, -177992.57373721286, -128902.06323886673, -86591.68620010451, -87505.42551343745, -83986.79154953857, -0.76, -0.294, 0.5700000000000001, 192.0, 0.0, 0.0, 0.0, 0.0, 0.0, 0.0, 0.0, 0.0, 0.0, 1.76968028746146E9, 0.0, 2026-01-29 15:21:27.461
61.0, 69163.60636515694, -108585.98155808229, 69290.07253528507, -165932.4664989074, -128895.38006727459, -86588.57930762522, -87505.33610645964, -83987.37269489441, -0.76, -0.294, 0.5700000000000001, 192.0, 0.0, 0.0, 0.0, 0.0, 0.0, 0.0, 0.0, 0.0, 0.0, 1.769680287461586E9, 0.0, 2026-01-29 15:21:27.461
62.0, 69052.33938125843, -100680.90715180722, 69181.68892642128, -156762.23865297303, -128889.90388988303, -86585.38300816811, -87504.93377505944, -83987.66326757232, -0.76, -0.294, 0.5700000000000001, 192.0, 0.0, 0.0, 0.0, 0.0, 0.0, 0.0, 0.0, 0.0, 0.0, 1.769680287461689E9, 0.0, 2026-01-29 15:21:27.461
63.0, 69108.77753600807, -106749.11519874516, 69237.83650849301, -164329.66760750624, -128892.98843061787, -86587.55112738027, -87504.86671982608, -83989.11613096192, -0.76, -0.294, 0.5700000000000001, 192.0, 0.0, 0.0, 0.0, 0.0, 0.0, 0.0, 0.0, 0.0, 0.0, 1.769680287461771E9, 0.0, 2026-01-29 15:21:27.461
64.0, 69241.07751143903, -117508.50737196296, 69090.65027125481, -177092.37958101984, -128901.3256312997, -86594.54722339478, -87507.37011520506, -83993.58647985298, -0.76, -0.294, 0.5700000000000001, 192.0, 0.0, 0.0, 0.0, 0.0, 0.0, 0.0, 0.0, 0.0, 0.0, 1.769680287461863E9, 0.0, 2026-01-29 15:21:27.461
65.0, 69266.2008722068, -118464.9161654611, 69053.21109929218, -177929.96650099356, -128902.97966038939, -86597.72117110743, -87509.13590301704, -83996.827482799, -0.76, -0.294, 0.5700000000000001, 192.0, 0.0, 0.0, 0.0, 0.0, 0.0, 0.0, 0.0, 0.0, 0.0, 1.769680287461946E9, 0.0, 2026-01-29 15:21:27.461
66.0, 69146.48492890417, -108495.99343490523, 69273.86752055497, -165828.6873494014, -128894.88832889657, -86593.09436000518, -87507.59363264962, -83995.86635778742, -0.76, -0.294, 0.5700000000000001, 192.0, 0.0, 0.0, 0.0, 0.0, 0.0, 0.0, 0.0, 0.0, 0.0, 1.769680287462027E9, 0.0, 2026-01-29 15:21:27.462
67.0, 69034.547392672, -100679.90132330672, 69163.85223434595, -156745.8995277762, -128887.40049450404, -86587.95345878047, -87505.24669948181, -83994.1229217199, -0.76, -0.294, 0.5700000000000001, 192.0, 0.0, 0.0, 0.0, 0.0, 0.0, 0.0, 0.0, 0.0, 0.0, 1.76968028746211E9, 0.0, 2026-01-29 15:21:27.462
68.0, 69094.62888176786, -106820.64078100215, 69223.64315076389, -164409.23981776714, -128893.25665155133, -86592.98260128291, -87507.97361230536, -83998.3250496775, -0.76, -0.294, 0.5700000000000001, 192.0, 0.0, 0.0, 0.0, 0.0, 0.0, 0.0, 0.0, 0.0, 0.0, 1.769680287462211E9, 0.0, 2026-01-29 15:21:27.462
69.0, 69228.67229326634, -117531.75318619648, 69132.31392291951, -177135.0043576961, -128903.60550923414, -86602.1915199985, -87512.48866468534, -84004.94116603627, -0.764, -0.292, 0.5740000000000001, 192.0, 232.0, 32.0, 246.0, 224.0, 17.0, 240.0, 0.0, 0.0, 0.0, 1.769680287462303E9, 0.0, 2026-01-29 15:21:27.462
70.0, 69250.57700283254, -118404.32058624276, 69105.80475399552, -177890.87329994122, -128903.11377085613, -86603.17499675453, -87512.1533885185, -84005.96934628121, -0.764, -0.292, 0.5740000000000001, 192.0, 0.0, 0.0, 0.0, 0.0, 0.0, 0.0, 0.0, 0.0, 0.0, 1.769680287462393E9, 0.0, 2026-01-29 15:21:27.462
71.0, 69131.12928046337, -108416.60003859998, 69259.0483139811, -165733.58067674408, -128895.96121263043, -86599.50931066387, -87511.54989141821, -84006.01404977012, -0.764, -0.292, 0.5740000000000001, 192.0, 0.0, 0.0, 0.0, 0.0, 0.0, 0.0, 0.0, 0.0, 0.0, 1.769680287462484E9, 0.0, 2026-01-29 15:21:27.462
72.0, 69020.8904768098, -100696.08398629236, 69150.24002197267, -156748.8052545554, -128889.45685499393, -86595.46364491746, -87510.18643500644, -84005.2764422031, -0.764, -0.292, 0.5740000000000001, 192.0, 0.0, 0.0, 0.0, 0.0, 0.0, 0.0, 0.0, 0.0, 0.0, 1.769680287521424E9, 0.0, 2026-01-29 15:21:27.521
73.0, 69081.5531112615, -106893.21689524852, 69210.61208374646, -164500.34552816697, -128894.93303238548, -86600.13515950862, -87512.46631294087, -84009.0762387605, -0.764, -0.292, 0.5740000000000001, 192.0, 0.0, 0.0, 0.0, 0.0, 0.0, 0.0, 0.0, 0.0, 0.0, 1.769680287521536E9, 0.0, 2026-01-29 15:21:27.521
74.0, 69213.7860314591, -117551.42272131714, 69167.27205124761, -177193.61063165794, -128903.53845400078, -86607.51123517886, -87515.2602809978, -84013.83716032948, -0.764, -0.292, 0.5740000000000001, 192.0, 0.0, 0.0, 0.0, 0.0, 0.0, 0.0, 0.0, 0.0, 0.0, 1.769680287521619E9, 0.0, 2026-01-29 15:21:27.521
75.0, 69235.57898230302, -118344.10498668016, 69153.45867317423, -177853.56823844532, -128904.00784063434, -86609.50054043539, -87515.908481587, -84015.9829277972, -0.764, -0.292, 0.5740000000000001, 192.0, 0.0, 0.0, 0.0, 0.0, 0.0, 0.0, 0.0, 0.0, 0.0, 1.769680287521701E9, 0.0, 2026-01-29 15:21:27.521
76.0, 69116.62299831188, -108340.51470047412, 69244.81025276307, -165648.86756525846, -128897.59288997567, -86606.70657237848, -87516.1096472871, -84016.78759059758, -0.764, -0.292, 0.5740000000000001, 192.0, 0.0, 0.0, 0.0, 0.0, 0.0, 0.0, 0.0, 0.0, 0.0, 1.769680287521842E9, 0.0, 2026-01-29 15:21:27.521
77.0, 69007.16650571424, -100731.46679776511, 69136.38194041037, -156778.3542607253, -128890.79795966126, -86602.41503744305, -87514.38856296404, -84015.84881733046, -0.764, -0.292, 0.5740000000000001, 192.0, 0.0, 0.0, 0.0, 0.0, 0.0, 0.0, 0.0, 0.0, 0.0, 1.769680287521979E9, 0.0, 2026-01-29 15:21:27.521
78.0, 69066.7562564321, -106986.87070451626, 69195.6811184503, -164602.47064858326, -128894.32953528519, -86605.23135724443, -87514.70148738641, -84017.83812258698, -0.764, -0.292, 0.5740000000000001, 192.0, 0.0, 0.0, 0.0, 0.0, 0.0, 0.0, 0.0, 0.0, 0.0, 1.769680287522061E9, 0.0, 2026-01-29 15:21:27.522
79.0, 69198.72095569622, -117586.96199500108, 69175.13986529587, -177252.70864399776, -128903.40434353404, -86613.03211605933, -87518.09895254362, -84023.11313427844, -0.76, -0.294, 0.5720000000000001, 192.0, 232.0, 64.0, 246.0, 208.0, 17.0, 224.0, 0.0, 0.0, 0.0, 1.769680287522163E9, 0.0, 2026-01-29 15:21:27.522
80.0, 69220.58096177352, -118283.59881443964, 69168.05436230355, -177805.28847042186, -128905.10307611265, -86616.00489807189, -87519.88709210003, -84026.28708199109, -0.76, -0.294, 0.5720000000000001, 192.0, 0.0, 0.0, 0.0, 0.0, 0.0, 0.0, 0.0, 0.0, 0.0, 1.769680287522252E9, 0.0, 2026-01-29 15:21:27.522
81.0, 69100.0156521816, -108255.22044363266, 69228.58288628851, -165561.60635490494, -128897.74935218685, -86612.18274977001, -87519.12713278856, -84026.19767501327, -0.76, -0.294, 0.5720000000000001, 192.0, 0.0, 0.0, 0.0, 0.0, 0.0, 0.0, 0.0, 0.0, 0.0, 1.769680287522334E9, 0.0, 2026-01-29 15:21:27.522
82.0, 68990.31329039494, -100750.19755961867, 69119.57342857998, -156782.86931310527, -128889.68037243848, -86606.55011016729, -87516.06494379818, -84023.73898312318, -0.76, -0.294, 0.5720000000000001, 192.0, 0.0, 0.0, 0.0, 0.0, 0.0, 0.0, 0.0, 0.0, 0.0, 1.769680287522427E9, 0.0, 2026-01-29 15:21:27.522
83.0, 69050.81946263545, -107085.55365628644, 69179.78902814258, -164709.06611789062, -128893.36841027362, -86609.45583694648, -87516.60138566511, -84025.72828837972, -0.76, -0.294, 0.5720000000000001, 192.0, 0.0, 0.0, 0.0, 0.0, 0.0, 0.0, 0.0, 0.0, 0.0, 1.769680287522527E9, 0.0, 2026-01-29 15:21:27.522
84.0, 69183.56647295553, -117619.97552156157, 69189.80260965855, -177322.17786576485, -128903.73961970088, -86618.68710740651, -87521.25054851182, -84032.36675648294, -0.76, -0.294, 0.5720000000000001, 192.0, 0.0, 0.0, 0.0, 0.0, 0.0, 0.0, 0.0, 0.0, 0.0, 1.769680287522642E9, 0.0, 2026-01-29 15:21:27.522
85.0, 69206.11938311093, -118209.07809842564, 69189.84731314747, -177752.13602210715, -128907.58411974719, -86624.00682258687, -87525.31856600268, -84037.8876373634, -0.76, -0.294, 0.5720000000000001, 192.0, 0.0, 0.0, 0.0, 0.0, 0.0, 0.0, 0.0, 0.0, 0.0, 1.769680287522743E9, 0.0, 2026-01-29 15:21:27.522
86.0, 69084.07885838495, -108155.3304976619, 69212.64609249188, -165447.63480992735, -128899.425733021, -86619.38001148462, -87523.7092404019, -84036.94886409627, -0.76, -0.294, 0.5720000000000001, 192.0, 0.0, 0.0, 0.0, 0.0, 0.0, 0.0, 0.0, 0.0, 0.0, 1.76968028752284E9, 0.0, 2026-01-29 15:21:27.522
87.0, 68976.85754023284, -100766.29081562649, 69105.9612162067, -156791.31827250938, -128892.69785793994, -86614.95436608249, -87521.92110084547, -84035.7865733846, -0.76, -0.294, 0.5720000000000001, 192.0, 0.0, 0.0, 0.0, 0.0, 0.0, 0.0, 0.0, 0.0, 0.0, 1.769680287581508E9, 0.0, 2026-01-29 15:21:27.581
88.0, 69041.00704681958, -107185.06362260148, 69169.90955709333, -164816.75682267628, -128899.20221557644, -86620.58700568521, -87525.05034506922, -84040.27927402011, -0.76, -0.294, 0.5720000000000001, 192.0, 0.0, 0.0, 0.0, 0.0, 0.0, 0.0, 0.0, 0.0, 0.0, 1.769680287581623E9, 0.0, 2026-01-29 15:21:27.581
89.0, 69171.13890303837, -117664.47784477209, 69205.56058949955, -177373.45276754533, -128907.18178834699, -86627.38193599963, -87527.44198172593, -84044.57080895553, -0.762, -0.292, 0.5760000000000001, 192.0, 232.0, 48.0, 246.0, 224.0, 18.0, 0.0, 0.0, 0.0, 0.0, 1.769680287581708E9, 0.0, 2026-01-29 15:21:27.581
90.0, 69189.66849919183, -118151.03061807521, 69208.15339185637, -177704.72797211743, -128908.0311546363, -86629.57240695626, -87528.5595689487, -84047.1412595679, -0.762, -0.292, 0.5760000000000001, 192.0, 0.0, 0.0, 0.0, 0.0, 0.0, 0.0, 0.0, 0.0, 0.0, 1.769680287581796E9, 0.0, 2026-01-29 15:21:27.581
91.0, 69067.27034655456, -108064.64947040672, 69196.17285682831, -165341.84400342035, -128899.69395395445, -86624.63267143162, -87527.06200207019, -84046.15778281186, -0.762, -0.292, 0.5760000000000001, 192.0, 0.0, 0.0, 0.0, 0.0, 0.0, 0.0, 0.0, 0.0, 0.0, 1.769680287581946E9, 0.0, 2026-01-29 15:21:27.581
92.0, 68961.70305749215, -100777.9360744877, 69090.91849218828, -156801.8682958923, -128893.65898295153, -86620.83287487422, -87525.83265612516, -84045.50958222266, -0.762, -0.292, 0.5760000000000001, 192.0, 0.0, 0.0, 0.0, 0.0, 0.0, 0.0, 0.0, 0.0, 0.0, 1.76968028758207E9, 0.0, 2026-01-29 15:21:27.582
93.0, 69024.95849430066, -107265.10521949592, 69153.95041155224, -164911.14823951107, -128898.24109056487, -86624.4985609649, -87526.88318811455, -84048.05768109056, -0.762, -0.292, 0.5760000000000001, 192.0, 0.0, 0.0, 0.0, 0.0, 0.0, 0.0, 0.0, 0.0, 0.0, 1.769680287582152E9, 0.0, 2026-01-29 15:21:27.582
94.0, 69155.35857145293, -117706.47677260361, 69193.91533063834, -177434.36127118603, -128906.84651218016, -86631.85228489069, -87529.85597012712, -84052.86330614846, -0.762, -0.292, 0.5760000000000001, 192.0, 0.0, 0.0, 0.0, 0.0, 0.0, 0.0, 0.0, 0.0, 0.0, 1.769680287582253E9, 0.0, 2026-01-29 15:21:27.582
95.0, 69173.35172573946, -118107.42236464292, 69199.79383943007, -177659.86802099564, -128908.00880289184, -86634.53449422533, -87531.39824049453, -84055.70197769428, -0.762, -0.292, 0.5760000000000001, 192.0, 0.0, 0.0, 0.0, 0.0, 0.0, 0.0, 0.0, 0.0, 0.0, 1.769680287582335E9, 0.0, 2026-01-29 15:21:27.582
96.0, 69050.3947794908, -107995.85080097328, 69179.34199325347, -165283.93063353666, -128899.67160221, -86629.55005521179, -87529.56539744919, -84054.49498349369, -0.762, -0.292, 0.5760000000000001, 192.0, 0.0, 0.0, 0.0, 0.0, 0.0, 0.0, 0.0, 0.0, 0.0, 1.76968028758243E9, 0.0, 2026-01-29 15:21:27.582
97.0, 68945.76626369552, -100803.8417463114, 69074.93699490273, -156846.59413654736, -128893.25665155133, -86625.30322376528, -87528.02312708177, -84053.53385848211, -0.762, -0.292, 0.5760000000000001, 192.0, 0.0, 0.0, 0.0, 0.0, 0.0, 0.0, 0.0, 0.0, 0.0, 1.769680287582512E9, 0.0, 2026-01-29 15:21:27.582
98.0, 69010.02752900452, -107352.63465078291, 69138.95239102273, -165033.5016886594, -128897.79405567577, -86628.90185462259, -87529.23012128237, -84056.19371607229, -0.762, -0.292, 0.5760000000000001, 192.0, 0.0, 0.0, 0.0, 0.0, 0.0, 0.0, 0.0, 0.0, 0.0, 1.769680287582614E9, 0.0, 2026-01-29 15:21:27.582
99.0, 69141.34402767946, -117733.5894386279, 69151.24585047315, -177504.43399005343, -128907.74058195837, -86637.73079368244, -87533.6110631956, -84062.49690800869, -0.762, -0.294, 0.58, 192.0, 232.0, 48.0, 246.0, 208.0, 18.0, 32.0, 0.0, 0.0, 0.0, 1.769680287582734E9, 0.0, 2026-01-29 15:21:27.582
100.0, 69159.35953371043, -118046.42445402438, 69159.15836801034, -177637.89625619605, -128909.90870117054, -86641.3964797731, -87536.1144585746, -84066.47551852174, -0.762, -0.294, 0.58, 192.0, 0.0, 0.0, 0.0, 0.0, 0.0, 0.0, 0.0, 0.0, 0.0, 1.769680287582824E9, 0.0, 2026-01-29 15:21:27.582
101.0, 69036.42493920623, -107910.64595110965, 69165.30509773555, -165207.42061226614, -128902.33145980019, -86637.50727623788, -87535.22038879638, -84066.11789061045, -0.762, -0.294, 0.58, 192.0, 0.0, 0.0, 0.0, 0.0, 0.0, 0.0, 0.0, 0.0, 0.0, 1.769680287582908E9, 0.0, 2026-01-29 15:21:27.582
102.0, 68932.84695540035, -100811.10606325937, 69062.06239009647, -156863.4697036111, -128896.29648879725, -86633.84159014722, -87533.96869110689, -84065.62615223243, -0.762, -0.294, 0.58, 192.0, 0.0, 0.0, 0.0, 0.0, 0.0, 0.0, 0.0, 0.0, 0.0, 1.769680287641658E9, 0.0, 2026-01-29 15:21:27.641
103.0, 68997.37644164282, -107437.9065558799, 69126.30130366104, -165143.1816987016, -128900.43156152149, -86636.9484826265, -87534.57218820718, -84067.86132667796, -0.762, -0.294, 0.58, 192.0, 0.0, 0.0, 0.0, 0.0, 0.0, 0.0, 0.0, 0.0, 0.0, 1.769680287641854E9, 0.0, 2026-01-29 15:21:27.641
104.0, 69128.29060891755, -117774.76135191458, 69145.38969342587, -177558.1005284906, -128910.35573605965, -86645.62095947516, -87538.88607488705, -84074.05275989209, -0.762, -0.294, 0.58, 192.0, 0.0, 0.0, 0.0, 0.0, 0.0, 0.0, 0.0, 0.0, 0.0, 1.769680287642035E9, 0.0, 2026-01-29 15:21:27.642
105.0, 69142.75218758013, -117995.32836619955, 69152.76576909612, -177586.68840964895, -128910.1322186151, -86646.91736065356, -87539.13194407606, -84075.5503267706, -0.762, -0.294, 0.58, 192.0, 0.0, 0.0, 0.0, 0.0, 0.0, 0.0, 0.0, 0.0, 0.0, 1.769680287642206E9, 0.0, 2026-01-29 15:21:27.642
106.0, 69018.70000585318, -107824.88230763463, 69147.82603357149, -165117.49954432246, -128901.61620397762, -86641.93292164004, -87537.29910103073, -84074.45509129229, -0.762, -0.294, 0.58, 192.0, 0.0, 0.0, 0.0, 0.0, 0.0, 0.0, 0.0, 0.0, 0.0, 1.769680287642421E9, 0.0, 2026-01-29 15:21:27.642
107.0, 68918.67594941569, -100823.71244713217, 69047.8466806229, -156894.538628404, -128898.19638707595, -86640.56946522825, -87538.55079872023, -84076.2432308487, -0.762, -0.294, 0.58, 192.0, 0.0, 0.0, 0.0, 0.0, 0.0, 0.0, 0.0, 0.0, 0.0, 1.769680287642603E9, 0.0, 2026-01-29 15:21:27.642
108.0, 68987.34050838239, -107515.42240565091, 69116.19831516723, -165242.3563888498, -128905.46070402394, -86646.91736065356, -87542.48470574435, -84081.4958907957, -0.762, -0.294, 0.58, 192.0, 0.0, 0.0, 0.0, 0.0, 0.0, 0.0, 0.0, 0.0, 0.0, 1.769680287642755E9, 0.0, 2026-01-29 15:21:27.642
109.0, 69116.15361167832, -117808.64659650881, 69152.18462374028, -177614.8739594071, -128913.84260819467, -86654.09227062372, -87545.27867380127, -84086.23446062022, -0.76, -0.294, 0.5740000000000001, 192.0, 232.0, 64.0, 246.0, 208.0, 17.0, 240.0, 0.0, 0.0, 0.0, 1.769680287642922E9, 0.0, 2026-01-29 15:21:27.642
110.0, 69129.00586474012, -117940.47718530623, 69161.03591454458, -177537.02283346927, -128912.926186672, -86654.67341597956, -87544.98810112335, -84087.17323388736, -0.76, -0.294, 0.5740000000000001, 192.0, 0.0, 0.0, 0.0, 0.0, 0.0, 0.0, 0.0, 0.0, 0.0, 1.769680287643089E9, 0.0, 2026-01-29 15:21:27.643
111.0, 69005.11014522436, -107729.35095183266, 69134.14676596485, -165026.21501996697, -128905.21483483493, -86650.53834325534, -87543.89286564504, -84086.88266120943, -0.76, -0.294, 0.5740000000000001, 192.0, 0.0, 0.0, 0.0, 0.0, 0.0, 0.0, 0.0, 0.0, 0.0, 1.769680287643232E9, 0.0, 2026-01-29 15:21:27.643
112.0, 68905.22019925358, -100790.74362406059, 69034.43563394972, -156896.66204412724, -128901.21387257743, -86648.66079672109, -87544.54106623425, -84088.20141413229, -0.76, -0.294, 0.5740000000000001, 192.0, 0.0, 0.0, 0.0, 0.0, 0.0, 0.0, 0.0, 0.0, 0.0, 1.769680287643374E9, 0.0, 2026-01-29 15:21:27.643
113.0, 68974.37649659831, -107555.14145554799, 69103.34606210543, -165331.0704625929, -128908.0758581252, -86654.67341597956, -87547.916179647, -84093.05174267909, -0.76, -0.294, 0.5740000000000001, 192.0, 0.0, 0.0, 0.0, 0.0, 0.0, 0.0, 0.0, 0.0, 0.0, 1.769680287643538E9, 0.0, 2026-01-29 15:21:27.643
114.0, 69102.27317837157, -117843.58237309246, 69137.25365844413, -177673.2790676688, -128915.65309949555, -86661.1554218716, -87549.86078141461, -84096.8515392365, -0.76, -0.294, 0.5740000000000001, 192.0, 0.0, 0.0, 0.0, 0.0, 0.0, 0.0, 0.0, 0.0, 0.0, 1.769680287643706E9, 0.0, 2026-01-29 15:21:27.643
115.0, 69115.50541108912, -117904.96026336674, 69148.25071671614, -177489.0336381237, -128916.16718961802, -86663.32354108377, -87551.02307212628, -84099.28787938213, -0.76, -0.294, 0.5740000000000001, 192.0, 0.0, 0.0, 0.0, 0.0, 0.0, 0.0, 0.0, 0.0, 0.0, 1.769680287643849E9, 0.0, 2026-01-29 15:21:27.643
116.0, 68991.05089796196, -107639.34047691114, 69120.19927742473, -164925.52041119582, -128908.9252244145, -86659.61315150418, -87550.59838898163, -84099.4443415933, -0.76, -0.294, 0.5740000000000001, 192.0, 0.0, 0.0, 0.0, 0.0, 0.0, 0.0, 0.0, 0.0, 0.0, 1.769680287643993E9, 0.0, 2026-01-29 15:21:27.643
117.0, 68889.12694324576, -100760.36760334583, 69018.36472968635, -156896.41617493823, -128902.420866778, -86655.12045086866, -87548.63143546956, -84098.19264390382, -0.76, -0.294, 0.5740000000000001, 192.0, 0.0, 0.0, 0.0, 0.0, 0.0, 0.0, 0.0, 0.0, 0.0, 1.769680287701868E9, 0.0, 2026-01-29 15:21:27.701
118.0, 68956.6739149897, -107605.43288057244, 69085.53172177455, -165437.50946968907, -128907.07002962471, -86658.8084887038, -87549.70431920342, -84100.78544626063, -0.76, -0.294, 0.5740000000000001, 192.0, 0.0, 0.0, 0.0, 0.0, 0.0, 0.0, 0.0, 0.0, 0.0, 1.769680287701987E9, 0.0, 2026-01-29 15:21:27.701
119.0, 69085.53172177455, -117881.71444913321, 69113.82903025497, -177729.47135322946, -128915.89896868456, -86666.49748879642, -87552.9676738939, -84105.9486992298, -0.76, -0.28800000000000003, 0.5680000000000001, 192.0, 232.0, 64.0, 247.0, 0.0, 17.0, 192.0, 0.0, 0.0, 0.0, 1.769680287702079E9, 0.0, 2026-01-29 15:21:27.702
120.0, 69098.09340215843, -117876.5735479085, 69127.15066995034, -177445.22421899132, -128916.83774195168, -86668.91147719759, -87554.55464775022, -84108.854426009, -0.76, -0.28800000000000003, 0.5680000000000001, 192.0, 0.0, 0.0, 0.0, 0.0, 0.0, 0.0, 0.0, 0.0, 0.0, 1.769680287702175E9, 0.0, 2026-01-29 15:21:27.702
121.0, 68974.48825532058, -107553.33096424711, 69103.59193129443, -164829.2961513157, -128911.2274540934, -86666.85511670771, -87555.7169384619, -84110.68726905434, -0.76, -0.28800000000000003, 0.5680000000000001, 192.0, 0.0, 0.0, 0.0, 0.0, 0.0, 0.0, 0.0, 0.0, 0.0, 1.769680287702334E9, 0.0, 2026-01-29 15:21:27.702
122.0, 68875.13475121674, -100737.6805827237, 69004.2384271906, -156912.80000362397, -128906.73475345789, -86664.50818353989, -87555.73929020636, -84111.38017313245, -0.76, -0.28800000000000003, 0.5680000000000001, 192.0, 0.0, 0.0, 0.0, 0.0, 0.0, 0.0, 0.0, 0.0, 0.0, 1.769680287702478E9, 0.0, 2026-01-29 15:21:27.702
123.0, 68942.92759214969, -107660.95461379942, 69071.60658497889, -165533.10788072442, -128910.64630873756, -86667.45861380799, -87556.00751113982, -84113.12360919996, -0.76, -0.28800000000000003, 0.5680000000000001, 192.0, 0.0, 0.0, 0.0, 0.0, 0.0, 0.0, 0.0, 0.0, 0.0, 1.769680287702565E9, 0.0, 2026-01-29 15:21:27.702
124.0, 69069.63963146682, -117943.18174638531, 69066.13040758735, -177802.94153725405, -128917.35183207416, -86673.06890166628, -87557.19215359596, -84116.16344644588, -0.76, -0.28800000000000003, 0.5680000000000001, 192.0, 0.0, 0.0, 0.0, 0.0, 0.0, 0.0, 0.0, 0.0, 0.0, 1.769680287702672E9, 0.0, 2026-01-29 15:21:27.702
125.0, 69081.84368393943, -117864.45890241372, 69084.83881769644, -177421.59842510207, -128918.84939895266, -86676.17579414557, -87559.36027280812, -84119.73972555873, -0.76, -0.28800000000000003, 0.5680000000000001, 192.0, 0.0, 0.0, 0.0, 0.0, 0.0, 0.0, 0.0, 0.0, 0.0, 1.769680287702759E9, 0.0, 2026-01-29 15:21:27.702
126.0, 68955.2210516001, -107475.7704109872, 69084.3023758295, -164762.2409179498, -128910.86982618211, -86671.72779699897, -87558.22033384089, -84119.20328369181, -0.76, -0.28800000000000003, 0.5680000000000001, 192.0, 0.0, 0.0, 0.0, 0.0, 0.0, 0.0, 0.0, 0.0, 0.0, 1.769680287702847E9, 0.0, 2026-01-29 15:21:27.702
127.0, 68854.45938759559, -100707.70689340912, 68983.60776705835, -156931.6872276887, -128904.09724761215, -86667.0562824078, -87555.94045590646, -84117.66101332438, -0.76, -0.28800000000000003, 0.5680000000000001, 192.0, 0.0, 0.0, 0.0, 0.0, 0.0, 0.0, 0.0, 0.0, 0.0, 1.769680287702933E9, 0.0, 2026-01-29 15:21:27.702
128.0, 68926.2755425305, -107717.7280447159, 69054.73101791514, -165638.65281804238, -128910.89217792657, -86673.00184643292, -87559.22616234138, -84122.33252791554, -0.76, -0.28800000000000003, 0.5680000000000001, 192.0, 0.0, 0.0, 0.0, 0.0, 0.0, 0.0, 0.0, 0.0, 0.0, 1.769680287703042E9, 0.0, 2026-01-29 15:21:27.703
129.0, 69054.41809349276, -118001.87742732494, 68973.81770298693, -177875.24943056697, -128918.73764023038, -86679.86383198069, -87561.6177989981, -84126.5570076176, -0.762, -0.28800000000000003, 0.5680000000000001, 192.0, 232.0, 48.0, 247.0, 0.0, 17.0, 192.0, 0.0, 0.0, 0.0, 1.769680287703168E9, 0.0, 2026-01-29 15:21:27.703
130.0, 69064.02934360855, -117854.80294880903, 69002.80791554546, -177398.97845971328, -128918.04473615227, -86680.78025350336, -87561.55074376473, -84127.85340879601, -0.762, -0.28800000000000003, 0.5680000000000001, 192.0, 0.0, 0.0, 0.0, 0.0, 0.0, 0.0, 0.0, 0.0, 0.0, 1.769680287703263E9, 0.0, 2026-01-29 15:21:27.703
131.0, 68937.56317348042, -107400.22151472825, 69066.62214596536, -164690.7153356928, -128910.80277094875, -86677.18162264605, -87561.14841236454, -84128.07692624057, -0.762, -0.28800000000000003, 0.5680000000000001, 192.0, 0.0, 0.0, 0.0, 0.0, 0.0, 0.0, 0.0, 0.0, 0.0, 1.769680287703349E9, 0.0, 2026-01-29 15:21:27.703
132.0, 68839.52842229944, -100668.68074759016, 68968.67680176221, -156943.8018731835, -128906.1759598465, -86674.63352377815, -87561.03665364227, -84128.59101636303, -0.762, -0.28800000000000003, 0.5680000000000001, 192.0, 0.0, 0.0, 0.0, 0.0, 0.0, 0.0, 0.0, 0.0, 0.0, 1.769680287762186E9, 0.0, 2026-01-29 15:21:27.762
133.0, 68912.28335050147, -107762.07390571522, 69040.38119797483, -165752.06556940862, -128913.0826488832, -86680.44497733653, -87564.12119437709, -84133.24017920974, -0.762, -0.28800000000000003, 0.5680000000000001, 192.0, 0.0, 0.0, 0.0, 0.0, 0.0, 0.0, 0.0, 0.0, 0.0, 1.769680287762301E9, 0.0, 2026-01-29 15:21:27.762
134.0, 69039.64359040781, -118061.40012280943, 68906.04721379843, -177948.4513936581, -128919.87757919761, -86686.14467217264, -87565.43994729995, -84136.41412692239, -0.762, -0.28800000000000003, 0.5680000000000001, 192.0, 0.0, 0.0, 0.0, 0.0, 0.0, 0.0, 0.0, 0.0, 0.0, 1.76968028776239E9, 0.0, 2026-01-29 15:21:27.762
135.0, 69050.21596553517, -117838.32971314547, 68946.74974045155, -177374.95033442383, -128920.99516642037, -86688.84923325172, -87567.29514208974, -84139.49866765722, -0.762, -0.28800000000000003, 0.5680000000000001, 192.0, 0.0, 0.0, 0.0, 0.0, 0.0, 0.0, 0.0, 0.0, 0.0, 1.769680287762482E9, 0.0, 2026-01-29 15:21:27.762
136.0, 68921.76049015051, -107280.46086793672, 69050.68535216873, -164590.66892751085, -128912.54620701626, -86683.99890470492, -87565.73051997788, -84138.44813566783, -0.762, -0.28800000000000003, 0.5680000000000001, 192.0, 0.0, 0.0, 0.0, 0.0, 0.0, 0.0, 0.0, 0.0, 0.0, 1.769680287762628E9, 0.0, 2026-01-29 15:21:27.762
137.0, 68824.61980874775, -100583.72176691554, 68953.7234847216, -156950.3509343089, -128908.0311546363, -86681.51786107039, -87565.55170602223, -84139.02928102366, -0.762, -0.28800000000000003, 0.5680000000000001, 192.0, 0.0, 0.0, 0.0, 0.0, 0.0, 0.0, 0.0, 0.0, 0.0, 1.769680287762751E9, 0.0, 2026-01-29 15:21:27.762
138.0, 68898.15704800571, -107771.32752791973, 69025.8972675678, -165845.36175076506, -128914.1331808726, -86686.68111403956, -87567.89863919004, -84142.73967060325, -0.762, -0.28800000000000003, 0.5680000000000001, 192.0, 0.0, 0.0, 0.0, 0.0, 0.0, 0.0, 0.0, 0.0, 0.0, 1.769680287762833E9, 0.0, 2026-01-29 15:21:27.762
139.0, 69026.90309606827, -118102.54968435166, 68854.83936725132, -178021.94392942716, -128922.06805015422, -86693.54309958733, -87570.20086886894, -84146.9641503053, -0.76, -0.294, 0.5660000000000001, 192.0, 232.0, 64.0, 246.0, 208.0, 17.0, 176.0, 0.0, 0.0, 0.0, 1.769680287762935E9, 0.0, 2026-01-29 15:21:27.762
140.0, 69038.28013399603, -117825.07512868347, 68909.55643767792, -177343.79200265312, -128924.48203855539, -86697.65582056712, -87573.59833402614, -84151.613313152, -0.76, -0.294, 0.5660000000000001, 192.0, 0.0, 0.0, 0.0, 0.0, 0.0, 0.0, 0.0, 0.0, 0.0, 1.769680287763025E9, 0.0, 2026-01-29 15:21:27.763
141.0, 68907.05304229892, -107186.53883773553, 69035.88849733931, -164501.9772055122, -128914.1331808726, -86690.90559374161, -87570.0667584022, -84148.59582765053, -0.76, -0.294, 0.5660000000000001, 192.0, 0.0, 0.0, 0.0, 0.0, 0.0, 0.0, 0.0, 0.0, 0.0, 1.769680287763108E9, 0.0, 2026-01-29 15:21:27.763
142.0, 68808.28068355093, -100511.30211488034, 68937.27260080249, -156939.66680045926, -128907.4723610249, -86686.25643089491, -87567.78688046777, -84147.0088537942, -0.76, -0.294, 0.5660000000000001, 192.0, 0.0, 0.0, 0.0, 0.0, 0.0, 0.0, 0.0, 0.0, 0.0, 1.769680287763189E9, 0.0, 2026-01-29 15:21:27.763
143.0, 68882.17555072016, -107787.42078392755, 69009.44638364868, -165923.6152081031, -128912.7250209719, -86690.54796583032, -87569.26209560182, -84150.13809801795, -0.76, -0.294, 0.5660000000000001, 192.0, 0.0, 0.0, 0.0, 0.0, 0.0, 0.0, 0.0, 0.0, 0.0, 1.76968028776329E9, 0.0, 2026-01-29 15:21:27.763
144.0, 69013.40264241728, -118156.70796116686, 68810.58291322982, -178075.45400565316, -128922.76095423233, -86699.44396012354, -87573.77714798179, -84156.55304867662, -0.76, -0.294, 0.5660000000000001, 192.0, 0.0, 0.0, 0.0, 0.0, 0.0, 0.0, 0.0, 0.0, 0.0, 1.769680287763419E9, 0.0, 2026-01-29 15:21:27.763
145.0, 69021.58338088791, -117819.15191640281, 68876.31939367288, -177290.3936851494, -128922.49273329887, -86700.89682351313, -87574.40299682654, -84158.45294695532, -0.76, -0.294, 0.5660000000000001, 192.0, 0.0, 0.0, 0.0, 0.0, 0.0, 0.0, 0.0, 0.0, 0.0, 1.769680287763502E9, 0.0, 2026-01-29 15:21:27.763
146.0, 68893.59729213682, -107108.86652575333, 69022.61156113286, -164408.23398926665, -128915.85426519565, -86697.94639324503, -87574.78297648228, -84159.36936847799, -0.76, -0.294, 0.5660000000000001, 192.0, 0.0, 0.0, 0.0, 0.0, 0.0, 0.0, 0.0, 0.0, 0.0, 1.769680287763584E9, 0.0, 2026-01-29 15:21:27.763
147.0, 68796.61307294526, -100461.18950381155, 68925.64969368574, -156940.6502772153, -128910.48984652637, -86694.52657634337, -87573.6206857706, -84158.85527835552, -0.76, -0.294, 0.5660000000000001, 192.0, 0.0, 0.0, 0.0, 0.0, 0.0, 0.0, 0.0, 0.0, 0.0, 1.769680287822498E9, 0.0, 2026-01-29 15:21:27.822
148.0, 68872.40783839319, -107833.08539784973, 68998.89636026578, -166023.0357674403, -128916.65892799605, -86699.71218105701, -87575.9229154495, -84162.69977840183, -0.76, -0.294, 0.5660000000000001, 192.0, 0.0, 0.0, 0.0, 0.0, 0.0, 0.0, 0.0, 0.0, 0.0, 1.769680287822604E9, 0.0, 2026-01-29 15:21:27.822
149.0, 69002.07030797843, -118230.87104926957, 68742.81242404133, -178131.35571853587, -128924.90672170004, -86707.02120149389, -87578.64982827305, -84167.32658950408, -0.76, -0.298, 0.5700000000000001, 192.0, 232.0, 64.0, 246.0, 176.0, 17.0, 208.0, 0.0, 0.0, 0.0, 1.769680287822685E9, 0.0, 2026-01-29 15:21:27.822
150.0, 69008.68642433721, -117835.87102125539, 68824.7986227034, -177264.4433098368, -128923.83383796619, -86707.64705033864, -87578.56042129522, -84168.57828719358, -0.76, -0.298, 0.5700000000000001, 192.0, 0.0, 0.0, 0.0, 0.0, 0.0, 0.0, 0.0, 0.0, 0.0, 1.769680287822771E9, 0.0, 2026-01-29 15:21:27.822
151.0, 68878.28634718494, -107036.78214988497, 69007.34531966988, -164318.11175562284, -128915.60839600665, -86702.97553574748, -87577.24166837236, -84167.77362439319, -0.76, -0.298, 0.5700000000000001, 192.0, 0.0, 0.0, 0.0, 0.0, 0.0, 0.0, 0.0, 0.0, 0.0, 1.76968028782291E9, 0.0, 2026-01-29 15:21:27.822
152.0, 68782.44206696059, -100411.0992444872, 68911.38928072325, -156939.82326267043, -128910.7804192043, -86700.13686420166, -87576.74992999434, -84167.863031371, -0.76, -0.298, 0.5700000000000001, 192.0, 0.0, 0.0, 0.0, 0.0, 0.0, 0.0, 0.0, 0.0, 0.0, 1.769680287828687E9, 0.0, 2026-01-29 15:21:27.828
153.0, 68858.99679172001, -107853.5595957708, 68984.79240951448, -166106.1619050696, -128916.6812797405, -86704.92013751509, -87578.69453176195, -84171.37225525049, -0.76, -0.298, 0.5700000000000001, 192.0, 0.0, 0.0, 0.0, 0.0, 0.0, 0.0, 0.0, 0.0, 0.0, 1.769680287828775E9, 0.0, 2026-01-29 15:21:27.828
154.0, 68988.45809560515, -118272.48999744536, 68707.04963291284, -178195.0581902335, -128924.61614902213, -86711.78212306288, -87581.10852016312, -84175.75319716374, -0.76, -0.298, 0.5700000000000001, 192.0, 0.0, 0.0, 0.0, 0.0, 0.0, 0.0, 0.0, 0.0, 0.0, 1.76968028782887E9, 0.0, 2026-01-29 15:21:27.828
155.0, 68994.82834277491, -117821.96823620418, 68803.72092768204, -177227.2276553187, -128924.34792808867, -86713.1679312191, -87581.86847947461, -84177.67544718689, -0.76, -0.298, 0.5700000000000001, 192.0, 0.0, 0.0, 0.0, 0.0, 0.0, 0.0, 0.0, 0.0, 0.0, 1.769680287828966E9, 0.0, 2026-01-29 15:21:27.828
156.0, 68862.34955338831, -106943.35185806178, 68991.4308776177, -164228.92829524618, -128914.96019541744, -86707.49058812745, -87579.58860154016, -84175.97671460829, -0.76, -0.298, 0.5700000000000001, 192.0, 0.0, 0.0, 0.0, 0.0, 0.0, 0.0, 0.0, 0.0, 0.0, 1.769680287829168E9, 0.0, 2026-01-29 15:21:27.829
157.0, 68765.32063070782, -100347.62029023413, 68894.35725144831, -156947.86989067434, -128908.83581743669, -86703.19905319203, -87577.50988930582, -84174.70266517434, -0.76, -0.298, 0.5700000000000001, 192.0, 0.0, 0.0, 0.0, 0.0, 0.0, 0.0, 0.0, 0.0, 0.0, 1.769680287829251E9, 0.0, 2026-01-29 15:21:27.829
158.0, 68843.05999792338, -107881.78984901785, 68967.44745581716, -166195.79240033537, -128915.07195413971, -86708.3623061612, -87579.78976724026, -84178.61422045401, -0.76, -0.298, 0.5700000000000001, 192.0, 0.0, 0.0, 0.0, 0.0, 0.0, 0.0, 0.0, 0.0, 0.0, 1.769680287829359E9, 0.0, 2026-01-29 15:21:27.829
159.0, 68975.49408382108, -118330.85040221816, 68599.82831476073, -178256.4807839967, -128925.93490194499, -86718.10766674372, -87585.15418590955, -84185.81148216862, -0.762, -0.298, 0.5680000000000001, 192.0, 232.0, 48.0, 246.0, 176.0, 17.0, 192.0, 0.0, 0.0, 0.0, 1.769680287829478E9, 0.0, 2026-01-29 15:21:27.829
160.0, 68983.76422926954, -117812.08876515494, 68731.34597913576, -177187.48625367717, -128928.14772464607, -86722.10862900122, -87588.50694757783, -84190.30418280413, -0.762, -0.298, 0.5680000000000001, 192.0, 0.0, 0.0, 0.0, 0.0, 0.0, 0.0, 0.0, 0.0, 0.0, 1.769680287829567E9, 0.0, 2026-01-29 15:21:27.829
161.0, 68852.67124803916, -106865.36662165722, 68981.7302205241, -164150.40661697468, -128920.99516642037, -86718.48764639946, -87588.41754060001, -84190.75121769324, -0.762, -0.298, 0.5680000000000001, 192.0, 0.0, 0.0, 0.0, 0.0, 0.0, 0.0, 0.0, 0.0, 0.0, 1.769680287829649E9, 0.0, 2026-01-29 15:21:27.829
162.0, 68757.11754049272, -100317.84776661966, 68886.08710599985, -156954.8436349444, -128915.36252681763, -86714.73255333096, -87586.83056674368, -84189.99125838176, -0.762, -0.298, 0.5680000000000001, 192.0, 0.0, 0.0, 0.0, 0.0, 0.0, 0.0, 0.0, 0.0, 0.0, 1.769680287882773E9, 0.0, 2026-01-29 15:21:27.882
163.0, 68835.88508795323, -107946.31933526033, 68958.70792373514, -166296.7999335289, -128921.35279433166, -86719.64993711114, -87588.81987200021, -84193.50048226124, -0.762, -0.298, 0.5680000000000001, 192.0, 0.0, 0.0, 0.0, 0.0, 0.0, 0.0, 0.0, 0.0, 0.0, 1.769680287882883E9, 0.0, 2026-01-29 15:21:27.882
164.0, 68964.94406043817, -118391.31187096976, 68506.97916829339, -178314.081229458, -128928.57240779072, -86726.04253602536, -87590.76447376782, -84197.23322358528, -0.762, -0.298, 0.5680000000000001, 192.0, 0.0, 0.0, 0.0, 0.0, 0.0, 0.0, 0.0, 0.0, 0.0, 1.769680287882967E9, 0.0, 2026-01-29 15:21:27.882
165.0, 68968.78856048448, -117805.4055935628, 68662.61436493568, -177163.48048013216, -128927.34306184568, -86726.51192265892, -87590.54095632327, -84198.28375557468, -0.762, -0.298, 0.5680000000000001, 192.0, 0.0, 0.0, 0.0, 0.0, 0.0, 0.0, 0.0, 0.0, 0.0, 1.769680287883049E9, 0.0, 2026-01-29 15:21:27.883
166.0, 68835.81803271986, -106782.59811193921, 68964.80994997143, -164076.9140812056, -128918.84939895266, -86721.5721871343, -87589.04338944476, -84197.36733405202, -0.762, -0.298, 0.5680000000000001, 192.0, 0.0, 0.0, 0.0, 0.0, 0.0, 0.0, 0.0, 0.0, 0.0, 1.769680287883262E9, 0.0, 2026-01-29 15:21:27.883
167.0, 68741.40426414064, -100274.99947249884, 68870.37382964777, -156975.92132996576, -128913.68614598349, -86718.48764639946, -87588.03756094427, -84197.07676137409, -0.762, -0.298, 0.5680000000000001, 192.0, 0.0, 0.0, 0.0, 0.0, 0.0, 0.0, 0.0, 0.0, 0.0, 1.769680287883489E9, 0.0, 2026-01-29 15:21:27.883
168.0, 68821.71408196856, -107989.50290554797, 68942.88288866078, -166396.37695507728, -128920.23520710888, -86723.96382379101, -87590.58565981218, -84201.16713060942, -0.762, -0.298, 0.5680000000000001, 192.0, 0.0, 0.0, 0.0, 0.0, 0.0, 0.0, 0.0, 0.0, 0.0, 1.769680287883649E9, 0.0, 2026-01-29 15:21:27.883
169.0, 68953.74583646606, -118456.40015082363, 68409.5032107238, -178382.96930586928, -128930.04762292477, -86732.83746633977, -87594.96660172542, -84207.44797080135, -0.758, -0.298, 0.5700000000000001, 192.0, 232.0, 80.0, 246.0, 176.0, 17.0, 208.0, 0.0, 0.0, 0.0, 1.769680287883748E9, 0.0, 2026-01-29 15:21:27.883
170.0, 68960.13843538027, -117796.68841322523, 68601.77291652834, -177140.8605147434, -128931.74635550338, -86736.45844894153, -87597.80527327124, -84211.69480224786, -0.758, -0.298, 0.5700000000000001, 192.0, 0.0, 0.0, 0.0, 0.0, 0.0, 0.0, 0.0, 0.0, 0.0, 1.769680287883839E9, 0.0, 2026-01-29 15:21:27.883
171.0, 68825.96091341507, -106692.38647131759, 68954.90812717774, -164010.97643506248, -128922.71625074343, -86731.18343725007, -87595.79361627027, -84210.24193885826, -0.758, -0.298, 0.5700000000000001, 192.0, 0.0, 0.0, 0.0, 0.0, 0.0, 0.0, 0.0, 0.0, 0.0, 1.769680287883921E9, 0.0, 2026-01-29 15:21:27.883
172.0, 68730.51896459091, -100236.01803016878, 68859.42147486466, -157006.27499893607, -128915.89896868456, -86726.19899823655, -87593.17846216899, -84208.18557836839, -0.758, -0.298, 0.5700000000000001, 192.0, 0.0, 0.0, 0.0, 0.0, 0.0, 0.0, 0.0, 0.0, 0.0, 1.769680287884005E9, 0.0, 2026-01-29 15:21:27.884
173.0, 68811.70050045259, -108040.5989933728, 68929.78476640997, -166499.306738294, -128922.47038155442, -86731.67517562809, -87595.68185754798, -84212.38770632597, -0.758, -0.298, 0.5700000000000001, 192.0, 0.0, 0.0, 0.0, 0.0, 0.0, 0.0, 0.0, 0.0, 0.0, 1.769680287884103E9, 0.0, 2026-01-29 15:21:27.884
174.0, 68940.44654851514, -118517.46511667552, 68286.72507843078, -178453.08672822558, -128929.04179442428, -86737.57603616429, -87596.91120349303, -84215.56165403863, -0.758, -0.298, 0.5700000000000001, 192.0, 0.0, 0.0, 0.0, 0.0, 0.0, 0.0, 0.0, 0.0, 0.0, 1.769680287884212E9, 0.0, 2026-01-29 15:21:27.884
175.0, 68941.47472876009, -117767.00529658858, 68525.82168886921, -177083.68475242672, -128926.51604730083, -86736.90548383063, -87595.5253953368, -84215.382840083, -0.758, -0.298, 0.5700000000000001, 192.0, 0.0, 0.0, 0.0, 0.0, 0.0, 0.0, 0.0, 0.0, 0.0, 1.769680287884303E9, 0.0, 2026-01-29 15:21:27.884
176.0, 68807.07368935033, -106601.63838882904, 68935.93149613518, -163919.11076535116, -128918.24590185237, -86732.05515528383, -87594.27369764731, -84214.68993600487, -0.758, -0.298, 0.5700000000000001, 192.0, 0.0, 0.0, 0.0, 0.0, 0.0, 0.0, 0.0, 0.0, 0.0, 1.769680287884398E9, 0.0, 2026-01-29 15:21:27.884
177.0, 68715.9679789505, -100212.3475327906, 68844.80343399089, -157021.02715027658, -128914.84843669516, -86730.55758840533, -87594.98895346987, -84216.14279939447, -0.758, -0.298, 0.5700000000000001, 192.0, 0.0, 0.0, 0.0, 0.0, 0.0, 0.0, 0.0, 0.0, 0.0, 1.769680287943195E9, 0.0, 2026-01-29 15:21:27.943
178.0, 68796.56836945633, -108108.23537209457, 68912.12688829028, -166612.18304779328, -128919.81052396423, -86734.42444019609, -87595.97243022591, -84218.60149128456, -0.758, -0.298, 0.5700000000000001, 192.0, 0.0, 0.0, 0.0, 0.0, 0.0, 0.0, 0.0, 0.0, 0.0, 1.769680287943313E9, 0.0, 2026-01-29 15:21:27.943
179.0, 68927.88486813127, -118567.26480332194, 68186.07517314854, -178507.11089457406, -128929.48882931338, -86743.18632402258, -87600.15220643904, -84224.65881403194, -0.756, -0.302, 0.5740000000000001, 192.0, 232.0, 96.0, 246.0, 144.0, 17.0, 240.0, 0.0, 0.0, 0.0, 1.769680287943417E9, 0.0, 2026-01-29 15:21:27.943
180.0, 68931.52820247748, -117739.06561601945, 68469.69645854193, -177046.87142930884, -128930.49465781388, -86746.15910603513, -87602.45443611794, -84228.16803791143, -0.756, -0.302, 0.5740000000000001, 192.0, 0.0, 0.0, 0.0, 0.0, 0.0, 0.0, 0.0, 0.0, 0.0, 1.769680287943516E9, 0.0, 2026-01-29 15:21:27.943
181.0, 68793.12620081022, -106507.04580629419, 68922.05106282844, -163843.76303479233, -128918.96115767493, -86738.26894024241, -87598.14054943807, -84224.36824135402, -0.756, -0.302, 0.5740000000000001, 192.0, 0.0, 0.0, 0.0, 0.0, 0.0, 0.0, 0.0, 0.0, 0.0, 1.76968028794365E9, 0.0, 2026-01-29 15:21:27.943
182.0, 68700.76879272089, -100168.91809331394, 68829.60424776128, -157051.17965354677, -128914.04377389477, -86735.02793729639, -87597.09001744867, -84223.98826169828, -0.756, -0.302, 0.5740000000000001, 192.0, 0.0, 0.0, 0.0, 0.0, 0.0, 0.0, 0.0, 0.0, 0.0, 1.76968028794377E9, 0.0, 2026-01-29 15:21:27.943
183.0, 68783.67141290563, -108142.74646553356, 68896.8159433384, -166713.57056064255, -128920.54813153126, -86740.43705945458, -87599.5263575943, -84227.94452046687, -0.756, -0.302, 0.5740000000000001, 192.0, 0.0, 0.0, 0.0, 0.0, 0.0, 0.0, 0.0, 0.0, 0.0, 1.769680287943853E9, 0.0, 2026-01-29 15:21:27.943
184.0, 68912.50686794602, -118598.42313509264, 68096.84700928295, -178562.58792431213, -128927.49952405687, -86746.56143743533, -87601.09097970618, -84231.4313926019, -0.756, -0.302, 0.5740000000000001, 192.0, 0.0, 0.0, 0.0, 0.0, 0.0, 0.0, 0.0, 0.0, 0.0, 1.769680287943944E9, 0.0, 2026-01-29 15:21:27.943
185.0, 68915.97138833659, -117700.84413300088, 68415.8511061491, -177012.04741144748, -128929.28766361329, -86750.20477178154, -87604.13081695209, -84235.65587230395, -0.756, -0.302, 0.5740000000000001, 192.0, 0.0, 0.0, 0.0, 0.0, 0.0, 0.0, 0.0, 0.0, 0.0, 1.769680287944026E9, 0.0, 2026-01-29 15:21:27.944
186.0, 68782.10679079375, -106411.42504351438, 68911.07635630088, -163763.63203092004, -128922.93976818798, -86747.25434151344, -87604.7790175413, -84236.81816301563, -0.756, -0.302, 0.5740000000000001, 192.0, 0.0, 0.0, 0.0, 0.0, 0.0, 0.0, 0.0, 0.0, 0.0, 1.769680287944109E9, 0.0, 2026-01-29 15:21:27.944
187.0, 68690.79991469382, -100139.07851446612, 68819.63536973421, -157077.35354630396, -128918.02238440781, -86744.1250972897, -87603.90729950754, -84236.4828868488, -0.756, -0.302, 0.5740000000000001, 192.0, 0.0, 0.0, 0.0, 0.0, 0.0, 0.0, 0.0, 0.0, 0.0, 1.769680287944193E9, 0.0, 2026-01-29 15:21:27.944
188.0, 68773.50136917847, -108189.2380940006, 68883.58371062085, -166804.29629138665, -128923.02917516581, -86748.14841129165, -87604.84607277466, -84238.87452350551, -0.756, -0.302, 0.5740000000000001, 192.0, 0.0, 0.0, 0.0, 0.0, 0.0, 0.0, 0.0, 0.0, 0.0, 1.769680287944286E9, 0.0, 2026-01-29 15:21:27.944
189.0, 68900.90631257372, -118640.44441466861, 68007.88706635083, -178614.39926795952, -128928.97473919092, -86753.08814681628, -87605.29310766378, -84241.19910492886, -0.754, -0.3, 0.5720000000000001, 192.0, 232.0, 112.0, 246.0, 160.0, 17.0, 224.0, 0.0, 0.0, 0.0, 1.769680287944387E9, 0.0, 2026-01-29 15:21:27.944
190.0, 68902.49328643004, -117654.93364988967, 68367.59368987009, -176961.68893118965, -128929.62293978012, -86755.41272823962, -87607.17065419801, -84244.2389421748, -0.754, -0.3, 0.5720000000000001, 192.0, 0.0, 0.0, 0.0, 0.0, 0.0, 0.0, 0.0, 0.0, 0.0, 1.769680287944494E9, 0.0, 2026-01-29 15:21:27.944
191.0, 68765.81236908583, -106313.18912663331, 68894.62547238177, -163681.06468690213, -128920.99516642037, -86750.33888224828, -87605.6730873195, -84243.16605844094, -0.754, -0.3, 0.5720000000000001, 192.0, 0.0, 0.0, 0.0, 0.0, 0.0, 0.0, 0.0, 0.0, 0.0, 1.769680287944577E9, 0.0, 2026-01-29 15:21:27.944
192.0, 68677.36651627619, -100121.77826425771, 68805.95610212757, -157095.3914040794, -128917.95532917445, -86749.10953630324, -87606.63421233109, -84244.70832880835, -0.754, -0.3, 0.5720000000000001, 192.0, 0.0, 0.0, 0.0, 0.0, 0.0, 0.0, 0.0, 0.0, 0.0, 1.769680287944668E9, 0.0, 2026-01-29 15:21:27.944
193.0, 68761.36437193923, -108263.5576443145, 68868.36217264678, -166918.02196717524, -128923.47621005491, -86753.44577472756, -87607.9306135095, -84247.45759337636, -0.754, -0.3, 0.5720000000000001, 192.0, 0.0, 0.0, 0.0, 0.0, 0.0, 0.0, 0.0, 0.0, 0.0, 1.769680288004479E9, 0.0, 2026-01-29 15:21:28.004
194.0, 68891.29506245792, -118692.52397924948, 67910.09818435887, -178676.0230274228, -128932.05927992574, -86761.09007133127, -87611.1269129666, -84252.37497715652, -0.754, -0.3, 0.5720000000000001, 192.0, 0.0, 0.0, 0.0, 0.0, 0.0, 0.0, 0.0, 0.0, 0.0, 1.769680288004589E9, 0.0, 2026-01-29 15:21:28.004
195.0, 68892.0103182805, -117622.90360008522, 68311.55786652063, -176922.77454409297, -128932.7298322594, -86763.77228066591, -87613.13856996759, -84255.66068359146, -0.754, -0.3, 0.5720000000000001, 192.0, 0.0, 0.0, 0.0, 0.0, 0.0, 0.0, 0.0, 0.0, 0.0, 1.769680288004673E9, 0.0, 2026-01-29 15:21:28.004
196.0, 68753.58596486879, -106231.15822448234, 68882.42141990918, -163609.69556685633, -128922.87271295462, -86757.40203349615, -87610.36695365513, -84253.40315740147, -0.754, -0.3, 0.5720000000000001, 192.0, 0.0, 0.0, 0.0, 0.0, 0.0, 0.0, 0.0, 0.0, 0.0, 1.769680288004804E9, 0.0, 2026-01-29 15:21:28.004
197.0, 68662.74847540242, -100110.4235780744, 68791.51687520945, -157122.2358491702, -128916.74833497386, -86753.08814681628, -87608.1317792096, -84251.81618354515, -0.754, -0.3, 0.5720000000000001, 192.0, 0.0, 0.0, 0.0, 0.0, 0.0, 0.0, 0.0, 0.0, 0.0, 1.769680288004911E9, 0.0, 2026-01-29 15:21:28.004
198.0, 68747.43923514358, -108321.7615868761, 68851.9559922166, -167016.05671835624, -128922.09040189868, -86757.26792302942, -87609.2270146879, -84254.49839287977, -0.754, -0.3, 0.5720000000000001, 192.0, 0.0, 0.0, 0.0, 0.0, 0.0, 0.0, 0.0, 0.0, 0.0, 1.769680288004993E9, 0.0, 2026-01-29 15:21:28.004
199.0, 68876.63231809525, -118725.0234156875, 67866.51228267101, -178726.4932664029, -128929.95821594694, -86764.3310742773, -87611.7751135558, -84258.87933479302, -0.756, -0.302, 0.5740000000000001, 192.0, 232.0, 96.0, 246.0, 144.0, 17.0, 240.0, 0.0, 0.0, 0.0, 1.769680288005086E9, 0.0, 2026-01-29 15:21:28.005
200.0, 68878.5545681184, -117578.26716640797, 68301.18665709336, -176887.99522972052, -128932.88629447059, -86769.09199584628, -87616.02194500231, -84264.44491916239, -0.756, -0.302, 0.5740000000000001, 192.0, 0.0, 0.0, 0.0, 0.0, 0.0, 0.0, 0.0, 0.0, 0.0, 1.769680288005177E9, 0.0, 2026-01-29 15:21:28.005
201.0, 68742.58890659678, -106145.21576705168, 68871.40200989271, -163540.9416009118, -128925.86784671163, -86765.69453068907, -87616.1337037246, -84265.00371277377, -0.756, -0.302, 0.5740000000000001, 192.0, 0.0, 0.0, 0.0, 0.0, 0.0, 0.0, 0.0, 0.0, 0.0, 1.76968028800526E9, 0.0, 2026-01-29 15:21:28.005
202.0, 68655.08182705425, -100100.70056923636, 68783.87257860572, -157174.15895153987, -128922.26921585432, -86763.90639113265, -87616.3795729136, -84265.83072731862, -0.756, -0.302, 0.5740000000000001, 192.0, 0.0, 0.0, 0.0, 0.0, 0.0, 0.0, 0.0, 0.0, 0.0, 1.769680288005342E9, 0.0, 2026-01-29 15:21:28.005
203.0, 68742.58890659678, -108376.45630555825, 68845.00459969099, -167126.67550166554, -128929.60058803567, -86770.07547260232, -87619.5311688818, -84270.4351866764, -0.756, -0.302, 0.5740000000000001, 192.0, 0.0, 0.0, 0.0, 0.0, 0.0, 0.0, 0.0, 0.0, 0.0, 1.769680288005446E9, 0.0, 2026-01-29 15:21:28.005
204.0, 68872.65370758221, -118763.49076789508, 67824.1557269282, -178788.78757819982, -128938.8318584957, -86778.41267328414, -87623.35331718366, -84276.2913437237, -0.756, -0.302, 0.5740000000000001, 192.0, 0.0, 0.0, 0.0, 0.0, 0.0, 0.0, 0.0, 0.0, 0.0, 1.769680288005549E9, 0.0, 2026-01-29 15:21:28.005
205.0, 68869.27859416946, -117537.05054963239, 68279.93014811637, -176835.46863025054, -128937.51310557284, -86778.94911515107, -87623.44272416148, -84277.61009664656, -0.756, -0.302, 0.5740000000000001, 192.0, 0.0, 0.0, 0.0, 0.0, 0.0, 0.0, 0.0, 0.0, 0.0, 1.76968028800563E9, 0.0, 2026-01-29 15:21:28.005
206.0, 68729.73665353497, -106055.6299752748, 68858.61681206427, -163455.20030918127, -128927.90185545706, -86772.89179240368, -87621.09579099367, -84275.66549487895, -0.756, -0.302, 0.5740000000000001, 192.0, 0.0, 0.0, 0.0, 0.0, 0.0, 0.0, 0.0, 0.0, 0.0, 1.769680288005712E9, 0.0, 2026-01-29 15:21:28.005
207.0, 68641.73783561443, -100094.01739764422, 68770.48388367699, -157192.06269884857, -128922.98447167689, -86769.60608596874, -87619.88879679308, -84275.2408117343, -0.756, -0.302, 0.5740000000000001, 192.0, 0.0, 0.0, 0.0, 0.0, 0.0, 0.0, 0.0, 0.0, 0.0, 1.769680288005802E9, 0.0, 2026-01-29 15:21:28.005
208.0, 68728.55201107883, -108451.37935297244, 68828.15138437168, -167224.8220115688, -128928.66181476854, -86774.34465579328, -87621.27460494931, -84278.43711119141, -0.756, -0.302, 0.5740000000000001, 192.0, 0.0, 0.0, 0.0, 0.0, 0.0, 0.0, 0.0, 0.0, 0.0, 1.76968028806466E9, 0.0, 2026-01-29 15:21:28.064
209.0, 68858.68386729764, -118795.96785258864, 67759.67094417465, -178826.85259900722, -128938.13895441759, -86783.15124310866, -87625.47673290691, -84284.58384091662, -0.756, -0.296, 0.5720000000000001, 192.0, 232.0, 96.0, 246.0, 192.0, 17.0, 224.0, 0.0, 0.0, 0.0, 1.769680288064773E9, 0.0, 2026-01-29 15:21:28.064
210.0, 68856.42634110765, -117473.66100235713, 68249.62118263498, -176766.44644337255, -128938.80950675125, -86785.72169372103, -87627.60014863017, -84288.02600956273, -0.756, -0.296, 0.5720000000000001, 192.0, 0.0, 0.0, 0.0, 0.0, 0.0, 0.0, 0.0, 0.0, 0.0, 1.769680288064866E9, 0.0, 2026-01-29 15:21:28.064
211.0, 68716.28090337287, -105953.41544788069, 68845.02695143544, -163353.18694748724, -128928.84062872418, -86779.44085352909, -87624.94029103998, -84285.83553860612, -0.756, -0.296, 0.5720000000000001, 192.0, 0.0, 0.0, 0.0, 0.0, 0.0, 0.0, 0.0, 0.0, 0.0, 1.769680288065007E9, 0.0, 2026-01-29 15:21:28.065
212.0, 68628.12562324114, -100086.93189465189, 68756.73756083698, -157206.3007600666, -128922.64919551006, -86774.99285638248, -87622.34748868317, -84283.82388160515, -0.756, -0.296, 0.5720000000000001, 192.0, 0.0, 0.0, 0.0, 0.0, 0.0, 0.0, 0.0, 0.0, 0.0, 1.769680288065112E9, 0.0, 2026-01-29 15:21:28.065
213.0, 68717.06321442881, -108529.09636844354, 68813.93567489811, -167327.86355350778, -128929.57823629121, -86780.84901342978, -87624.91793929553, -84287.91425084046, -0.756, -0.296, 0.5720000000000001, 192.0, 0.0, 0.0, 0.0, 0.0, 0.0, 0.0, 0.0, 0.0, 0.0, 1.769680288065193E9, 0.0, 2026-01-29 15:21:28.065
214.0, 68844.8928409687, -118842.41477756677, 67710.89943777317, -178883.0225328234, -128936.97666370591, -86787.50983327745, -87626.92959629651, -84291.73639914232, -0.756, -0.296, 0.5720000000000001, 192.0, 0.0, 0.0, 0.0, 0.0, 0.0, 0.0, 0.0, 0.0, 0.0, 1.769680288065284E9, 0.0, 2026-01-29 15:21:28.065
215.0, 68837.91909669866, -117440.28984788536, 68226.08479572354, -176744.8770099732, -128933.93682645999, -86786.70517047706, -87625.56613988473, -84291.57993693113, -0.756, -0.296, 0.5720000000000001, 192.0, 0.0, 0.0, 0.0, 0.0, 0.0, 0.0, 0.0, 0.0, 0.0, 1.769680288065367E9, 0.0, 2026-01-29 15:21:28.065
216.0, 68698.95830142002, -105868.61292941726, 68827.7937564604, -163288.61275775585, -128925.68903275598, -86782.10071111926, -87624.67207010652, -84291.13290204202, -0.756, -0.296, 0.5720000000000001, 192.0, 0.0, 0.0, 0.0, 0.0, 0.0, 0.0, 0.0, 0.0, 0.0, 1.769680288065473E9, 0.0, 2026-01-29 15:21:28.065
217.0, 68616.1003847242, -100081.2769033047, 68744.66761883111, -157258.44737988085, -128923.76678273283, -86781.76543495244, -87626.37080268512, -84293.39042823201, -0.756, -0.296, 0.5720000000000001, 192.0, 0.0, 0.0, 0.0, 0.0, 0.0, 0.0, 0.0, 0.0, 0.0, 1.769680288065555E9, 0.0, 2026-01-29 15:21:28.065
218.0, 68707.83194396878, -108579.16427602342, 68801.88808463671, -167433.87787745928, -128932.77453574832, -86789.5885455118, -87631.04231727628, -84299.40304749049, -0.756, -0.296, 0.5720000000000001, 192.0, 0.0, 0.0, 0.0, 0.0, 0.0, 0.0, 0.0, 0.0, 0.0, 1.769680288065662E9, 0.0, 2026-01-29 15:21:28.065
219.0, 68835.21453561957, -118864.49830108862, 67681.28337636989, -178928.66479500112, -128940.03885269629, -86796.15995838166, -87633.00927078835, -84303.15814055898, -0.754, -0.296, 0.5700000000000001, 192.0, 232.0, 112.0, 246.0, 192.0, 17.0, 208.0, 0.0, 0.0, 0.0, 1.769680288065763E9, 0.0, 2026-01-29 15:21:28.065
220.0, 68827.97257041605, -117386.62330944817, 68223.53669685563, -176684.68376215504, -128937.49075382839, -86795.60116477027, -87631.95873879894, -84303.33695451463, -0.754, -0.296, 0.5700000000000001, 192.0, 0.0, 0.0, 0.0, 0.0, 0.0, 0.0, 0.0, 0.0, 0.0, 1.769680288065854E9, 0.0, 2026-01-29 15:21:28.065
221.0, 68689.27999607087, -105778.2671783289, 68818.0930993668, -163211.9686260186, -128930.1817333915, -86791.91312693515, -87631.93638705449, -84303.649878937, -0.754, -0.296, 0.5700000000000001, 192.0, 0.0, 0.0, 0.0, 0.0, 0.0, 0.0, 0.0, 0.0, 0.0, 1.769680288065936E9, 0.0, 2026-01-29 15:21:28.065
222.0, 68603.15872468457, -100060.62389142798, 68731.74831053594, -157282.4308016814, -128924.07970715521, -86787.487481533, -87629.45534341996, -84301.88409112503, -0.754, -0.296, 0.5700000000000001, 192.0, 0.0, 0.0, 0.0, 0.0, 0.0, 0.0, 0.0, 0.0, 0.0, 1.769680288066027E9, 0.0, 2026-01-29 15:21:28.066
223.0, 68692.31983331678, -108626.90760217997, 68782.19619777158, -167523.06133783597, -128929.35471884665, -86791.64490600167, -87630.2823579648, -84304.2980795262, -0.754, -0.296, 0.5700000000000001, 192.0, 0.0, 0.0, 0.0, 0.0, 0.0, 0.0, 0.0, 0.0, 0.0, 1.769680288125046E9, 0.0, 2026-01-29 15:21:28.125
224.0, 68822.0940616243, -118893.08618224696, 67596.83848581773, -178968.89793502068, -128939.18948640699, -86800.67501076162, -87634.90916906705, -84310.73538192933, -0.754, -0.296, 0.5700000000000001, 192.0, 0.0, 0.0, 0.0, 0.0, 0.0, 0.0, 0.0, 0.0, 0.0, 1.769680288125158E9, 0.0, 2026-01-29 15:21:28.125
225.0, 68815.45559352108, -117327.5476488528, 68187.48333304923, -176630.05609870626, -128937.84838173968, -86801.25615611747, -87635.31150046724, -84312.23294880784, -0.754, -0.296, 0.5700000000000001, 192.0, 0.0, 0.0, 0.0, 0.0, 0.0, 0.0, 0.0, 0.0, 0.0, 1.769680288125244E9, 0.0, 2026-01-29 15:21:28.125
226.0, 68674.01375460789, -105678.8466189917, 68802.87156139273, -163131.07766283484, -128928.12537290162, -86795.10942639226, -87632.7857533438, -84310.13188482904, -0.754, -0.296, 0.5700000000000001, 192.0, 0.0, 0.0, 0.0, 0.0, 0.0, 0.0, 0.0, 0.0, 0.0, 1.769680288125422E9, 0.0, 2026-01-29 15:21:28.125
227.0, 68590.12765766712, -100049.67153664489, 68718.85135398524, -157298.1887815224, -128923.29739609927, -86791.86842344624, -87631.48935216539, -84309.48368423984, -0.754, -0.296, 0.5700000000000001, 192.0, 0.0, 0.0, 0.0, 0.0, 0.0, 0.0, 0.0, 0.0, 0.0, 1.76968028812555E9, 0.0, 2026-01-29 15:21:28.125
228.0, 68683.22267332347, -108689.31367269918, 68772.31672672233, -167612.7141848462, -128931.81341073674, -86799.17744388312, -87635.46796267843, -84315.16102733149, -0.754, -0.296, 0.5700000000000001, 192.0, 0.0, 0.0, 0.0, 0.0, 0.0, 0.0, 0.0, 0.0, 0.0, 1.769680288125635E9, 0.0, 2026-01-29 15:21:28.125
229.0, 68811.61109347476, -118917.20371451422, 67610.8083261023, -179003.31962148187, -128940.64234979659, -86807.17936839812, -87638.95483481346, -84320.48074251185, -0.75, -0.294, 0.552, 192.0, 232.0, 144.0, 246.0, 208.0, 17.0, 64.0, 0.0, 0.0, 0.0, 1.769680288125762E9, 0.0, 2026-01-29 15:21:28.125
230.0, 68803.1397823262, -117277.85972092864, 68201.34141461151, -176583.60917372815, -128938.6306927956, -86807.17936839812, -87638.64191039109, -84321.26305356777, -0.75, -0.294, 0.552, 192.0, 0.0, 0.0, 0.0, 0.0, 0.0, 0.0, 0.0, 0.0, 0.0, 1.769680288125853E9, 0.0, 2026-01-29 15:21:28.125
231.0, 68663.91076611409, -105580.85657129964, 68792.76857289893, -163050.94665896258, -128930.87463746962, -86803.02194392943, -87638.12782026862, -84321.46421926787, -0.75, -0.294, 0.552, 192.0, 0.0, 0.0, 0.0, 0.0, 0.0, 0.0, 0.0, 0.0, 0.0, 1.769680288125935E9, 0.0, 2026-01-29 15:21:28.125
232.0, 68580.3375935957, -100023.2070712098, 68708.88247595818, -157329.59298248208, -128924.81731472223, -86798.50689154946, -87635.5350179118, -84319.6090244781, -0.75, -0.294, 0.552, 192.0, 0.0, 0.0, 0.0, 0.0, 0.0, 0.0, 0.0, 0.0, 0.0, 1.769680288126017E9, 0.0, 2026-01-29 15:21:28.126
233.0, 68672.62794645166, -108742.15319659153, 68757.36340968173, -167712.4253168613, -128931.07580316972, -86803.60308928527, -87637.36786095714, -84322.91708265747, -0.75, -0.294, 0.552, 192.0, 0.0, 0.0, 0.0, 0.0, 0.0, 0.0, 0.0, 0.0, 0.0, 1.769680288126126E9, 0.0, 2026-01-29 15:21:28.126
234.0, 68798.91530262414, -118955.91693591082, 67554.50428181938, -179065.77039549, -128937.64721603958, -86809.45924633257, -87638.75366911336, -84326.22514083686, -0.75, -0.294, 0.552, 192.0, 0.0, 0.0, 0.0, 0.0, 0.0, 0.0, 0.0, 0.0, 0.0, 1.769680288126249E9, 0.0, 2026-01-29 15:21:28.126
235.0, 68791.47217172052, -117235.41375820801, 68186.65631850438, -176547.39934771054, -128937.5801608062, -86811.38149635572, -87640.54180866979, -84328.97440540486, -0.75, -0.294, 0.552, 192.0, 0.0, 0.0, 0.0, 0.0, 0.0, 0.0, 0.0, 0.0, 0.0, 1.769680288126337E9, 0.0, 2026-01-29 15:21:28.126
236.0, 68649.89622234061, -105492.16484930097, 68778.731677381, -162984.4278674636, -128928.57240779072, -86806.06178117536, -87638.8877795801, -84327.67800422646, -0.75, -0.294, 0.552, 192.0, 0.0, 0.0, 0.0, 0.0, 0.0, 0.0, 0.0, 0.0, 0.0, 1.769680288126437E9, 0.0, 2026-01-29 15:21:28.126
237.0, 68570.77104696883, -100010.22070768128, 68699.47239154248, -157365.46753233284, -128927.07484091222, -86806.10648466427, -87640.69827088098, -84330.20375134991, -0.75, -0.294, 0.552, 192.0, 0.0, 0.0, 0.0, 0.0, 0.0, 0.0, 0.0, 0.0, 0.0, 1.769680288126548E9, 0.0, 2026-01-29 15:21:28.126
238.0, 68663.37432424717, -108788.10838319163, 68747.90862177714, -167801.4970185157, -128933.3780328486, -86811.15797891117, -87642.46405869295, -84333.44475429592, -0.75, -0.294, 0.552, 192.0, 0.0, 0.0, 0.0, 0.0, 0.0, 0.0, 0.0, 0.0, 0.0, 1.76968028818536E9, 0.0, 2026-01-29 15:21:28.185
239.0, 68789.12523855272, -118972.83720646349, 67592.32343343776, -179102.78488430797, -128939.94944571846, -86817.10354293628, -87643.82751510471, -84336.68575724194, -0.754, -0.292, 0.5720000000000001, 192.0, 232.0, 112.0, 246.0, 224.0, 17.0, 224.0, 0.0, 0.0, 0.0, 1.769680288185482E9, 0.0, 2026-01-29 15:21:28.185
240.0, 68779.91631983714, -117168.82791147566, 68216.42884211884, -176483.87568996855, -128939.14478291808, -86818.39994411469, -87644.7886401163, -84338.71976598738, -0.754, -0.292, 0.5720000000000001, 192.0, 0.0, 0.0, 0.0, 0.0, 0.0, 0.0, 0.0, 0.0, 0.0, 1.769680288185575E9, 0.0, 2026-01-29 15:21:28.185
241.0, 68640.21791699147, -105378.28271130117, 68768.96396505403, -162887.66716571656, -128932.9309979595, -86815.9412522246, -87645.95093082797, -84340.37379507707, -0.754, -0.292, 0.5720000000000001, 192.0, 0.0, 0.0, 0.0, 0.0, 0.0, 0.0, 0.0, 0.0, 0.0, 1.769680288185724E9, 0.0, 2026-01-29 15:21:28.185
242.0, 68557.76233169583, -99973.51914328565, 68686.32956580276, -157373.4024016145, -128927.27600661232, -86811.89558647819, -87643.76045987135, -84338.8538764541, -0.754, -0.292, 0.5720000000000001, 192.0, 0.0, 0.0, 0.0, 0.0, 0.0, 0.0, 0.0, 0.0, 0.0, 1.769680288185853E9, 0.0, 2026-01-29 15:21:28.185
243.0, 68650.43266420755, -108815.46691840494, 68744.08647347528, -167888.51235968023, -128933.28862587079, -86816.72356328054, -87645.14626802759, -84341.7596032333, -0.754, -0.292, 0.5720000000000001, 192.0, 0.0, 0.0, 0.0, 0.0, 0.0, 0.0, 0.0, 0.0, 0.0, 1.769680288185937E9, 0.0, 2026-01-29 15:21:28.185
244.0, 68778.5305116809, -118962.44364529177, 67841.52303236998, -179122.6779368732, -128943.01163470885, -86825.86542676276, -87649.75072738537, -84348.15220214751, -0.754, -0.292, 0.5720000000000001, 192.0, 0.0, 0.0, 0.0, 0.0, 0.0, 0.0, 0.0, 0.0, 0.0, 1.769680288186042E9, 0.0, 2026-01-29 15:21:28.186
245.0, 68768.00284004246, -117085.16533197944, 68346.40423612646, -176411.8360175891, -128942.60930330865, -86827.497104108, -87651.18123903051, -84350.72265275987, -0.754, -0.292, 0.5720000000000001, 192.0, 0.0, 0.0, 0.0, 0.0, 0.0, 0.0, 0.0, 0.0, 0.0, 1.769680288186125E9, 0.0, 2026-01-29 15:21:28.186
246.0, 68626.06926275126, -105254.11877085194, 68754.9270695361, -162767.5712427582, -128935.0767654272, -86823.67495580614, -87650.95772158596, -84350.99087369334, -0.754, -0.292, 0.5720000000000001, 192.0, 0.0, 0.0, 0.0, 0.0, 0.0, 0.0, 0.0, 0.0, 0.0, 1.769680288186206E9, 0.0, 2026-01-29 15:21:28.186
247.0, 68544.88772688959, -99926.33461074051, 68673.4102575076, -157349.75425598078, -128929.82410548022, -86819.96456622655, -87649.05782330726, -84349.7615277483, -0.754, -0.292, 0.5720000000000001, 192.0, 0.0, 0.0, 0.0, 0.0, 0.0, 0.0, 0.0, 0.0, 0.0, 1.76968028818629E9, 0.0, 2026-01-29 15:21:28.186
248.0, 68639.3014954688, -108846.71465715345, 68739.23614492848, -167931.3830055455, -128936.46257358344, -86825.35133664029, -87651.15888728606, -84353.3154551167, -0.754, -0.292, 0.5720000000000001, 192.0, 0.0, 0.0, 0.0, 0.0, 0.0, 0.0, 0.0, 0.0, 0.0, 1.769680288186391E9, 0.0, 2026-01-29 15:21:28.186
249.0, 68763.59954638476, -118985.46594208074, 68017.61007518889, -179131.46217244412, -128942.430489353, -86830.67105182065, -87651.96355008645, -84355.97531270687, -0.764, -0.3, 0.5740000000000001, 192.0, 232.0, 32.0, 246.0, 160.0, 17.0, 240.0, 0.0, 0.0, 0.0, 1.769680288186521E9, 0.0, 2026-01-29 15:21:28.186
250.0, 68753.11657823522, -117054.54344207566, 68436.3476558146, -176339.21519985382, -128942.92222773103, -86833.21915068856, -87654.37753848762, -84359.52924007527, -0.764, -0.3, 0.5740000000000001, 192.0, 0.0, 0.0, 0.0, 0.0, 0.0, 0.0, 0.0, 0.0, 0.0, 1.769680288186611E9, 0.0, 2026-01-29 15:21:28.186
251.0, 68609.73013755443, -105199.26758995863, 68738.54324085037, -162657.75712224928, -128934.45091658247, -86828.30176690838, -87653.34935824267, -84358.83633599716, -0.764, -0.3, 0.5740000000000001, 192.0, 0.0, 0.0, 0.0, 0.0, 0.0, 0.0, 0.0, 0.0, 0.0, 1.769680288186692E9, 0.0, 2026-01-29 15:21:28.186
252.0, 68529.73324414888, -99943.12077082644, 68658.38988523363, -157343.27225008875, -128929.9805676914, -86825.32898489582, -87652.1423640421, -84358.36694936358, -0.764, -0.3, 0.5740000000000001, 192.0, 0.0, 0.0, 0.0, 0.0, 0.0, 0.0, 0.0, 0.0, 0.0, 1.769680288186791E9, 0.0, 2026-01-29 15:21:28.186
253.0, 68625.44341390651, -108920.54246908933, 68725.26630464391, -167991.2409771968, -128937.24488463938, -86831.31925240986, -87654.73516639891, -84362.54672557673, -0.764, -0.3, 0.5740000000000001, 192.0, 0.0, 0.0, 0.0, 0.0, 0.0, 0.0, 0.0, 0.0, 0.0, 1.769680288245528E9, 0.0, 2026-01-29 15:21:28.245
254.0, 68751.35079042325, -119034.23744848222, 68037.61488647638, -179155.42324250023, -128945.20210566546, -86838.62827284673, -87657.59618968918, -84367.17353667898, -0.764, -0.3, 0.5740000000000001, 192.0, 0.0, 0.0, 0.0, 0.0, 0.0, 0.0, 0.0, 0.0, 0.0, 1.76968028824564E9, 0.0, 2026-01-29 15:21:28.245
255.0, 68737.96209549453, -117024.45799403882, 68446.54005128623, -176267.64491410792, -128943.57042832024, -86839.12001122476, -87657.86441062266, -84368.5146413463, -0.764, -0.3, 0.5740000000000001, 192.0, 0.0, 0.0, 0.0, 0.0, 0.0, 0.0, 0.0, 0.0, 0.0, 1.769680288245725E9, 0.0, 2026-01-29 15:21:28.245
0.0, 68594.06156469126, -105141.71184798621, 68722.85231624274, -162580.35303120053, -128934.85324798265, -86834.0461652334, -87656.47860246642, -84367.59821982363, -0.764, -0.3, 0.5740000000000001, 192.0, 0.0, 0.0, 0.0, 0.0, 0.0, 0.0, 0.0, 0.0, 0.0, 1.769680288245868E9, 0.0, 2026-01-29 15:21:28.245
1.0, 68518.75853762132, -99974.65908225288, 68647.32577172825, -157363.0982474206, -128933.55684680425, -86834.33673791132, -87658.46790772295, -84370.39218788054, -0.764, -0.3, 0.5740000000000001, 192.0, 0.0, 0.0, 0.0, 0.0, 0.0, 0.0, 0.0, 0.0, 0.0, 1.769680288245994E9, 0.0, 2026-01-29 15:21:28.245
2.0, 68615.51923936835, -109031.85415647677, 68710.42474632559, -168088.94045221095, -128940.7317567744, -86840.28230193643, -87661.08306182422, -84374.54961234923, -0.764, -0.3, 0.5740000000000001, 192.0, 0.0, 0.0, 0.0, 0.0, 0.0, 0.0, 0.0, 0.0, 0.0, 1.769680288246076E9, 0.0, 2026-01-29 15:21:28.246
3.0, 68741.69483681855, -119111.30626336411, 67926.6831787447, -179196.5951557869, -128949.02425396732, -86847.85954330678, -87664.21230604796, -84379.48934787385, -0.766, -0.298, 0.5740000000000001, 192.0, 232.0, 16.0, 246.0, 176.0, 17.0, 240.0, 0.0, 0.0, 0.0, 1.769680288246176E9, 0.0, 2026-01-29 15:21:28.246
4.0, 68727.81440351182, -117030.78353771968, 68392.00179481528, -176230.78688750113, -128947.28081789981, -86848.28422645143, -87664.50287872588, -84380.78574905226, -0.766, -0.298, 0.5740000000000001, 192.0, 0.0, 0.0, 0.0, 0.0, 0.0, 0.0, 0.0, 0.0, 0.0, 1.769680288246266E9, 0.0, 2026-01-29 15:21:28.246
5.0, 68583.51154130835, -105115.49325174013, 68712.34699634874, -162520.3609490825, -128938.40717535105, -86843.14332522672, -87663.07236708073, -84379.69051357395, -0.766, -0.298, 0.5740000000000001, 192.0, 0.0, 0.0, 0.0, 0.0, 0.0, 0.0, 0.0, 0.0, 0.0, 1.769680288246348E9, 0.0, 2026-01-29 15:21:28.246
6.0, 68506.97916829339, -100020.43545489735, 68635.52405065585, -157417.48004168036, -128934.85324798265, -86840.97520601454, -87662.62533219163, -84380.04814148524, -0.766, -0.298, 0.5740000000000001, 192.0, 0.0, 0.0, 0.0, 0.0, 0.0, 0.0, 0.0, 0.0, 0.0, 1.769680288246442E9, 0.0, 2026-01-29 15:21:28.246
7.0, 68603.3375386402, -109122.69164594312, 68692.02926063887, -168205.5047995454, -128940.75410851886, -86845.57966537234, -87663.76527115886, -84382.95386826442, -0.766, -0.298, 0.5740000000000001, 192.0, 0.0, 0.0, 0.0, 0.0, 0.0, 0.0, 0.0, 0.0, 0.0, 1.769680288246542E9, 0.0, 2026-01-29 15:21:28.246
8.0, 68730.40720586863, -119168.19145300287, 67831.93413399866, -179243.01972902057, -128949.94067549, -86854.252142221, -87667.9897508609, -84389.10059798964, -0.766, -0.298, 0.5740000000000001, 192.0, 0.0, 0.0, 0.0, 0.0, 0.0, 0.0, 0.0, 0.0, 0.0, 1.769680288246642E9, 0.0, 2026-01-29 15:21:28.246
9.0, 68717.51024931791, -117020.30056957014, 68355.97078275333, -176181.12131132142, -128949.91832374554, -86856.33085445534, -87670.04611135079, -84392.18513872447, -0.766, -0.298, 0.5740000000000001, 192.0, 0.0, 0.0, 0.0, 0.0, 0.0, 0.0, 0.0, 0.0, 0.0, 1.769680288246742E9, 0.0, 2026-01-29 15:21:28.246
10.0, 68568.9829074124, -105053.17658819874, 68697.77365896388, -162449.61767788144, -128936.97666370591, -86846.83136306184, -87664.3911200036, -84387.08894098866, -0.766, -0.298, 0.5740000000000001, 192.0, 0.0, 0.0, 0.0, 0.0, 0.0, 0.0, 0.0, 0.0, 0.0, 1.769680288246823E9, 0.0, 2026-01-29 15:21:28.246
11.0, 68491.93644427496, -100024.6599345994, 68620.43662314852, -157478.67911799898, -128932.01457643684, -86843.32213918235, -87662.62533219163, -84385.90429853252, -0.766, -0.298, 0.5740000000000001, 192.0, 0.0, 0.0, 0.0, 0.0, 0.0, 0.0, 0.0, 0.0, 0.0, 1.769680288246931E9, 0.0, 2026-01-29 15:21:28.246
12.0, 68590.37352685613, -109200.22984745858, 68668.13524581614, -168322.31501606884, -128939.01067245135, -86849.2006479741, -87664.88285838162, -84389.81585381221, -0.766, -0.298, 0.5740000000000001, 192.0, 0.0, 0.0, 0.0, 0.0, 0.0, 0.0, 0.0, 0.0, 0.0, 1.769680288305922E9, 0.0, 2026-01-29 15:21:28.305
13.0, 68715.65505452814, -119218.01349139375, 67644.24653580744, -179294.80872092352, -128946.96789347744, -86856.53202015544, -87667.83328864972, -84394.64383061456, -0.76, -0.294, 0.5740000000000001, 192.0, 232.0, 64.0, 246.0, 208.0, 17.0, 240.0, 0.0, 0.0, 0.0, 1.769680288306033E9, 0.0, 2026-01-29 15:21:28.306
14.0, 68700.05353689833, -116973.29485098063, 68271.92822360137, -176129.30996767402, -128945.29151264329, -86856.84494457781, -87668.16856481654, -84396.14139749306, -0.76, -0.294, 0.5740000000000001, 192.0, 0.0, 0.0, 0.0, 0.0, 0.0, 0.0, 0.0, 0.0, 0.0, 1.769680288306125E9, 0.0, 2026-01-29 15:21:28.306
15.0, 68555.90713690605, -104959.09809578635, 68684.72024020199, -162393.3806888319, -128937.3789951061, -86852.5534096424, -87667.65447469408, -84396.07434225969, -0.76, -0.294, 0.5740000000000001, 192.0, 0.0, 0.0, 0.0, 0.0, 0.0, 0.0, 0.0, 0.0, 0.0, 1.769680288306273E9, 0.0, 2026-01-29 15:21:28.306
16.0, 68482.63811858156, -100002.73287328874, 68611.0488904773, -157520.67804583051, -128935.2332276384, -86851.86050556428, -87668.61559970565, -84397.75072309384, -0.76, -0.294, 0.5740000000000001, 192.0, 0.0, 0.0, 0.0, 0.0, 0.0, 0.0, 0.0, 0.0, 0.0, 1.769680288306416E9, 0.0, 2026-01-29 15:21:28.306
17.0, 68580.85168371817, -109248.0849323374, 68647.1022542837, -168432.1514883222, -128941.3352538747, -86856.77788934445, -87669.8449456507, -84400.61174638412, -0.76, -0.294, 0.5740000000000001, 192.0, 0.0, 0.0, 0.0, 0.0, 0.0, 0.0, 0.0, 0.0, 0.0, 1.769680288306498E9, 0.0, 2026-01-29 15:21:28.306
18.0, 68705.44030731205, -119250.4011691095, 67451.88742302507, -179342.61910231342, -128948.57721907822, -86863.48341268105, -87672.12482358514, -84404.72446736389, -0.76, -0.294, 0.5740000000000001, 192.0, 0.0, 0.0, 0.0, 0.0, 0.0, 0.0, 0.0, 0.0, 0.0, 1.769680288306601E9, 0.0, 2026-01-29 15:21:28.306
19.0, 68690.48699027146, -116934.64868481741, 68192.13249589593, -176092.31783060048, -128948.2866464003, -86865.18214525965, -87674.02472186384, -84407.674897632, -0.76, -0.294, 0.5740000000000001, 192.0, 0.0, 0.0, 0.0, 0.0, 0.0, 0.0, 0.0, 0.0, 0.0, 1.769680288306683E9, 0.0, 2026-01-29 15:21:28.306
20.0, 68544.66420944504, -104875.61433024578, 68673.4549609965, -162330.46052819022, -128939.2341898959, -86859.68361612364, -87672.21423056295, -84406.4679034314, -0.76, -0.294, 0.5740000000000001, 192.0, 0.0, 0.0, 0.0, 0.0, 0.0, 0.0, 0.0, 0.0, 0.0, 1.769680288306764E9, 0.0, 2026-01-29 15:21:28.306
21.0, 68470.18819691995, -99992.58518130603, 68598.75543102688, -157564.196892285, -128935.12146891613, -86856.86729632226, -87671.02958810683, -84406.06557203122, -0.76, -0.294, 0.5740000000000001, 192.0, 0.0, 0.0, 0.0, 0.0, 0.0, 0.0, 0.0, 0.0, 0.0, 1.769680288306846E9, 0.0, 2026-01-29 15:21:28.306
22.0, 68570.435770802, -109312.48030811314, 68630.78548083133, -168543.55258268747, -128942.54224807529, -86863.0587295364, -87673.62239046364, -84410.33475522218, -0.76, -0.294, 0.5740000000000001, 192.0, 0.0, 0.0, 0.0, 0.0, 0.0, 0.0, 0.0, 0.0, 0.0, 1.769680288306946E9, 0.0, 2026-01-29 15:21:28.306
23.0, 68695.47142928498, -119279.9501752794, 67391.85063741812, -179395.3468674835, -128950.47711735692, -86870.52421218446, -87676.66222770956, -84415.2297872579, -0.76, -0.294, 0.5740000000000001, 192.0, 0.0, 0.0, 0.0, 0.0, 0.0, 0.0, 0.0, 0.0, 0.0, 1.769680288307047E9, 0.0, 2026-01-29 15:21:28.307
24.0, 68677.18770232055, -116879.97631787973, 68172.79823694208, -176050.0953853244, -128947.79490802229, -86870.12188078427, -87676.30459979828, -84415.85563610264, -0.764, -0.292, 0.5760000000000001, 192.0, 232.0, 32.0, 246.0, 224.0, 18.0, 0.0, 0.0, 0.0, 0.0, 1.769680288307146E9, 0.0, 2026-01-29 15:21:28.307
25.0, 68529.55443019324, -104774.13741041868, 68658.34518174472, -162251.29064932952, -128936.95431196145, -86862.87991558075, -87672.9965416189, -84412.88285409009, -0.764, -0.292, 0.5760000000000001, 192.0, 0.0, 0.0, 0.0, 0.0, 0.0, 0.0, 0.0, 0.0, 0.0, 1.769680288307235E9, 0.0, 2026-01-29 15:21:28.307
26.0, 68455.07841766816, -99972.73683222973, 68583.55624479726, -157602.68659623704, -128932.39455609258, -86859.46009867909, -87671.18605031802, -84411.85467384514, -0.764, -0.292, 0.5760000000000001, 192.0, 0.0, 0.0, 0.0, 0.0, 0.0, 0.0, 0.0, 0.0, 0.0, 1.769680288307333E9, 0.0, 2026-01-29 15:21:28.307
27.0, 68556.62239272862, -109372.40533499782, 68608.1431636981, -168641.49792689062, -128940.41883235204, -86866.32208422686, -87674.40470151958, -84416.7720576253, -0.764, -0.292, 0.5760000000000001, 192.0, 0.0, 0.0, 0.0, 0.0, 0.0, 0.0, 0.0, 0.0, 0.0, 1.769680288365321E9, 0.0, 2026-01-29 15:21:28.365
28.0, 68682.30625180081, -119332.40971951601, 67262.1211125995, -179444.58776051854, -128949.60539932316, -86875.01691281998, -87678.696236455, -84422.85173211715, -0.764, -0.292, 0.5760000000000001, 192.0, 0.0, 0.0, 0.0, 0.0, 0.0, 0.0, 0.0, 0.0, 0.0, 1.769680288365442E9, 0.0, 2026-01-29 15:21:28.365
29.0, 68663.08375156924, -116849.24266925368, 68117.34355894847, -175998.5969660994, -128947.16905917754, -86874.9051540977, -87678.42801552154, -84423.81285712872, -0.764, -0.292, 0.5760000000000001, 192.0, 0.0, 0.0, 0.0, 0.0, 0.0, 0.0, 0.0, 0.0, 0.0, 1.769680288365526E9, 0.0, 2026-01-29 15:21:28.365
30.0, 68516.94804632045, -104673.97924351445, 68645.8058531053, -162177.2393199491, -128939.12243117363, -86870.41245346218, -87677.6457044656, -84423.54463619526, -0.764, -0.292, 0.5760000000000001, 192.0, 0.0, 0.0, 0.0, 0.0, 0.0, 0.0, 0.0, 0.0, 0.0, 1.769680288365666E9, 0.0, 2026-01-29 15:21:28.365
31.0, 68445.57892627465, -99914.35407571246, 68573.9896981704, -157615.0918144097, -128936.686091028, -86869.38427321723, -87678.2939050548, -84424.79633388476, -0.764, -0.292, 0.5760000000000001, 192.0, 0.0, 0.0, 0.0, 0.0, 0.0, 0.0, 0.0, 0.0, 0.0, 1.769680288365786E9, 0.0, 2026-01-29 15:21:28.365
32.0, 68546.184128068, -109387.73863169416, 68589.5912158002, -168723.86410520843, -128942.72106203093, -86874.18989827513, -87679.52325099985, -84427.54559845277, -0.764, -0.292, 0.5760000000000001, 192.0, 0.0, 0.0, 0.0, 0.0, 0.0, 0.0, 0.0, 0.0, 0.0, 1.76968028836588E9, 0.0, 2026-01-29 15:21:28.365
33.0, 68670.99626910643, -119350.29111508025, 67144.21566059777, -179477.6683423124, -128950.9912074794, -86882.03536057894, -87682.83130917924, -84432.64179618857, -0.764, -0.292, 0.5760000000000001, 192.0, 0.0, 0.0, 0.0, 0.0, 0.0, 0.0, 0.0, 0.0, 0.0, 1.76968028836598E9, 0.0, 2026-01-29 15:21:28.365
34.0, 68653.13722528663, -116820.81125030652, 68068.46029382471, -175946.6291602408, -128950.36535863465, -86883.68938966864, -87684.46298652446, -84435.36870901212, -0.762, -0.294, 0.5740000000000001, 192.0, 232.0, 48.0, 246.0, 208.0, 17.0, 240.0, 0.0, 0.0, 0.0, 1.769680288366061E9, 0.0, 2026-01-29 15:21:28.366
35.0, 68505.14632524805, -104600.48670774541, 68633.8476698217, -162095.87897013177, -128940.77646026331, -86877.74382564353, -87682.33957080121, -84433.73703166688, -0.762, -0.294, 0.5740000000000001, 192.0, 0.0, 0.0, 0.0, 0.0, 0.0, 0.0, 0.0, 0.0, 0.0, 1.769680288366152E9, 0.0, 2026-01-29 15:21:28.366
36.0, 68434.53716451373, -99887.62138934391, 68562.85852943164, -157616.81289873278, -128938.72009977343, -86877.02856982095, -87683.23364057942, -84435.36870901212, -0.762, -0.294, 0.5740000000000001, 192.0, 0.0, 0.0, 0.0, 0.0, 0.0, 0.0, 0.0, 0.0, 0.0, 1.769680288366233E9, 0.0, 2026-01-29 15:21:28.366
37.0, 68538.76334890883, -109441.583984087, 68571.44159930249, -168809.13601030543, -128948.06312895575, -86885.0528460804, -87687.65928598157, -84441.40368001505, -0.762, -0.294, 0.5740000000000001, 192.0, 0.0, 0.0, 0.0, 0.0, 0.0, 0.0, 0.0, 0.0, 0.0, 1.769680288366333E9, 0.0, 2026-01-29 15:21:28.366
38.0, 68660.71446665698, -119400.9848715049, 67013.07797587848, -179527.78095338118, -128953.44989936947, -86889.88082288275, -87688.10632087068, -84443.79531667178, -0.762, -0.294, 0.5740000000000001, 192.0, 0.0, 0.0, 0.0, 0.0, 0.0, 0.0, 0.0, 0.0, 0.0, 1.769680288366447E9, 0.0, 2026-01-29 15:21:28.366
39.0, 68641.82724259225, -116800.53821808557, 68020.13582231234, -175917.59424419334, -128952.77934703582, -86891.37838976126, -87689.73799821592, -84446.4775260064, -0.762, -0.294, 0.5740000000000001, 192.0, 0.0, 0.0, 0.0, 0.0, 0.0, 0.0, 0.0, 0.0, 0.0, 1.769680288366551E9, 0.0, 2026-01-29 15:21:28.366
40.0, 68493.21049370892, -104519.9757242174, 68621.97889351593, -162028.9354954881, -128943.50337308686, -86885.67869492515, -87687.99456214841, -84445.04701436128, -0.762, -0.294, 0.5740000000000001, 192.0, 0.0, 0.0, 0.0, 0.0, 0.0, 0.0, 0.0, 0.0, 0.0, 1.769680288366633E9, 0.0, 2026-01-29 15:21:28.366
41.0, 68423.38364403053, -99886.5261538656, 68551.86147115963, -157670.07710576977, -128941.26819864134, -86884.82932863585, -87688.53100401533, -84446.4328225175, -0.762, -0.294, 0.5740000000000001, 192.0, 0.0, 0.0, 0.0, 0.0, 0.0, 0.0, 0.0, 0.0, 0.0, 1.769680288366735E9, 0.0, 2026-01-29 15:21:28.366
42.0, 68525.88874410257, -109514.36126403348, 68539.34449426466, -168927.1755727739, -128947.72785278891, -86889.99258160504, -87690.00621914938, -84449.6291219746, -0.762, -0.294, 0.5740000000000001, 192.0, 0.0, 0.0, 0.0, 0.0, 0.0, 0.0, 0.0, 0.0, 0.0, 1.769680288425584E9, 0.0, 2026-01-29 15:21:28.425
43.0, 68650.87969909665, -119450.44928198449, 66796.98131048457, -179587.4377593324, -128956.69090231549, -86898.35213403132, -87694.00718140688, -84455.37352029962, -0.762, -0.294, 0.5740000000000001, 192.0, 0.0, 0.0, 0.0, 0.0, 0.0, 0.0, 0.0, 0.0, 0.0, 1.7696802884257E9, 0.0, 2026-01-29 15:21:28.425
44.0, 68630.15963198658, -116755.27593556356, 67947.20208015468, -175866.90048776873, -128955.0368732258, -86898.93327938716, -87694.74478897391, -84457.1393081116, -0.762, -0.28800000000000003, 0.5760000000000001, 192.0, 232.0, 48.0, 247.0, 0.0, 18.0, 0.0, 0.0, 0.0, 0.0, 1.769680288425784E9, 0.0, 2026-01-29 15:21:28.425
45.0, 68480.78292379176, -104415.01193225526, 68609.55132359879, -161948.64802940466, -128945.62678881011, -86893.16652931769, -87692.88959418412, -84455.64174123309, -0.762, -0.28800000000000003, 0.5760000000000001, 192.0, 0.0, 0.0, 0.0, 0.0, 0.0, 0.0, 0.0, 0.0, 0.0, 1.769680288425945E9, 0.0, 2026-01-29 15:21:28.425
46.0, 68410.82196364665, -99850.38338308137, 68539.14332856456, -157701.9730451075, -128942.7881172643, -86891.512500228, -87692.84489069521, -84456.3346453112, -0.762, -0.28800000000000003, 0.5760000000000001, 192.0, 0.0, 0.0, 0.0, 0.0, 0.0, 0.0, 0.0, 0.0, 0.0, 1.769680288426065E9, 0.0, 2026-01-29 15:21:28.426
47.0, 68514.0199677968, -109577.84021828655, 68500.5642176347, -169048.9478765664, -128948.8901435006, -86896.20636656361, -87693.94012617352, -84459.0839098792, -0.762, -0.28800000000000003, 0.5760000000000001, 192.0, 0.0, 0.0, 0.0, 0.0, 0.0, 0.0, 0.0, 0.0, 0.0, 1.769680288426246E9, 0.0, 2026-01-29 15:21:28.426
48.0, 68637.69216986802, -119501.2100936425, 66463.64974542258, -179665.1994782924, -128956.4897366154, -86903.22481432257, -87696.66703899707, -84463.55425877027, -0.762, -0.28800000000000003, 0.5760000000000001, 192.0, 0.0, 0.0, 0.0, 0.0, 0.0, 0.0, 0.0, 0.0, 0.0, 1.769680288426449E9, 0.0, 2026-01-29 15:21:28.426
49.0, 68614.58046610124, -116698.88248430283, 67817.74077626954, -175827.15908612718, -128953.44989936947, -86902.44250326663, -87696.06354189677, -84464.09070063719, -0.762, -0.28800000000000003, 0.5760000000000001, 192.0, 0.0, 0.0, 0.0, 0.0, 0.0, 0.0, 0.0, 0.0, 0.0, 1.769680288426715E9, 0.0, 2026-01-29 15:21:28.426
50.0, 68464.35439161712, -104296.90531455343, 68592.89927397958, -161875.58017678026, -128944.06216669825, -86896.67575319717, -87694.20834710698, -84462.59313375868, -0.762, -0.28800000000000003, 0.5760000000000001, 192.0, 0.0, 0.0, 0.0, 0.0, 0.0, 0.0, 0.0, 0.0, 0.0, 1.769680288426802E9, 0.0, 2026-01-29 15:21:28.426
51.0, 68395.6451291615, -99812.4077692518, 68523.87708710159, -157726.09057737477, -128941.3799573636, -86895.28994504095, -87694.18599536252, -84463.35309307017, -0.762, -0.28800000000000003, 0.5760000000000001, 192.0, 0.0, 0.0, 0.0, 0.0, 0.0, 0.0, 0.0, 0.0, 0.0, 1.769680288426889E9, 0.0, 2026-01-29 15:21:28.426
52.0, 68503.62640662509, -109635.66418119242, 68479.24065342435, -169156.41506390754, -128951.39353887958, -86904.14123584524, -87699.17043437606, -84470.08096815122, -0.762, -0.28800000000000003, 0.5760000000000001, 192.0, 0.0, 0.0, 0.0, 0.0, 0.0, 0.0, 0.0, 0.0, 0.0, 1.769680288426992E9, 0.0, 2026-01-29 15:21:28.426
53.0, 68626.67275985156, -119534.15656496961, 66367.53724426475, -179714.30626086073, -128958.61315233866, -86910.89146267074, -87701.62912626614, -84474.37250308663, -0.762, -0.28800000000000003, 0.5760000000000001, 192.0, 0.0, 0.0, 0.0, 0.0, 0.0, 0.0, 0.0, 0.0, 0.0, 1.769680288427089E9, 0.0, 2026-01-29 15:21:28.427
54.0, 68602.66698630655, -116650.37919883481, 67790.56105501187, -175791.86568163225, -128955.66272207056, -86910.24326208154, -87701.15973963258, -84474.99835193138, -0.764, -0.28800000000000003, 0.5760000000000001, 192.0, 232.0, 32.0, 247.0, 0.0, 18.0, 0.0, 0.0, 0.0, 0.0, 1.76968028842719E9, 0.0, 2026-01-29 15:21:28.427
55.0, 68452.46326356688, -104201.68688317381, 68580.9857941849, -161803.47344916745, -128946.67732079951, -86904.81178817891, -87699.57276577626, -84473.85841296417, -0.764, -0.28800000000000003, 0.5760000000000001, 192.0, 0.0, 0.0, 0.0, 0.0, 0.0, 0.0, 0.0, 0.0, 0.0, 1.769680288427284E9, 0.0, 2026-01-29 15:21:28.427
56.0, 68384.6927743784, -99797.70032140022, 68512.90238057404, -157757.5841853123, -128944.12922193161, -86903.49303525603, -87699.79628322081, -84474.75248274238, -0.764, -0.28800000000000003, 0.5760000000000001, 192.0, 0.0, 0.0, 0.0, 0.0, 0.0, 0.0, 0.0, 0.0, 0.0, 1.76968028842739E9, 0.0, 2026-01-29 15:21:28.427
57.0, 68491.35529891912, -109690.15773417447, 68452.86559496708, -169254.71803602195, -128951.50529760186, -86909.59506149233, -87702.18791987753, -84478.70874151096, -0.764, -0.28800000000000003, 0.5760000000000001, 192.0, 0.0, 0.0, 0.0, 0.0, 0.0, 0.0, 0.0, 0.0, 0.0, 1.769680288485542E9, 0.0, 2026-01-29 15:21:28.485
58.0, 68615.13925971261, -119572.53451019937, 66247.26250735075, -179770.96793305493, -128959.21664943894, -86916.92643367368, -87704.98188793444, -84483.40260784658, -0.764, -0.28800000000000003, 0.5760000000000001, 192.0, 0.0, 0.0, 0.0, 0.0, 0.0, 0.0, 0.0, 0.0, 0.0, 1.769680288485675E9, 0.0, 2026-01-29 15:21:28.485
59.0, 68589.56886405573, -116605.6757099242, 67755.13354005021, -175744.54703862037, -128955.37214939263, -86915.45121853963, -87703.61843152267, -84483.22379389094, -0.764, -0.28800000000000003, 0.5760000000000001, 192.0, 0.0, 0.0, 0.0, 0.0, 0.0, 0.0, 0.0, 0.0, 0.0, 1.76968028848576E9, 0.0, 2026-01-29 15:21:28.485
60.0, 68436.52646977025, -104088.40824227432, 68565.11605562163, -161697.28031126029, -128944.24098065389, -86907.80692193592, -87699.99744892091, -84479.8933839671, -0.764, -0.28800000000000003, 0.5760000000000001, 192.0, 0.0, 0.0, 0.0, 0.0, 0.0, 0.0, 0.0, 0.0, 0.0, 1.769680288485887E9, 0.0, 2026-01-29 15:21:28.485
61.0, 68367.72780033681, -99750.98517548862, 68495.93740653247, -157747.59295554078, -128939.50241082936, -86904.23064282307, -87697.94108843102, -84478.46287232195, -0.764, -0.28800000000000003, 0.5760000000000001, 192.0, 0.0, 0.0, 0.0, 0.0, 0.0, 0.0, 0.0, 0.0, 0.0, 1.76968028848598E9, 0.0, 2026-01-29 15:21:28.485
62.0, 68476.60314757861, -109750.55214769271, 68404.63053043254, -169345.33200804377, -128947.6384458111, -86911.04792488193, -87700.80211172129, -84483.0896834242, -0.764, -0.28800000000000003, 0.5760000000000001, 192.0, 0.0, 0.0, 0.0, 0.0, 0.0, 0.0, 0.0, 0.0, 0.0, 1.769680288486072E9, 0.0, 2026-01-29 15:21:28.486
63.0, 68601.41528861705, -119648.03870296941, 65891.8474187669, -179852.7529660169, -128956.02034998183, -86919.02749765248, -87704.31133560078, -84488.3423433712, -0.764, -0.28800000000000003, 0.5760000000000001, 192.0, 0.0, 0.0, 0.0, 0.0, 0.0, 0.0, 0.0, 0.0, 0.0, 1.769680288486165E9, 0.0, 2026-01-29 15:21:28.486
64.0, 68578.59415752819, -116584.37449745828, 67634.92585836958, -175707.2643288689, -128955.52861160382, -86920.92739593118, -87706.5018065574, -84491.56099457276, -0.762, -0.296, 0.5740000000000001, 192.0, 232.0, 48.0, 246.0, 192.0, 17.0, 240.0, 0.0, 0.0, 0.0, 1.769680288486248E9, 0.0, 2026-01-29 15:21:28.486
65.0, 68427.58577198813, -103988.40653758128, 68556.22006132842, -161603.4923915258, -128946.8337830107, -86915.85354993983, -87705.54068154583, -84491.06925619475, -0.762, -0.296, 0.5740000000000001, 192.0, 0.0, 0.0, 0.0, 0.0, 0.0, 0.0, 0.0, 0.0, 0.0, 1.769680288486337E9, 0.0, 2026-01-29 15:21:28.486
66.0, 68362.89982353448, -99727.22527113263, 68491.15413321902, -157742.11677814924, -128945.51503008784, -86915.71943947309, -87706.81473097978, -84492.9915062179, -0.762, -0.296, 0.5740000000000001, 192.0, 0.0, 0.0, 0.0, 0.0, 0.0, 0.0, 0.0, 0.0, 0.0, 1.769680288486435E9, 0.0, 2026-01-29 15:21:28.486
67.0, 68472.80335102121, -109835.75699755634, 68381.96586155485, -169442.6962068911, -128953.58400983621, -86922.44731455414, -87709.58634729224, -84497.3947998756, -0.762, -0.296, 0.5740000000000001, 192.0, 0.0, 0.0, 0.0, 0.0, 0.0, 0.0, 0.0, 0.0, 0.0, 1.769680288486547E9, 0.0, 2026-01-29 15:21:28.486
68.0, 68595.80500075877, -119713.3057967789, 65737.75449249202, -179906.88889108764, -128959.90955351706, -86928.43758206816, -87711.06156242629, -84500.76991328836, -0.762, -0.296, 0.5740000000000001, 192.0, 0.0, 0.0, 0.0, 0.0, 0.0, 0.0, 0.0, 0.0, 0.0, 1.769680288486653E9, 0.0, 2026-01-29 15:21:28.486
69.0, 68572.15685512505, -116556.01013374451, 67591.92110203757, -175672.17209007408, -128959.73073956142, -86930.6727565137, -87713.58730954974, -84504.39089589012, -0.762, -0.296, 0.5740000000000001, 192.0, 0.0, 0.0, 0.0, 0.0, 0.0, 0.0, 0.0, 0.0, 0.0, 1.769680288486783E9, 0.0, 2026-01-29 15:21:28.486
70.0, 68418.399205017, -103906.7779668305, 68546.96643912392, -161519.53923935167, -128949.24777141187, -86923.7213639881, -87710.68158277054, -84501.84279702221, -0.762, -0.296, 0.5740000000000001, 192.0, 0.0, 0.0, 0.0, 0.0, 0.0, 0.0, 0.0, 0.0, 0.0, 1.76968028848687E9, 0.0, 2026-01-29 15:21:28.486
71.0, 68353.40033214097, -99721.16794838523, 68481.63229008106, -157755.19254865558, -128946.45380335496, -86921.93322443166, -87710.34630660371, -84502.26748016686, -0.762, -0.296, 0.5740000000000001, 192.0, 0.0, 0.0, 0.0, 0.0, 0.0, 0.0, 0.0, 0.0, 0.0, 1.769680288486976E9, 0.0, 2026-01-29 15:21:28.486
72.0, 68466.8130835072, -109913.943399661, 68354.22734668582, -169536.4170713922, -128956.78030929332, -86930.8739222138, -87715.44250433952, -84509.01770699235, -0.762, -0.296, 0.5740000000000001, 192.0, 0.0, 0.0, 0.0, 0.0, 0.0, 0.0, 0.0, 0.0, 0.0, 1.769680288545696E9, 0.0, 2026-01-29 15:21:28.545
73.0, 68592.65340479057, -119769.45337885064, 65545.52949017638, -179966.56804878332, -128965.85511754217, -86939.47934382908, -87719.73403927495, -84515.20914020648, -0.762, -0.296, 0.5740000000000001, 192.0, 0.0, 0.0, 0.0, 0.0, 0.0, 0.0, 0.0, 0.0, 0.0, 1.769680288545887E9, 0.0, 2026-01-29 15:21:28.545
74.0, 68564.73607596589, -116525.70116826311, 67529.89501117409, -175640.14204026962, -128961.9882657514, -86938.04883218394, -87718.59410030772, -84515.0973814842, -0.756, -0.296, 0.5740000000000001, 192.0, 232.0, 96.0, 246.0, 192.0, 17.0, 240.0, 0.0, 0.0, 0.0, 1.76968028854605E9, 0.0, 2026-01-29 15:21:28.546
75.0, 68411.69368168041, -103836.90641366321, 68540.26091578734, -161466.92323290388, -128952.2876086578, -86931.99150943656, -87716.58244330675, -84513.33159367224, -0.756, -0.296, 0.5740000000000001, 192.0, 0.0, 0.0, 0.0, 0.0, 0.0, 0.0, 0.0, 0.0, 0.0, 1.769680288546269E9, 0.0, 2026-01-29 15:21:28.546
76.0, 68348.46059661635, -99739.1387509273, 68476.69255455644, -157822.02426457696, -128950.47711735692, -86931.23155012507, -87717.27534738486, -84514.80680880629, -0.756, -0.296, 0.5740000000000001, 192.0, 0.0, 0.0, 0.0, 0.0, 0.0, 0.0, 0.0, 0.0, 0.0, 1.76968028854645E9, 0.0, 2026-01-29 15:21:28.546
77.0, 68459.28054562576, -110000.55640942532, 68295.84459016855, -169665.61015434389, -128957.51791686034, -86936.88654147227, -87719.01878345237, -84518.20427396349, -0.756, -0.296, 0.5740000000000001, 192.0, 0.0, 0.0, 0.0, 0.0, 0.0, 0.0, 0.0, 0.0, 0.0, 1.769680288546611E9, 0.0, 2026-01-29 15:21:28.546
78.0, 68584.7408872534, -119833.3346645039, 65102.160287160914, -180046.83316312233, -128966.6374285981, -86945.69312878767, -87723.3550218767, -84524.3063001998, -0.756, -0.296, 0.5740000000000001, 192.0, 0.0, 0.0, 0.0, 0.0, 0.0, 0.0, 0.0, 0.0, 0.0, 1.769680288546759E9, 0.0, 2026-01-29 15:21:28.546
79.0, 68558.41053228504, -116498.9461301501, 67397.52798050977, -175607.24027243143, -128965.25162044188, -86946.74366077705, -87724.65142305511, -84526.72028860096, -0.756, -0.296, 0.5740000000000001, 192.0, 0.0, 0.0, 0.0, 0.0, 0.0, 0.0, 0.0, 0.0, 0.0, 1.769680288546924E9, 0.0, 2026-01-29 15:21:28.546
80.0, 68402.50711470928, -103754.49553185649, 68531.14140404957, -161396.8952175254, -128953.67341681402, -86938.69703277315, -87720.8069230088, -84523.27811995485, -0.756, -0.296, 0.5740000000000001, 192.0, 0.0, 0.0, 0.0, 0.0, 0.0, 0.0, 0.0, 0.0, 0.0, 1.769680288547074E9, 0.0, 2026-01-29 15:21:28.547
81.0, 68339.54225057867, -99741.17275967274, 68467.81891200769, -157853.87550042575, -128950.76769003485, -86936.86418972781, -87720.33753637524, -84523.7028030995, -0.756, -0.296, 0.5740000000000001, 192.0, 0.0, 0.0, 0.0, 0.0, 0.0, 0.0, 0.0, 0.0, 0.0, 1.769680288547234E9, 0.0, 2026-01-29 15:21:28.547
82.0, 68452.57502228917, -110090.34336690228, 68263.07693279708, -169780.29695514406, -128958.97078024993, -86943.68147178668, -87723.13150443215, -84528.19550373501, -0.756, -0.296, 0.5740000000000001, 192.0, 0.0, 0.0, 0.0, 0.0, 0.0, 0.0, 0.0, 0.0, 0.0, 1.769680288547415E9, 0.0, 2026-01-29 15:21:28.547
83.0, 68575.75548598236, -119882.26263311657, 64883.314357199, -180098.8680242143, -128966.07863498673, -86950.43169861218, -87725.50078934441, -84532.41998343707, -0.756, -0.296, 0.5740000000000001, 192.0, 0.0, 0.0, 0.0, 0.0, 0.0, 0.0, 0.0, 0.0, 0.0, 1.769680288547583E9, 0.0, 2026-01-29 15:21:28.547
84.0, 68547.41347401304, -116443.4914521565, 67328.57284886514, -175560.54747826429, -128963.86581228564, -86950.58816082338, -87726.08193470025, -84534.16341950458, -0.752, -0.29, 0.58, 192.0, 232.0, 128.0, 246.0, 240.0, 18.0, 32.0, 0.0, 0.0, 0.0, 1.76968028854775E9, 0.0, 2026-01-29 15:21:28.547
85.0, 68393.3428994826, -103656.25961497541, 68521.93248533398, -161329.05767310355, -128954.5898383367, -86944.88846598727, -87724.42790561056, -84533.00112879291, -0.752, -0.29, 0.58, 192.0, 0.0, 0.0, 0.0, 0.0, 0.0, 0.0, 0.0, 0.0, 0.0, 1.769680288547917E9, 0.0, 2026-01-29 15:21:28.547
86.0, 68334.22253539831, -99733.2378903911, 68462.43214159395, -157888.23013165357, -128954.94746624798, -86946.40838461023, -87727.31128064528, -84536.57740790576, -0.752, -0.29, 0.58, 192.0, 0.0, 0.0, 0.0, 0.0, 0.0, 0.0, 0.0, 0.0, 0.0, 1.769680288548088E9, 0.0, 2026-01-29 15:21:28.548
87.0, 68448.32819084266, -110160.81841716987, 68233.77379581616, -169881.9526889268, -128963.39642565208, -86953.51623934701, -87730.5075801024, -84541.51714343038, -0.752, -0.29, 0.58, 192.0, 0.0, 0.0, 0.0, 0.0, 0.0, 0.0, 0.0, 0.0, 0.0, 1.76968028860607E9, 0.0, 2026-01-29 15:21:28.606
88.0, 68571.75452372486, -119939.52780241106, 64690.15058161624, -180157.58605689838, -128970.68309434452, -86960.40057663925, -87732.92156850357, -84545.8086783658, -0.752, -0.29, 0.58, 192.0, 0.0, 0.0, 0.0, 0.0, 0.0, 0.0, 0.0, 0.0, 0.0, 1.769680288606256E9, 0.0, 2026-01-29 15:21:28.606
89.0, 68540.5738402097, -116420.44680362307, 67271.84412143756, -175523.08595455717, -128966.23509719792, -86958.277160916, -87731.26753941388, -84545.29458824333, -0.752, -0.29, 0.58, 192.0, 0.0, 0.0, 0.0, 0.0, 0.0, 0.0, 0.0, 0.0, 0.0, 1.769680288606418E9, 0.0, 2026-01-29 15:21:28.606
90.0, 68385.58684415661, -103550.7370294019, 68514.15407826354, -161223.1551078743, -128956.84736452668, -86952.39865212425, -87729.70291730201, -84544.04289055383, -0.752, -0.29, 0.58, 192.0, 0.0, 0.0, 0.0, 0.0, 0.0, 0.0, 0.0, 0.0, 0.0, 1.769680288606626E9, 0.0, 2026-01-29 15:21:28.606
91.0, 68321.14676489196, -99674.40809898474, 68449.37872283206, -157863.68791624164, -128951.10296620167, -86947.59302706635, -87726.28310040035, -84541.27127424137, -0.752, -0.29, 0.58, 192.0, 0.0, 0.0, 0.0, 0.0, 0.0, 0.0, 0.0, 0.0, 0.0, 1.769680288606784E9, 0.0, 2026-01-29 15:21:28.606
92.0, 68435.54299301423, -110195.95535945361, 68165.8915479054, -169948.7173496148, -128958.21082093846, -86953.4268323692, -87727.95948123449, -84544.71344288749, -0.752, -0.29, 0.58, 192.0, 0.0, 0.0, 0.0, 0.0, 0.0, 0.0, 0.0, 0.0, 0.0, 1.769680288606973E9, 0.0, 2026-01-29 15:21:28.606
93.0, 68559.12578810762, -119991.56266350302, 64240.85816632011, -180225.11067689786, -128965.36337916415, -86960.2217626836, -87730.28406265784, -84548.98262607845, -0.752, -0.29, 0.58, 192.0, 0.0, 0.0, 0.0, 0.0, 0.0, 0.0, 0.0, 0.0, 0.0, 1.769680288607135E9, 0.0, 2026-01-29 15:21:28.607
94.0, 68530.71672090492, -116377.86673043571, 67136.90664016089, -175489.78185531878, -128964.67047508604, -86961.89814351776, -87732.4074783811, -84552.29068425784, -0.752, -0.29, 0.5760000000000001, 192.0, 232.0, 128.0, 246.0, 240.0, 18.0, 0.0, 0.0, 0.0, 0.0, 1.76968028860731E9, 0.0, 2026-01-29 15:21:28.607
95.0, 68375.17093124044, -103428.27182153128, 68503.69346185845, -161133.50226086407, -128955.52861160382, -86956.26550391501, -87731.06637371378, -84551.26250401289, -0.752, -0.29, 0.5760000000000001, 192.0, 0.0, 0.0, 0.0, 0.0, 0.0, 0.0, 0.0, 0.0, 0.0, 1.76968028860749E9, 0.0, 2026-01-29 15:21:28.607
96.0, 68316.89993344546, -99620.13806344724, 68445.08718789664, -157867.2641953545, -128955.32744590372, -86957.18192543769, -87733.18978943703, -84554.23528602545, -0.752, -0.29, 0.5760000000000001, 192.0, 0.0, 0.0, 0.0, 0.0, 0.0, 0.0, 0.0, 0.0, 0.0, 1.769680288607639E9, 0.0, 2026-01-29 15:21:28.607
97.0, 68431.63143773454, -110252.03588629198, 68124.16084100734, -170060.20785095787, -128961.83180354022, -86962.25577142905, -87734.26267317089, -84556.87279187117, -0.752, -0.29, 0.5760000000000001, 192.0, 0.0, 0.0, 0.0, 0.0, 0.0, 0.0, 0.0, 0.0, 0.0, 1.769680288607793E9, 0.0, 2026-01-29 15:21:28.607
98.0, 68555.52715725031, -120036.93670474729, 63975.14062823542, -180300.1007795454, -128969.1408239771, -86969.14010872127, -87736.87782727217, -84561.1643268066, -0.752, -0.29, 0.5760000000000001, 192.0, 0.0, 0.0, 0.0, 0.0, 0.0, 0.0, 0.0, 0.0, 0.0, 1.769680288608028E9, 0.0, 2026-01-29 15:21:28.608
99.0, 68523.98884582387, -116315.48301166094, 67067.32565967151, -175442.8208402182, -128966.74918732038, -86969.29657093246, -87737.458972628, -84562.8630593852, -0.752, -0.29, 0.5760000000000001, 192.0, 0.0, 0.0, 0.0, 0.0, 0.0, 0.0, 0.0, 0.0, 0.0, 1.769680288608216E9, 0.0, 2026-01-29 15:21:28.608
100.0, 68366.14082648049, -103292.84260187657, 68494.66335709851, -161012.78048906094, -128956.75795754886, -86962.94867550716, -87735.22379818247, -84561.05256808431, -0.752, -0.29, 0.5760000000000001, 192.0, 0.0, 0.0, 0.0, 0.0, 0.0, 0.0, 0.0, 0.0, 0.0, 1.769680288608388E9, 0.0, 2026-01-29 15:21:28.608
101.0, 68307.1769246074, -99588.62210376527, 68435.2971238252, -157864.89491044224, -128955.01452148135, -86962.0769574734, -87735.60377783822, -84562.19250705153, -0.752, -0.29, 0.5760000000000001, 192.0, 0.0, 0.0, 0.0, 0.0, 0.0, 0.0, 0.0, 0.0, 0.0, 1.769680288608601E9, 0.0, 2026-01-29 15:21:28.608
102.0, 68424.25536206429, -110354.96566950866, 68035.60322947541, -170184.93058501848, -128962.43530064051, -86968.04487324296, -87737.57073135028, -84565.74643441993, -0.752, -0.29, 0.5760000000000001, 192.0, 0.0, 0.0, 0.0, 0.0, 0.0, 0.0, 0.0, 0.0, 0.0, 1.76968028866631E9, 0.0, 2026-01-29 15:21:28.666
103.0, 68549.51453799182, -120144.47094732178, 63416.302313363834, -180408.35027794246, -128970.90661178908, -86976.31501869143, -87741.3034726743, -84571.22261181148, -0.752, -0.29, 0.5760000000000001, 192.0, 0.0, 0.0, 0.0, 0.0, 0.0, 0.0, 0.0, 0.0, 0.0, 1.769680288666508E9, 0.0, 2026-01-29 15:21:28.666
104.0, 68516.56806666471, -116292.28190091634, 66917.05488169848, -175406.43220024495, -128968.3361611767, -86976.33737043588, -87741.72815581896, -84572.72017868998, -0.754, -0.294, 0.5700000000000001, 192.0, 232.0, 112.0, 246.0, 208.0, 17.0, 208.0, 0.0, 0.0, 0.0, 1.76968028866667E9, 0.0, 2026-01-29 15:21:28.666
105.0, 68358.51888162123, -103132.26766970965, 68486.97435700588, -160841.63318176667, -128959.32840816122, -86970.90589653325, -87740.6105685962, -84571.91551588959, -0.754, -0.294, 0.5700000000000001, 192.0, 0.0, 0.0, 0.0, 0.0, 0.0, 0.0, 0.0, 0.0, 0.0, 1.769680288666847E9, 0.0, 2026-01-29 15:21:28.666
106.0, 68298.45974426983, -99540.67761190863, 68426.64699872101, -157821.8454506213, -128955.46155637046, -86967.91076277623, -87738.86713252869, -84570.95439087802, -0.754, -0.294, 0.5700000000000001, 192.0, 0.0, 0.0, 0.0, 0.0, 0.0, 0.0, 0.0, 0.0, 0.0, 1.76968028866706E9, 0.0, 2026-01-29 15:21:28.667
107.0, 68417.30396953868, -110515.71941563123, 67816.06439543539, -170353.5074417004, -128962.16707970704, -86973.16342272323, -87739.94001626254, -84573.8601176572, -0.754, -0.294, 0.5700000000000001, 192.0, 0.0, 0.0, 0.0, 0.0, 0.0, 0.0, 0.0, 0.0, 0.0, 1.769680288667228E9, 0.0, 2026-01-29 15:21:28.667
108.0, 68540.75265416535, -120343.3567694851, 61830.93778263781, -180611.75115248575, -128967.8891262876, -86978.55019313697, -87740.90114127412, -84576.69878920303, -0.754, -0.294, 0.5700000000000001, 192.0, 0.0, 0.0, 0.0, 0.0, 0.0, 0.0, 0.0, 0.0, 0.0, 1.76968028866738E9, 0.0, 2026-01-29 15:21:28.667
109.0, 68506.6215403821, -116308.17399122406, 66426.14351822657, -175409.0920578351, -128965.69865533098, -86978.97487628162, -87741.95167326352, -84578.710446204, -0.754, -0.294, 0.5700000000000001, 192.0, 0.0, 0.0, 0.0, 0.0, 0.0, 0.0, 0.0, 0.0, 0.0, 1.769680288667576E9, 0.0, 2026-01-29 15:21:28.667
110.0, 68345.19724192587, -102984.63439758234, 68473.67506905497, -160688.12140084762, -128955.72977730392, -86972.44816690066, -87739.82825754027, -84577.0117136254, -0.754, -0.294, 0.5700000000000001, 192.0, 0.0, 0.0, 0.0, 0.0, 0.0, 0.0, 0.0, 0.0, 0.0, 1.769680288667739E9, 0.0, 2026-01-29 15:21:28.667
111.0, 68289.67550869889, -99490.20737292855, 68417.77335617226, -157795.31392995286, -128954.90276275907, -86972.53757387848, -87741.14701046313, -84579.24688807093, -0.754, -0.294, 0.5700000000000001, 192.0, 0.0, 0.0, 0.0, 0.0, 0.0, 0.0, 0.0, 0.0, 0.0, 1.769680288667906E9, 0.0, 2026-01-29 15:21:28.667
112.0, 68412.34188226961, -110638.09521652405, 67679.4281815801, -170514.50705701197, -128963.01644599634, -86979.37720768181, -87743.62805409766, -84583.5607747508, -0.754, -0.294, 0.5700000000000001, 192.0, 0.0, 0.0, 0.0, 0.0, 0.0, 0.0, 0.0, 0.0, 0.0, 1.769680288668077E9, 0.0, 2026-01-29 15:21:28.668
113.0, 68539.0315698423, -120454.64610512806, 60991.89799927449, -180742.19593312693, -128971.62186761164, -86987.64735313028, -87747.33844367725, -84589.19341435355, -0.754, -0.294, 0.5700000000000001, 192.0, 0.0, 0.0, 0.0, 0.0, 0.0, 0.0, 0.0, 0.0, 0.0, 1.769680288668254E9, 0.0, 2026-01-29 15:21:28.668
114.0, 68503.73816534736, -116277.5968048092, 66184.69997462035, -175380.25830748776, -128969.45374839948, -86987.9826292971, -87748.29956868882, -84591.16036786561, -0.756, -0.29, 0.5700000000000001, 192.0, 232.0, 96.0, 246.0, 240.0, 17.0, 208.0, 0.0, 0.0, 0.0, 1.769680288668434E9, 0.0, 2026-01-29 15:21:28.668
115.0, 68339.6316575565, -102872.36158518335, 68468.06478119669, -160580.6542135065, -128957.36145464916, -86979.37720768181, -87744.25390294241, -84587.42762654158, -0.756, -0.29, 0.5700000000000001, 192.0, 0.0, 0.0, 0.0, 0.0, 0.0, 0.0, 0.0, 0.0, 0.0, 1.769680288668607E9, 0.0, 2026-01-29 15:21:28.668
116.0, 68284.02051735169, -99492.3307886518, 68412.07366133615, -157828.32745651336, -128955.41685288154, -86978.21491697013, -87744.2091994535, -84588.25464108642, -0.756, -0.29, 0.5700000000000001, 192.0, 0.0, 0.0, 0.0, 0.0, 0.0, 0.0, 0.0, 0.0, 0.0, 1.769680288668788E9, 0.0, 2026-01-29 15:21:28.668
117.0, 68407.75977465627, -110738.96863925084, 67569.81522677127, -170655.56891626943, -128963.73170181892, -86984.98749554009, -87746.7125948325, -84592.54617602185, -0.756, -0.29, 0.5700000000000001, 192.0, 0.0, 0.0, 0.0, 0.0, 0.0, 0.0, 0.0, 0.0, 0.0, 1.769680288726556E9, 0.0, 2026-01-29 15:21:28.726
118.0, 68533.19776453945, -120510.74898371089, 60447.9682979546, -180822.17047478803, -128971.13012923363, -86992.14005376579, -87749.4171559116, -84597.03887665736, -0.756, -0.29, 0.5700000000000001, 192.0, 0.0, 0.0, 0.0, 0.0, 0.0, 0.0, 0.0, 0.0, 0.0, 1.769680288726739E9, 0.0, 2026-01-29 15:21:28.726
119.0, 68500.18423797897, -116223.0809000827, 66070.95194708729, -175341.54508609118, -128972.60534436768, -86996.2304230011, -87754.3121879473, -84602.78327498237, -0.756, -0.29, 0.5700000000000001, 192.0, 0.0, 0.0, 0.0, 0.0, 0.0, 0.0, 0.0, 0.0, 0.0, 1.769680288726892E9, 0.0, 2026-01-29 15:21:28.726
120.0, 68338.134090678, -102762.52511292996, 68466.50015908483, -160492.20836069685, -128963.48583262991, -86990.6871903762, -87753.2616559579, -84602.11272264872, -0.756, -0.29, 0.5700000000000001, 192.0, 0.0, 0.0, 0.0, 0.0, 0.0, 0.0, 0.0, 0.0, 0.0, 1.769680288727043E9, 0.0, 2026-01-29 15:21:28.727
121.0, 68280.84656963903, -99498.61162884375, 68408.83265839012, -157877.90362571523, -128958.47904187192, -86986.57446939641, -87750.15476347861, -84599.81049296982, -0.756, -0.29, 0.5700000000000001, 192.0, 0.0, 0.0, 0.0, 0.0, 0.0, 0.0, 0.0, 0.0, 0.0, 1.769680288727241E9, 0.0, 2026-01-29 15:21:28.727
122.0, 68402.77533564274, -110826.67688449347, 67481.16820826152, -170790.48404580166, -128963.73170181892, -86990.37426595381, -87749.61832161169, -84600.92808019258, -0.756, -0.29, 0.5700000000000001, 192.0, 0.0, 0.0, 0.0, 0.0, 0.0, 0.0, 0.0, 0.0, 0.0, 1.769680288727445E9, 0.0, 2026-01-29 15:21:28.727
123.0, 68526.73811039187, -120550.78095803034, 60065.59700555766, -180903.8437490277, -128970.32546643323, -86996.81156835695, -87751.47351640147, -84604.50435930543, -0.756, -0.29, 0.5700000000000001, 192.0, 0.0, 0.0, 0.0, 0.0, 0.0, 0.0, 0.0, 0.0, 0.0, 1.769680288727617E9, 0.0, 2026-01-29 15:21:28.727
124.0, 68488.40486865102, -116134.8138612287, 66002.5332573096, -175272.03116083518, -128967.75501582088, -86997.12449277932, -87752.4122896686, -84606.49366456196, -0.758, -0.28800000000000003, 0.5720000000000001, 192.0, 232.0, 80.0, 247.0, 0.0, 17.0, 224.0, 0.0, 0.0, 0.0, 1.769680288727804E9, 0.0, 2026-01-29 15:21:28.727
125.0, 68324.90185796045, -102611.40496866763, 68453.29027811173, -160351.41472237287, -128958.3896348941, -86991.24598398758, -87751.04883325682, -84605.46548431701, -0.758, -0.28800000000000003, 0.5720000000000001, 192.0, 0.0, 0.0, 0.0, 0.0, 0.0, 0.0, 0.0, 0.0, 0.0, 1.769680288727986E9, 0.0, 2026-01-29 15:21:28.727
126.0, 68272.44231372385, -99462.11123014824, 68400.42840247494, -157855.88715742674, -128957.31675116024, -86990.9777630541, -87751.7640890794, -84607.03010642888, -0.758, -0.28800000000000003, 0.5720000000000001, 192.0, 0.0, 0.0, 0.0, 0.0, 0.0, 0.0, 0.0, 0.0, 0.0, 1.769680288728162E9, 0.0, 2026-01-29 15:21:28.728
127.0, 68401.45658271988, -110930.65719969955, 67346.27543047375, -170919.69948049777, -128968.02323675434, -87000.1866817697, -87756.54736239283, -84613.6685745321, -0.758, -0.28800000000000003, 0.5720000000000001, 192.0, 0.0, 0.0, 0.0, 0.0, 0.0, 0.0, 0.0, 0.0, 0.0, 1.769680288728344E9, 0.0, 2026-01-29 15:21:28.728
128.0, 68526.33577899168, -120635.78464219387, 59347.03312480845, -181006.59471828875, -128975.30990544676, -87007.16042603976, -87759.14016474965, -84618.04951644535, -0.758, -0.28800000000000003, 0.5720000000000001, 192.0, 0.0, 0.0, 0.0, 0.0, 0.0, 0.0, 0.0, 0.0, 0.0, 1.769680288728537E9, 0.0, 2026-01-29 15:21:28.728
129.0, 68484.80623779372, -116074.82177911066, 65827.47439473563, -175213.35783164, -128971.01837051134, -87005.50639695006, -87758.33550194926, -84618.34008912326, -0.758, -0.28800000000000003, 0.5720000000000001, 192.0, 0.0, 0.0, 0.0, 0.0, 0.0, 0.0, 0.0, 0.0, 0.0, 1.76968028872873E9, 0.0, 2026-01-29 15:21:28.728
130.0, 68317.19050612337, -102459.25664416036, 68445.57892627465, -160195.15367688582, -128958.88137327212, -86996.8339201014, -87754.33453969176, -84614.6744030326, -0.758, -0.28800000000000003, 0.5720000000000001, 192.0, 0.0, 0.0, 0.0, 0.0, 0.0, 0.0, 0.0, 0.0, 0.0, 1.769680288728896E9, 0.0, 2026-01-29 15:21:28.728
131.0, 68267.32376424359, -99450.10834337573, 68395.37690822803, -157862.88325344125, -128958.59080059419, -86997.25860324605, -87755.78740308135, -84617.04368794485, -0.758, -0.28800000000000003, 0.5720000000000001, 192.0, 0.0, 0.0, 0.0, 0.0, 0.0, 0.0, 0.0, 0.0, 0.0, 1.769680288729084E9, 0.0, 2026-01-29 15:21:28.729
132.0, 68398.03676581822, -111093.57906503428, 67133.77739593714, -171111.45509617985, -128968.939658277, -87005.99813532807, -87760.1683449946, -84623.19041767006, -0.758, -0.28800000000000003, 0.5720000000000001, 192.0, 0.0, 0.0, 0.0, 0.0, 0.0, 0.0, 0.0, 0.0, 0.0, 1.769680288787007E9, 0.0, 2026-01-29 15:21:28.787
133.0, 68524.48058420188, -120766.76586470199, 58318.91993509769, -181149.84704850282, -128977.65683861457, -87014.51414996554, -87764.16930725209, -84629.09127820627, -0.758, -0.28800000000000003, 0.5720000000000001, 192.0, 0.0, 0.0, 0.0, 0.0, 0.0, 0.0, 0.0, 0.0, 0.0, 1.769680288787181E9, 0.0, 2026-01-29 15:21:28.787
134.0, 68482.70517381492, -115989.99690890276, 65588.64600523066, -175121.62627239543, -128975.6451816136, -87015.29646102148, -87765.75628110842, -84631.728784052, -0.762, -0.292, 0.5700000000000001, 192.0, 232.0, 48.0, 246.0, 224.0, 17.0, 208.0, 0.0, 0.0, 0.0, 1.769680288787326E9, 0.0, 2026-01-29 15:21:28.787
135.0, 68313.0777851436, -102176.4623733118, 68441.48855703934, -159885.98434758, -128963.61994309664, -87007.04866731747, -87761.93413280656, -84628.19720842806, -0.762, -0.292, 0.5700000000000001, 192.0, 0.0, 0.0, 0.0, 0.0, 0.0, 0.0, 0.0, 0.0, 0.0, 1.769680288787493E9, 0.0, 2026-01-29 15:21:28.787
136.0, 68263.43456070835, -99334.1027896527, 68391.57711167063, -157753.7843887549, -128962.12237621813, -87006.37811498382, -87762.15765025112, -84629.33714739527, -0.762, -0.292, 0.5700000000000001, 192.0, 0.0, 0.0, 0.0, 0.0, 0.0, 0.0, 0.0, 0.0, 0.0, 1.769680288787692E9, 0.0, 2026-01-29 15:21:28.787
137.0, 68398.61791117405, -111281.35607020331, 66689.62588186574, -171341.52160185835, -128972.76180657886, -87015.45292323267, -87766.60564739772, -84635.66269107613, -0.762, -0.292, 0.5700000000000001, 192.0, 0.0, 0.0, 0.0, 0.0, 0.0, 0.0, 0.0, 0.0, 0.0, 1.769680288787868E9, 0.0, 2026-01-29 15:21:28.787
138.0, 68525.66522665802, -121010.53398973156, 56055.04584968637, -181444.26422646813, -128980.47315841595, -87023.09721983639, -87769.71253987701, -84640.55772311184, -0.762, -0.292, 0.5700000000000001, 192.0, 0.0, 0.0, 0.0, 0.0, 0.0, 0.0, 0.0, 0.0, 0.0, 1.76968028878802E9, 0.0, 2026-01-29 15:21:28.788
139.0, 68478.03365922376, -116016.37196736003, 64996.883570776416, -175167.02266538414, -128974.46053915746, -87019.94562386819, -87767.41031019812, -84639.23897018898, -0.762, -0.292, 0.5700000000000001, 192.0, 0.0, 0.0, 0.0, 0.0, 0.0, 0.0, 0.0, 0.0, 0.0, 1.769680288788186E9, 0.0, 2026-01-29 15:21:28.788
140.0, 68308.09334613006, -102042.84364495799, 68436.37000755906, -159754.66784890508, -128964.55871636377, -87013.70948716516, -87765.64452238614, -84637.78610679938, -0.762, -0.292, 0.5700000000000001, 192.0, 0.0, 0.0, 0.0, 0.0, 0.0, 0.0, 0.0, 0.0, 0.0, 1.769680288788328E9, 0.0, 2026-01-29 15:21:28.788
141.0, 68261.24408975174, -99320.33411506822, 68389.27488199173, -157753.20324339907, -128964.55871636377, -87014.46944647664, -87767.27619973138, -84640.24479868947, -0.762, -0.292, 0.5700000000000001, 192.0, 0.0, 0.0, 0.0, 0.0, 0.0, 0.0, 0.0, 0.0, 0.0, 1.769680288788469E9, 0.0, 2026-01-29 15:21:28.788
142.0, 68395.6898326504, -111372.66294630324, 66617.65326471964, -171443.22203913, -128973.41000716806, -87021.71141168015, -87769.86900208819, -84644.64809234717, -0.762, -0.292, 0.5700000000000001, 192.0, 0.0, 0.0, 0.0, 0.0, 0.0, 0.0, 0.0, 0.0, 0.0, 1.769680288788634E9, 0.0, 2026-01-29 15:21:28.788
143.0, 68523.34064523467, -121051.34827510695, 55808.908439744526, -181480.60816295244, -128982.3507049502, -87030.42859201772, -87774.13818527915, -84650.57130462783, -0.762, -0.292, 0.5700000000000001, 192.0, 0.0, 0.0, 0.0, 0.0, 0.0, 0.0, 0.0, 0.0, 0.0, 1.769680288788813E9, 0.0, 2026-01-29 15:21:28.788
144.0, 68478.68185981296, -115963.66655393441, 64973.52599782062, -175113.28907171357, -128980.33904794921, -87031.25560656257, -87775.90397309113, -84653.36527268474, -0.76, -0.294, 0.5700000000000001, 192.0, 232.0, 64.0, 246.0, 208.0, 17.0, 208.0, 0.0, 0.0, 0.0, 1.769680288788985E9, 0.0, 2026-01-29 15:21:28.788
145.0, 68309.2779885862, -101978.4259174378, 68437.48759478184, -159710.23258092793, -128970.8395565557, -87025.42180125974, -87774.67462714609, -84652.44885116206, -0.76, -0.294, 0.5700000000000001, 192.0, 0.0, 0.0, 0.0, 0.0, 0.0, 0.0, 0.0, 0.0, 0.0, 1.76968028878916E9, 0.0, 2026-01-29 15:21:28.789
146.0, 68261.44525545184, -99355.94044398553, 68389.49839943628, -157815.92223834066, -128968.60438211018, -87023.92423438124, -87773.98172306798, -84652.60531337325, -0.76, -0.294, 0.5700000000000001, 192.0, 0.0, 0.0, 0.0, 0.0, 0.0, 0.0, 0.0, 0.0, 0.0, 1.769680288789407E9, 0.0, 2026-01-29 15:21:28.789
147.0, 68394.30402449418, -111462.89693866932, 66585.48910444845, -171551.22566833804, -128975.2875537023, -87029.02043211705, -87774.47346144599, -84654.97459828551, -0.76, -0.294, 0.5700000000000001, 192.0, 0.0, 0.0, 0.0, 0.0, 0.0, 0.0, 0.0, 0.0, 0.0, 1.769680288847132E9, 0.0, 2026-01-29 15:21:28.847
148.0, 68521.23958125587, -121070.3249061495, 55847.845178585674, -181493.75098869216, -128983.8482718287, -87037.4470397767, -87778.47442370349, -84660.7860518439, -0.76, -0.294, 0.5700000000000001, 192.0, 0.0, 0.0, 0.0, 0.0, 0.0, 0.0, 0.0, 0.0, 0.0, 1.76968028884732E9, 0.0, 2026-01-29 15:21:28.847
149.0, 68474.92676674447, -115918.69484409034, 65041.274135264655, -175062.46120482223, -128980.78608283831, -87037.2458740766, -87779.23438301496, -84662.64124663368, -0.76, -0.294, 0.5700000000000001, 192.0, 0.0, 0.0, 0.0, 0.0, 0.0, 0.0, 0.0, 0.0, 0.0, 1.769680288847482E9, 0.0, 2026-01-29 15:21:28.847
150.0, 68304.74058446176, -101959.13636197287, 68433.01724589078, -159697.98382496642, -128970.32546643323, -87030.294481551, -87776.8650981027, -84660.7860518439, -0.76, -0.294, 0.5700000000000001, 192.0, 0.0, 0.0, 0.0, 0.0, 0.0, 0.0, 0.0, 0.0, 0.0, 1.76968028884764E9, 0.0, 2026-01-29 15:21:28.847
151.0, 68258.33836297254, -99426.5719564643, 68386.48091393482, -157915.36514942232, -128968.42556815453, -87029.0874873504, -87776.48511844697, -84661.27779022191, -0.76, -0.294, 0.5700000000000001, 192.0, 0.0, 0.0, 0.0, 0.0, 0.0, 0.0, 0.0, 0.0, 0.0, 1.769680288847844E9, 0.0, 2026-01-29 15:21:28.847
152.0, 68394.08050704963, -111523.85014579895, 66558.24232795743, -171639.67152114768, -128977.5450798923, -87036.68708046521, -87779.4131969706, -84666.0387117909, -0.76, -0.294, 0.5700000000000001, 192.0, 0.0, 0.0, 0.0, 0.0, 0.0, 0.0, 0.0, 0.0, 0.0, 1.769680288848034E9, 0.0, 2026-01-29 15:21:28.848
153.0, 68520.59138066666, -121067.6203450704, 55946.68459256704, -181498.6907242168, -128986.41872244106, -87045.29250208051, -87783.72708365049, -84672.07368279382, -0.76, -0.294, 0.5700000000000001, 192.0, 0.0, 0.0, 0.0, 0.0, 0.0, 0.0, 0.0, 0.0, 0.0, 1.769680288848195E9, 0.0, 2026-01-29 15:21:28.848
154.0, 68473.98799347735, -115865.00595390868, 65149.81420633963, -175001.28448024805, -128983.66945787305, -87045.33720556942, -87784.77761563989, -84674.01828456143, -0.758, -0.292, 0.5700000000000001, 192.0, 232.0, 80.0, 246.0, 224.0, 17.0, 208.0, 0.0, 0.0, 0.0, 1.769680288848376E9, 0.0, 2026-01-29 15:21:28.848
155.0, 68303.26536932771, -101916.19866087422, 68431.60908599009, -159663.74095246088, -128972.40417866758, -87037.73761245461, -87781.7154266495, -84671.3360752268, -0.758, -0.292, 0.5700000000000001, 192.0, 0.0, 0.0, 0.0, 0.0, 0.0, 0.0, 0.0, 0.0, 0.0, 1.769680288848576E9, 0.0, 2026-01-29 15:21:28.848
156.0, 68256.37140946048, -99461.5747882813, 68384.40220170048, -157984.6332054893, -128969.25258269938, -87035.16716184226, -87780.0166940709, -84670.53141242641, -0.758, -0.292, 0.5700000000000001, 192.0, 0.0, 0.0, 0.0, 0.0, 0.0, 0.0, 0.0, 0.0, 0.0, 1.769680288848745E9, 0.0, 2026-01-29 15:21:28.848
157.0, 68393.18643727142, -111599.08611763551, 66515.39403383661, -171741.79664156397, -128979.22146072645, -87043.61612124636, -87783.83884237276, -84676.16405202914, -0.758, -0.292, 0.5700000000000001, 192.0, 0.0, 0.0, 0.0, 0.0, 0.0, 0.0, 0.0, 0.0, 0.0, 1.769680288848925E9, 0.0, 2026-01-29 15:21:28.848
158.0, 68516.67982538698, -121076.60574634145, 55868.07350731773, -181525.75868675217, -128985.90463231858, -87050.1428306273, -87785.93990635156, -84680.29912475338, -0.758, -0.292, 0.5700000000000001, 192.0, 0.0, 0.0, 0.0, 0.0, 0.0, 0.0, 0.0, 0.0, 0.0, 1.769680288849115E9, 0.0, 2026-01-29 15:21:28.849
159.0, 68467.84126375214, -115795.40262167486, 65165.19220652488, -174940.57714230742, -128981.94837355, -87048.91348468227, -87785.85049937374, -84681.08143580932, -0.758, -0.292, 0.5700000000000001, 192.0, 0.0, 0.0, 0.0, 0.0, 0.0, 0.0, 0.0, 0.0, 0.0, 1.769680288849296E9, 0.0, 2026-01-29 15:21:28.849
160.0, 68298.79502043665, -101865.75077363859, 68427.09403361012, -159631.6214956786, -128972.56064087876, -87042.99027240161, -87784.59880168425, -84680.07560730883, -0.758, -0.292, 0.5700000000000001, 192.0, 0.0, 0.0, 0.0, 0.0, 0.0, 0.0, 0.0, 0.0, 0.0, 1.769680288849485E9, 0.0, 2026-01-29 15:21:28.849
161.0, 68255.99142980474, -99523.15384425568, 68383.91046332246, -158069.43572395275, -128971.82303331174, -87042.87851367933, -87785.20229878454, -84681.6849329096, -0.758, -0.292, 0.5700000000000001, 192.0, 0.0, 0.0, 0.0, 0.0, 0.0, 0.0, 0.0, 0.0, 0.0, 1.769680288849682E9, 0.0, 2026-01-29 15:21:28.849
162.0, 68390.57128317014, -111670.58934814803, 66549.61455459769, -171831.18126764076, -128979.22146072645, -87048.73467072663, -87786.49869996295, -84684.99299108899, -0.758, -0.292, 0.5700000000000001, 192.0, 0.0, 0.0, 0.0, 0.0, 0.0, 0.0, 0.0, 0.0, 0.0, 1.769680288907388E9, 0.0, 2026-01-29 15:21:28.907
163.0, 68513.08119452967, -121056.33271412048, 56263.96760511013, -181499.62949748393, -128985.81522534076, -87055.3954905743, -87788.68917091956, -84688.94924985759, -0.758, -0.292, 0.5700000000000001, 192.0, 0.0, 0.0, 0.0, 0.0, 0.0, 0.0, 0.0, 0.0, 0.0, 1.769680288907572E9, 0.0, 2026-01-29 15:21:28.907
164.0, 68462.78976950524, -115724.6146469849, 65333.1208626176, -174874.43833046418, -128981.27782121634, -87053.51794404005, -87787.83980463026, -84689.2845260244, -0.76, -0.292, 0.5720000000000001, 192.0, 232.0, 64.0, 246.0, 224.0, 17.0, 224.0, 0.0, 0.0, 0.0, 1.769680288907731E9, 0.0, 2026-01-29 15:21:28.907
165.0, 68291.50835174423, -101832.87135754483, 68419.89677189551, -159612.2648849803, -128969.05141699928, -87044.89017068032, -87783.74943539494, -84685.6411916782, -0.76, -0.292, 0.5720000000000001, 192.0, 0.0, 0.0, 0.0, 0.0, 0.0, 0.0, 0.0, 0.0, 0.0, 1.769680288907906E9, 0.0, 2026-01-29 15:21:28.907
166.0, 68249.55412740161, -99575.47927802555, 68377.65197487497, -158137.54148930806, -128968.60438211018, -87045.33720556942, -87784.79996738434, -84687.56344170135, -0.76, -0.292, 0.5720000000000001, 192.0, 0.0, 0.0, 0.0, 0.0, 0.0, 0.0, 0.0, 0.0, 0.0, 1.769680288908106E9, 0.0, 2026-01-29 15:21:28.908
167.0, 68385.76565811226, -111735.96820067981, 66533.83422301224, -171910.55231220156, -128977.76859733685, -87052.91444693977, -87787.70569416352, -84692.30201152587, -0.76, -0.292, 0.5720000000000001, 192.0, 0.0, 0.0, 0.0, 0.0, 0.0, 0.0, 0.0, 0.0, 0.0, 1.769680288908285E9, 0.0, 2026-01-29 15:21:28.908
168.0, 68507.04622352675, -121047.88375471637, 56424.00609541012, -181509.48661678872, -128984.02708578434, -87059.06117666498, -87789.4714819755, -84695.96769761655, -0.76, -0.292, 0.5720000000000001, 192.0, 0.0, 0.0, 0.0, 0.0, 0.0, 0.0, 0.0, 0.0, 0.0, 1.769680288908447E9, 0.0, 2026-01-29 15:21:28.908
169.0, 68459.05702818121, -115646.6964658137, 65436.16240455656, -174815.87675999128, -128982.6412776281, -87060.49168831011, -87792.04193258786, -84699.40986626266, -0.76, -0.292, 0.5720000000000001, 192.0, 0.0, 0.0, 0.0, 0.0, 0.0, 0.0, 0.0, 0.0, 0.0, 1.769680288908621E9, 0.0, 2026-01-29 15:21:28.908
170.0, 68290.74839243274, -101757.38951651925, 68419.09210909512, -159564.3650966126, -128973.72293159044, -87055.1943248742, -87791.34902850975, -84698.78401741791, -0.76, -0.292, 0.5720000000000001, 192.0, 0.0, 0.0, 0.0, 0.0, 0.0, 0.0, 0.0, 0.0, 0.0, 1.769680288908782E9, 0.0, 2026-01-29 15:21:28.908
171.0, 68248.61535413448, -99591.08079565535, 68376.64614637449, -158193.06322253504, -128972.06890250075, -87054.32260684045, -87791.10315932073, -84699.38751451821, -0.76, -0.292, 0.5720000000000001, 192.0, 0.0, 0.0, 0.0, 0.0, 0.0, 0.0, 0.0, 0.0, 0.0, 1.769680288908943E9, 0.0, 2026-01-29 15:21:28.908
172.0, 68384.80453310067, -111788.15952398295, 66550.709790076, -171984.9836212377, -128980.62962062712, -87061.38575808833, -87793.31598202181, -84703.56729073136, -0.76, -0.292, 0.5720000000000001, 192.0, 0.0, 0.0, 0.0, 0.0, 0.0, 0.0, 0.0, 0.0, 0.0, 1.769680288909104E9, 0.0, 2026-01-29 15:21:28.909
173.0, 68507.53796190476, -121043.94984769225, 56705.146337168975, -181507.83258769903, -128989.25739398687, -87069.96882795916, -87797.49575823496, -84709.62461347874, -0.76, -0.292, 0.5720000000000001, 192.0, 0.0, 0.0, 0.0, 0.0, 0.0, 0.0, 0.0, 0.0, 0.0, 1.76968028890929E9, 0.0, 2026-01-29 15:21:28.909
174.0, 68455.81602523518, -115576.66845043522, 65574.40794401264, -174737.91387533117, -128984.83174858472, -87068.4489093362, -87797.11577857922, -84710.13870360122, -0.762, -0.294, 0.5680000000000001, 192.0, 232.0, 48.0, 246.0, 208.0, 17.0, 192.0, 0.0, 0.0, 0.0, 1.769680288909465E9, 0.0, 2026-01-29 15:21:28.909
175.0, 68286.09922958603, -101714.78709158744, 68414.46529799287, -159529.78694794024, -128974.10291124618, -87061.36340634387, -87794.45592098903, -84707.92588090013, -0.762, -0.294, 0.5680000000000001, 192.0, 0.0, 0.0, 0.0, 0.0, 0.0, 0.0, 0.0, 0.0, 0.0, 1.769680288909633E9, 0.0, 2026-01-29 15:21:28.909
176.0, 68245.44140642183, -99638.35473517832, 68373.47219866184, -158252.72002848628, -128972.7394548344, -87060.75990924358, -87794.45592098903, -84708.88700591172, -0.762, -0.294, 0.5680000000000001, 192.0, 0.0, 0.0, 0.0, 0.0, 0.0, 0.0, 0.0, 0.0, 0.0, 1.769680288909812E9, 0.0, 2026-01-29 15:21:28.909
177.0, 68382.21173074386, -111860.73563822934, 66543.89250801713, -172069.13793911194, -128981.38957993861, -87067.7560052581, -87796.75815066793, -84713.0444303804, -0.762, -0.294, 0.5680000000000001, 192.0, 0.0, 0.0, 0.0, 0.0, 0.0, 0.0, 0.0, 0.0, 0.0, 1.769680288967669E9, 0.0, 2026-01-29 15:21:28.967
178.0, 68502.97820603588, -121042.85461221394, 56823.52117580428, -181507.81023595456, -128988.36332420867, -87074.59563906142, -87799.26154604692, -84717.26891008245, -0.762, -0.294, 0.5680000000000001, 192.0, 0.0, 0.0, 0.0, 0.0, 0.0, 0.0, 0.0, 0.0, 0.0, 1.769680288967859E9, 0.0, 2026-01-29 15:21:28.967
179.0, 68452.23974612233, -115507.48980134605, 65640.92673551163, -174669.0257989199, -128985.7928735963, -87074.88621173933, -87800.73676118098, -84719.5487880169, -0.762, -0.294, 0.5680000000000001, 192.0, 0.0, 0.0, 0.0, 0.0, 0.0, 0.0, 0.0, 0.0, 0.0, 1.769680288968021E9, 0.0, 2026-01-29 15:21:28.968
180.0, 68284.44520049634, -101663.80276248489, 68412.78891715872, -159487.31863347517, -128976.91923104755, -87069.67825528125, -87800.08856059177, -84719.1911601056, -0.762, -0.294, 0.5680000000000001, 192.0, 0.0, 0.0, 0.0, 0.0, 0.0, 0.0, 0.0, 0.0, 0.0, 1.769680288968182E9, 0.0, 2026-01-29 15:21:28.968
181.0, 68245.84373782203, -99707.64514298977, 68373.82982657311, -158332.9851428253, -128976.40514092508, -87069.79001400352, -87800.82616815879, -84720.86754093975, -0.762, -0.294, 0.5680000000000001, 192.0, 0.0, 0.0, 0.0, 0.0, 0.0, 0.0, 0.0, 0.0, 0.0, 1.769680288968396E9, 0.0, 2026-01-29 15:21:28.968
182.0, 68383.68694587791, -111974.8859971626, 66493.08699287022, -172177.1862718089, -128985.72581836295, -87077.52371758506, -87803.77659842689, -84725.6955177421, -0.762, -0.294, 0.5680000000000001, 192.0, 0.0, 0.0, 0.0, 0.0, 0.0, 0.0, 0.0, 0.0, 0.0, 1.769680288968593E9, 0.0, 2026-01-29 15:21:28.968
183.0, 68502.37470893559, -121083.7359528227, 56843.30246964723, -181521.0424686721, -128991.4478649435, -87083.22341242117, -87805.22946181649, -84728.93652068812, -0.762, -0.294, 0.5680000000000001, 192.0, 0.0, 0.0, 0.0, 0.0, 0.0, 0.0, 0.0, 0.0, 0.0, 1.769680288968749E9, 0.0, 2026-01-29 15:21:28.968
184.0, 68449.33401934315, -115470.11768461678, 65716.98972189304, -174610.08424879125, -128987.46925443046, -87082.10582519839, -87805.18475832758, -84729.91999744416, -0.758, -0.298, 0.5720000000000001, 192.0, 232.0, 80.0, 246.0, 176.0, 17.0, 224.0, 0.0, 0.0, 0.0, 1.769680288968915E9, 0.0, 2026-01-29 15:21:28.968
185.0, 68280.53364521667, -101631.4374365136, 68408.87736187904, -159457.81433079415, -128977.25450721438, -87075.60146756191, -87803.08369434878, -84728.10950614327, -0.758, -0.298, 0.5720000000000001, 192.0, 0.0, 0.0, 0.0, 0.0, 0.0, 0.0, 0.0, 0.0, 0.0, 1.769680288969083E9, 0.0, 2026-01-29 15:21:28.969
186.0, 68241.3063336976, -99760.12703897084, 68369.38182942651, -158413.96551298685, -128975.39931242459, -87074.39447336132, -87802.56960422632, -84728.37772707675, -0.758, -0.298, 0.5720000000000001, 192.0, 0.0, 0.0, 0.0, 0.0, 0.0, 0.0, 0.0, 0.0, 0.0, 1.769680288969242E9, 0.0, 2026-01-29 15:21:28.969
187.0, 68380.91532956545, -112047.77503583135, 66445.47777718041, -172271.89061306603, -128986.32931546323, -87083.75985428809, -87807.19641532855, -84734.88208471323, -0.758, -0.298, 0.5720000000000001, 192.0, 0.0, 0.0, 0.0, 0.0, 0.0, 0.0, 0.0, 0.0, 0.0, 1.76968028896941E9, 0.0, 2026-01-29 15:21:28.969
188.0, 68500.9665490349, -121096.31998495103, 56781.81282065068, -181545.092945706, -128994.42064695606, -87091.8511857809, -87811.04091537488, -84740.47002082707, -0.758, -0.298, 0.5720000000000001, 192.0, 0.0, 0.0, 0.0, 0.0, 0.0, 0.0, 0.0, 0.0, 0.0, 1.769680288969598E9, 0.0, 2026-01-29 15:21:28.969
189.0, 68443.52256578476, -115413.9924542895, 65743.72240826159, -174557.33413187673, -128987.15633000807, -87087.35848514539, -87807.75520893994, -84738.21249463707, -0.758, -0.298, 0.5720000000000001, 192.0, 0.0, 0.0, 0.0, 0.0, 0.0, 0.0, 0.0, 0.0, 0.0, 1.769680288969772E9, 0.0, 2026-01-29 15:21:28.969
190.0, 68274.5657294471, -101598.42390995311, 68402.9988530873, -159445.87849925502, -128977.05334151429, -87080.76472053108, -87805.63179321669, -84736.37965159175, -0.758, -0.298, 0.5720000000000001, 192.0, 0.0, 0.0, 0.0, 0.0, 0.0, 0.0, 0.0, 0.0, 0.0, 1.769680288969933E9, 0.0, 2026-01-29 15:21:28.969
191.0, 68238.49001389624, -99818.77801642157, 68366.56550962514, -158508.22281935488, -128976.941582792, -87081.18940367573, -87806.61526997272, -84738.34660510381, -0.758, -0.298, 0.5720000000000001, 192.0, 0.0, 0.0, 0.0, 0.0, 0.0, 0.0, 0.0, 0.0, 0.0, 1.769680288970106E9, 0.0, 2026-01-29 15:21:28.970
192.0, 68376.19911148537, -112125.98378968047, 66402.16009642603, -172374.75334104936, -128985.63641138512, -87088.23020317915, -87808.93985139608, -84742.54873306141, -0.758, -0.298, 0.5720000000000001, 192.0, 0.0, 0.0, 0.0, 0.0, 0.0, 0.0, 0.0, 0.0, 0.0, 1.769680289028094E9, 0.0, 2026-01-29 15:21:29.028
193.0, 68495.24450245434, -121106.26651123364, 56718.579735586616, -181561.47677439175, -128992.85602484418, -87095.6062788494, -87812.09144736428, -84747.48846858603, -0.758, -0.298, 0.5720000000000001, 192.0, 0.0, 0.0, 0.0, 0.0, 0.0, 0.0, 0.0, 0.0, 0.0, 1.769680289028277E9, 0.0, 2026-01-29 15:21:29.028
194.0, 68441.1085773836, -115362.1811106421, 65759.68155380269, -174510.2390063094, -128989.23504224242, -87094.77926430455, -87812.51613050893, -84748.8519249978, -0.756, -0.294, 0.578, 192.0, 232.0, 96.0, 246.0, 208.0, 18.0, 16.0, 0.0, 0.0, 0.0, 1.769680289028446E9, 0.0, 2026-01-29 15:21:29.028
195.0, 68273.42579047987, -101547.93131922858, 68401.7471553978, -159411.54621977167, -128980.42845492704, -87089.45954912419, -87811.86792991972, -84748.31548313088, -0.756, -0.294, 0.578, 192.0, 0.0, 0.0, 0.0, 0.0, 0.0, 0.0, 0.0, 0.0, 0.0, 1.769680289028621E9, 0.0, 2026-01-29 15:21:29.028
196.0, 68237.43948190684, -99847.43295281327, 68365.47027414684, -158563.4763316484, -128979.75790259337, -87089.32543865746, -87812.33731655328, -84749.67893954265, -0.756, -0.294, 0.578, 192.0, 0.0, 0.0, 0.0, 0.0, 0.0, 0.0, 0.0, 0.0, 0.0, 1.76968028902883E9, 0.0, 2026-01-29 15:21:29.028
197.0, 68377.80843708616, -112207.34413949779, 66320.59858090861, -172484.99214470293, -128990.44203644301, -87098.5120056286, -87816.71825846651, -84755.95977973459, -0.756, -0.294, 0.578, 192.0, 0.0, 0.0, 0.0, 0.0, 0.0, 0.0, 0.0, 0.0, 0.0, 1.769680289029018E9, 0.0, 2026-01-29 15:21:29.029
198.0, 68496.87617979958, -121123.94674109778, 56573.2039896493, -181593.19389977385, -128998.53336793583, -87106.64804061032, -87820.56275851284, -84761.57006759287, -0.756, -0.294, 0.578, 192.0, 0.0, 0.0, 0.0, 0.0, 0.0, 0.0, 0.0, 0.0, 0.0, 1.769680289029178E9, 0.0, 2026-01-29 15:21:29.029
199.0, 68440.57213551666, -115290.94610106303, 65782.43562965818, -174451.20804920295, -128993.95126032249, -87104.90460454281, -87820.07102013481, -84762.08415771535, -0.756, -0.294, 0.578, 192.0, 0.0, 0.0, 0.0, 0.0, 0.0, 0.0, 0.0, 0.0, 0.0, 1.769680289029346E9, 0.0, 2026-01-29 15:21:29.029
200.0, 68270.00597357821, -101464.33579496572, 68398.32733849614, -159353.23051848778, -128982.12718750564, -87096.54505211652, -87816.40533404415, -84758.73139604705, -0.756, -0.294, 0.578, 192.0, 0.0, 0.0, 0.0, 0.0, 0.0, 0.0, 0.0, 0.0, 0.0, 1.769680289029507E9, 0.0, 2026-01-29 15:21:29.029
201.0, 68235.09254873902, -99872.71277579223, 68363.05628574565, -158631.31387607026, -128981.3448764497, -87096.07566548296, -87816.45003753305, -84759.78192803645, -0.756, -0.294, 0.578, 192.0, 0.0, 0.0, 0.0, 0.0, 0.0, 0.0, 0.0, 0.0, 0.0, 1.769680289029663E9, 0.0, 2026-01-29 15:21:29.029
202.0, 68375.55091089617, -112273.48295134104, 66293.66472883997, -172578.73536094849, -128991.40316145458, -87104.6587353538, -87820.13807536819, -84765.39221589472, -0.756, -0.294, 0.578, 192.0, 0.0, 0.0, 0.0, 0.0, 0.0, 0.0, 0.0, 0.0, 0.0, 1.769680289029821E9, 0.0, 2026-01-29 15:21:29.029
203.0, 68492.45053439743, -121121.66686316335, 56659.705240691335, -181604.63799293496, -128998.15338828009, -87111.47601741267, -87822.75322946945, -84769.75080606352, -0.756, -0.294, 0.578, 192.0, 0.0, 0.0, 0.0, 0.0, 0.0, 0.0, 0.0, 0.0, 0.0, 1.769680289030015E9, 0.0, 2026-01-29 15:21:29.030
204.0, 68435.94532441441, -115207.7976116893, 65859.28092709553, -174370.54060346374, -128994.37594346714, -87110.60429937892, -87823.24496784747, -84771.04720724192, -0.756, -0.298, 0.578, 192.0, 232.0, 96.0, 246.0, 176.0, 18.0, 16.0, 0.0, 0.0, 0.0, 1.76968028903019E9, 0.0, 2026-01-29 15:21:29.030
205.0, 68268.37429623299, -101402.75673899136, 68396.71801289535, -159307.74471852122, -128985.56935615175, -87105.28458419855, -87822.50736028045, -84770.53311711946, -0.756, -0.298, 0.578, 192.0, 0.0, 0.0, 0.0, 0.0, 0.0, 0.0, 0.0, 0.0, 0.0, 1.769680289030366E9, 0.0, 2026-01-29 15:21:29.030
206.0, 68233.7514440717, -99908.49791866516, 68361.75988456725, -158692.04356575533, -128983.8929753176, -87104.09994174242, -87821.83680794679, -84770.73428281955, -0.756, -0.298, 0.578, 192.0, 0.0, 0.0, 0.0, 0.0, 0.0, 0.0, 0.0, 0.0, 0.0, 1.76968028903054E9, 0.0, 2026-01-29 15:21:29.030
207.0, 68372.39931492798, -112331.41867296919, 66342.4585869859, -172659.87219332127, -128992.07371378824, -87110.69370635673, -87823.66965099212, -84774.37761716577, -0.756, -0.298, 0.578, 192.0, 0.0, 0.0, 0.0, 0.0, 0.0, 0.0, 0.0, 0.0, 0.0, 1.769680289088386E9, 0.0, 2026-01-29 15:21:29.088
208.0, 68488.5166273733, -121107.69702287878, 57016.729654875955, -181597.12780679797, -128999.00275456939, -87117.68980237124, -87826.3295085823, -84778.89266954573, -0.756, -0.298, 0.578, 192.0, 0.0, 0.0, 0.0, 0.0, 0.0, 0.0, 0.0, 0.0, 0.0, 1.769680289088585E9, 0.0, 2026-01-29 15:21:29.088
209.0, 68431.72084471236, -115143.3798841691, 65971.30787030552, -174307.82160852215, -128995.56058592327, -87117.17571224878, -87827.04476440487, -84780.63610561324, -0.756, -0.298, 0.578, 192.0, 0.0, 0.0, 0.0, 0.0, 0.0, 0.0, 0.0, 0.0, 0.0, 1.769680289088754E9, 0.0, 2026-01-29 15:21:29.088
210.0, 68262.89811884143, -101368.49151474137, 68391.21948375934, -159286.48820954422, -128985.36819045166, -87110.49254065663, -87824.92134868162, -84778.82561431237, -0.756, -0.298, 0.578, 192.0, 0.0, 0.0, 0.0, 0.0, 0.0, 0.0, 0.0, 0.0, 0.0, 1.769680289088927E9, 0.0, 2026-01-29 15:21:29.088
211.0, 68231.31510392608, -99952.55320698657, 68359.25648918825, -158750.76159843942, -128985.7481701074, -87111.45366566822, -87826.2848050934, -84781.03843701344, -0.756, -0.298, 0.578, 192.0, 0.0, 0.0, 0.0, 0.0, 0.0, 0.0, 0.0, 0.0, 0.0, 1.76968028908914E9, 0.0, 2026-01-29 15:21:29.089
212.0, 68371.66170736095, -112395.16584815572, 66359.08828486066, -172731.59894127835, -128995.35942022318, -87119.45559018322, -87829.4811045505, -84786.04522777144, -0.756, -0.298, 0.578, 192.0, 0.0, 0.0, 0.0, 0.0, 0.0, 0.0, 0.0, 0.0, 0.0, 1.769680289089332E9, 0.0, 2026-01-29 15:21:29.089
213.0, 68486.25910118331, -121113.4414212038, 57294.74065241106, -181589.08117879406, -129001.21557727047, -87125.42350595279, -87831.24689236247, -84789.64385862874, -0.756, -0.298, 0.578, 192.0, 0.0, 0.0, 0.0, 0.0, 0.0, 0.0, 0.0, 0.0, 0.0, 1.769680289089505E9, 0.0, 2026-01-29 15:21:29.089
214.0, 68428.9492283999, -115094.60837776761, 66084.00536584918, -174246.1754973144, -128998.35455398019, -87125.28939548605, -87832.72210749652, -84791.83432958536, -0.756, -0.3, 0.5720000000000001, 192.0, 232.0, 96.0, 246.0, 160.0, 17.0, 224.0, 0.0, 0.0, 0.0, 1.769680289089691E9, 0.0, 2026-01-29 15:21:29.089
215.0, 68263.0098775637, -101335.03095329177, 68391.28653899272, -159265.0305348671, -128990.73260912093, -87121.19902625073, -87833.05738366336, -84792.4601784301, -0.756, -0.3, 0.5720000000000001, 192.0, 0.0, 0.0, 0.0, 0.0, 0.0, 0.0, 0.0, 0.0, 0.0, 1.769680289089879E9, 0.0, 2026-01-29 15:21:29.089
216.0, 68230.19751670331, -99993.05456793959, 68358.09419847658, -158838.87217508224, -128989.03387654232, -87120.0143837946, -87832.27507260742, -84792.54958540793, -0.756, -0.3, 0.5720000000000001, 192.0, 0.0, 0.0, 0.0, 0.0, 0.0, 0.0, 0.0, 0.0, 0.0, 1.769680289090048E9, 0.0, 2026-01-29 15:21:29.090
217.0, 68370.07473350463, -112447.42422669224, 66320.88915358653, -172818.05548883148, -128997.92987083553, -87127.1669420203, -87834.68906100858, -84796.79641685444, -0.756, -0.3, 0.5720000000000001, 192.0, 0.0, 0.0, 0.0, 0.0, 0.0, 0.0, 0.0, 0.0, 0.0, 1.769680289090217E9, 0.0, 2026-01-29 15:21:29.090
218.0, 68484.53801686026, -121114.7378223822, 57309.11282409583, -181600.59232718855, -129004.56833893876, -87133.73835489016, -87837.23715987649, -84800.99854481203, -0.756, -0.3, 0.5720000000000001, 192.0, 0.0, 0.0, 0.0, 0.0, 0.0, 0.0, 0.0, 0.0, 0.0, 1.769680289090426E9, 0.0, 2026-01-29 15:21:29.090
219.0, 68424.97061788687, -115037.27615323976, 66133.58153505105, -174183.612964584, -129000.20974876998, -87132.30784324501, -87837.17010464313, -84801.84791110133, -0.756, -0.3, 0.5720000000000001, 192.0, 0.0, 0.0, 0.0, 0.0, 0.0, 0.0, 0.0, 0.0, 0.0, 1.769680289090606E9, 0.0, 2026-01-29 15:21:29.090
220.0, 68254.80678734861, -101284.73952826734, 68383.10580052207, -159230.25122049465, -128988.65389688658, -87124.28356698556, -87833.66088076364, -84798.65161164422, -0.756, -0.3, 0.5720000000000001, 192.0, 0.0, 0.0, 0.0, 0.0, 0.0, 0.0, 0.0, 0.0, 0.0, 1.769680289090768E9, 0.0, 2026-01-29 15:21:29.090
221.0, 68222.7543857997, -100044.2624144867, 68350.7851780397, -158913.43759458515, -128987.06692303026, -87123.12127627389, -87832.87856970771, -84798.69631513314, -0.756, -0.3, 0.5720000000000001, 192.0, 0.0, 0.0, 0.0, 0.0, 0.0, 0.0, 0.0, 0.0, 0.0, 1.769680289090944E9, 0.0, 2026-01-29 15:21:29.090
222.0, 68364.86677704654, -112561.77575132558, 66176.54158789416, -172935.17862977728, -128997.70635339098, -87132.15138103384, -87837.10304940976, -84804.66423090271, -0.756, -0.3, 0.5720000000000001, 192.0, 0.0, 0.0, 0.0, 0.0, 0.0, 0.0, 0.0, 0.0, 0.0, 1.76968028914879E9, 0.0, 2026-01-29 15:21:29.148
223.0, 68481.5205313588, -121178.41794233536, 56875.39957468505, -181639.90904568543, -129007.27290001785, -87141.76263114961, -87842.66863377913, -84811.86149261732, -0.756, -0.3, 0.5720000000000001, 192.0, 0.0, 0.0, 0.0, 0.0, 0.0, 0.0, 0.0, 0.0, 0.0, 1.769680289148978E9, 0.0, 2026-01-29 15:21:29.148
224.0, 68420.61202771807, -115000.75340279978, 66070.75078138719, -174126.97364413424, -129002.66844066005, -87140.0191950821, -87842.44511633458, -84812.64380367324, -0.758, -0.298, 0.5660000000000001, 192.0, 232.0, 80.0, 246.0, 176.0, 17.0, 176.0, 0.0, 0.0, 0.0, 1.769680289149139E9, 0.0, 2026-01-29 15:21:29.149
225.0, 68250.20232799082, -101225.46270197186, 68378.41193418646, -159188.83343801898, -128990.95612656548, -87131.7714013781, -87838.69002326608, -84809.13457979377, -0.758, -0.298, 0.5660000000000001, 192.0, 0.0, 0.0, 0.0, 0.0, 0.0, 0.0, 0.0, 0.0, 0.0, 1.769680289149316E9, 0.0, 2026-01-29 15:21:29.149
226.0, 68219.2004584313, -100061.74147865076, 68347.1865471824, -158975.39663021525, -128989.50326317588, -87130.65381415532, -87837.93006395461, -84809.24633851604, -0.758, -0.298, 0.5660000000000001, 192.0, 0.0, 0.0, 0.0, 0.0, 0.0, 0.0, 0.0, 0.0, 0.0, 1.769680289149538E9, 0.0, 2026-01-29 15:21:29.149
227.0, 68358.04949498767, -112632.40726380436, 66034.1833274583, -173044.56806714155, -128996.56641442377, -87135.9735293357, -87838.57826454382, -84811.61562342831, -0.758, -0.298, 0.5660000000000001, 192.0, 0.0, 0.0, 0.0, 0.0, 0.0, 0.0, 0.0, 0.0, 0.0, 1.769680289149727E9, 0.0, 2026-01-29 15:21:29.149
228.0, 68471.41754286499, -121203.72011705878, 56421.30153433103, -181676.70001705887, -129003.11547554917, -87142.61199743891, -87841.17106690063, -84815.84010313037, -0.758, -0.298, 0.5660000000000001, 192.0, 0.0, 0.0, 0.0, 0.0, 0.0, 0.0, 0.0, 0.0, 0.0, 1.769680289149879E9, 0.0, 2026-01-29 15:21:29.149
229.0, 68410.91137062447, -114951.24428883128, 65989.47983854769, -174096.50821644167, -128999.94152783652, -87142.45553522772, -87842.46746807903, -84817.9188153647, -0.758, -0.298, 0.5660000000000001, 192.0, 0.0, 0.0, 0.0, 0.0, 0.0, 0.0, 0.0, 0.0, 0.0, 1.769680289150047E9, 0.0, 2026-01-29 15:21:29.150
230.0, 68242.3121621981, -101163.81659076412, 68370.49941664928, -159172.0696296775, -128990.44203644301, -87136.4652677137, -87840.85814247825, -84816.68946941967, -0.758, -0.298, 0.5660000000000001, 192.0, 0.0, 0.0, 0.0, 0.0, 0.0, 0.0, 0.0, 0.0, 0.0, 1.769680289150205E9, 0.0, 2026-01-29 15:21:29.150
231.0, 68212.852563006, -100084.45085101735, 68340.59278256807, -159061.2496806681, -128989.43620794252, -87135.79471538005, -87840.56756980033, -84817.40472524223, -0.758, -0.298, 0.5660000000000001, 192.0, 0.0, 0.0, 0.0, 0.0, 0.0, 0.0, 0.0, 0.0, 0.0, 1.769680289150364E9, 0.0, 2026-01-29 15:21:29.150
232.0, 68353.33327690761, -112697.74141284722, 65943.3681897364, -173144.63682706797, -128997.23696675742, -87142.09790731643, -87842.04278493438, -84820.84689388835, -0.758, -0.298, 0.5660000000000001, 192.0, 0.0, 0.0, 0.0, 0.0, 0.0, 0.0, 0.0, 0.0, 0.0, 1.769680289150533E9, 0.0, 2026-01-29 15:21:29.150
233.0, 68466.8130835072, -121211.45382064031, 56282.13957335229, -181705.53376740622, -129004.3001180053, -87149.42927949778, -87845.12732566921, -84825.58546371288, -0.758, -0.298, 0.5660000000000001, 192.0, 0.0, 0.0, 0.0, 0.0, 0.0, 0.0, 0.0, 0.0, 0.0, 1.769680289150721E9, 0.0, 2026-01-29 15:21:29.150
234.0, 68405.47989672184, -114884.70314558783, 66007.80826900105, -174046.3732536284, -129000.88030110364, -87148.98224460868, -87846.08845068079, -84827.35125152484, -0.758, -0.296, 0.5760000000000001, 192.0, 232.0, 80.0, 246.0, 192.0, 18.0, 0.0, 0.0, 0.0, 0.0, 1.769680289150906E9, 0.0, 2026-01-29 15:21:29.150
235.0, 68236.97009527327, -101106.48436623625, 68365.17970146891, -159143.5041002636, -128990.97847830993, -87142.54494220555, -87844.21090414654, -84825.6748706907, -0.758, -0.296, 0.5760000000000001, 192.0, 0.0, 0.0, 0.0, 0.0, 0.0, 0.0, 0.0, 0.0, 0.0, 1.769680289151065E9, 0.0, 2026-01-29 15:21:29.151
236.0, 68210.77385077166, -100135.30106965317, 68338.67053254491, -159144.4652252752, -128992.16312076607, -87144.24367478416, -87846.11080242525, -84828.49119049206, -0.758, -0.296, 0.5760000000000001, 192.0, 0.0, 0.0, 0.0, 0.0, 0.0, 0.0, 0.0, 0.0, 0.0, 1.769680289151223E9, 0.0, 2026-01-29 15:21:29.151
237.0, 68349.57818383911, -112779.63820453147, 65879.06222093847, -173250.6511510195, -128998.01927781336, -87148.49050623066, -87845.46260183604, -84829.63112945929, -0.758, -0.296, 0.5760000000000001, 192.0, 0.0, 0.0, 0.0, 0.0, 0.0, 0.0, 0.0, 0.0, 0.0, 1.769680289209096E9, 0.0, 2026-01-29 15:21:29.209
238.0, 68461.09103692663, -121214.3595474195, 56250.13187529229, -181722.49874144778, -129004.12130404965, -87154.83840165597, -87847.56366581484, -84833.43092601669, -0.758, -0.296, 0.5760000000000001, 192.0, 0.0, 0.0, 0.0, 0.0, 0.0, 0.0, 0.0, 0.0, 0.0, 1.769680289209265E9, 0.0, 2026-01-29 15:21:29.209
239.0, 68398.70731815188, -114783.27092924964, 66047.92965029832, -173954.79815659503, -129000.58972842572, -87154.39136676685, -87848.54714257088, -84835.3755277843, -0.758, -0.296, 0.5760000000000001, 192.0, 0.0, 0.0, 0.0, 0.0, 0.0, 0.0, 0.0, 0.0, 0.0, 1.769680289209408E9, 0.0, 2026-01-29 15:21:29.209
240.0, 68228.9011155249, -101008.60607726646, 68357.20012869837, -159077.03001225353, -128989.65972538707, -87146.92588411878, -87845.66376753614, -84832.78272542747, -0.758, -0.296, 0.5760000000000001, 192.0, 0.0, 0.0, 0.0, 0.0, 0.0, 0.0, 0.0, 0.0, 0.0, 1.769680289209553E9, 0.0, 2026-01-29 15:21:29.209
241.0, 68203.26366463467, -100146.96868025884, 68331.18269815239, -159198.8246677905, -128989.65972538707, -87147.28351203007, -87846.3343198698, -84834.34734753935, -0.758, -0.296, 0.5760000000000001, 192.0, 0.0, 0.0, 0.0, 0.0, 0.0, 0.0, 0.0, 0.0, 0.0, 1.769680289209737E9, 0.0, 2026-01-29 15:21:29.209
242.0, 68348.0359134717, -112837.73038837081, 65890.3498518884, -173345.53430623226, -129000.67913540354, -87156.73829993467, -87850.7823170164, -84840.60583598683, -0.758, -0.296, 0.5760000000000001, 192.0, 0.0, 0.0, 0.0, 0.0, 0.0, 0.0, 0.0, 0.0, 0.0, 1.769680289209908E9, 0.0, 2026-01-29 15:21:29.209
243.0, 68460.84516773763, -121211.38676540695, 56483.59584612797, -181730.90299736298, -129008.36813549616, -87164.60611398294, -87854.5374100849, -84846.21612384512, -0.758, -0.296, 0.5760000000000001, 192.0, 0.0, 0.0, 0.0, 0.0, 0.0, 0.0, 0.0, 0.0, 0.0, 1.769680289210063E9, 0.0, 2026-01-29 15:21:29.210
244.0, 68395.91335009495, -114710.31483534753, 66139.75061652072, -173895.87895821084, -129003.07077206025, -87162.39329128186, -87853.8892094957, -84846.35023431186, -0.76, -0.296, 0.5760000000000001, 192.0, 232.0, 64.0, 246.0, 192.0, 18.0, 0.0, 0.0, 0.0, 0.0, 1.76968028921023E9, 0.0, 2026-01-29 15:21:29.210
245.0, 68225.66011257889, -100937.54988164305, 68353.89207051898, -159025.26337209504, -128991.40316145458, -87154.1678493223, -87850.17881991611, -84842.84101043237, -0.76, -0.296, 0.5760000000000001, 192.0, 0.0, 0.0, 0.0, 0.0, 0.0, 0.0, 0.0, 0.0, 0.0, 1.769680289210397E9, 0.0, 2026-01-29 15:21:29.210
246.0, 68198.83801923251, -100165.43122117892, 68326.73470100579, -159241.24827876667, -128989.50326317588, -87152.49146848817, -87848.74830827098, -84842.23751333207, -0.76, -0.296, 0.5760000000000001, 192.0, 0.0, 0.0, 0.0, 0.0, 0.0, 0.0, 0.0, 0.0, 0.0, 1.769680289210568E9, 0.0, 2026-01-29 15:21:29.210
247.0, 68341.71036979085, -112896.58253152164, 65824.16633655624, -173421.19496121348, -128997.90751909108, -87159.2193435692, -87850.71526178304, -84846.01495814502, -0.76, -0.296, 0.5760000000000001, 192.0, 0.0, 0.0, 0.0, 0.0, 0.0, 0.0, 0.0, 0.0, 0.0, 1.769680289210725E9, 0.0, 2026-01-29 15:21:29.210
248.0, 68454.09494091212, -121222.7638033347, 56409.432758025265, -181751.46660226188, -129005.37300173915, -87166.90834366184, -87854.44800310707, -84851.35702506984, -0.76, -0.296, 0.5760000000000001, 192.0, 0.0, 0.0, 0.0, 0.0, 0.0, 0.0, 0.0, 0.0, 0.0, 1.769680289210901E9, 0.0, 2026-01-29 15:21:29.210
249.0, 68387.71025987987, -114649.62984915136, 66154.14513994993, -173832.69057663568, -128999.33803073622, -87163.91320990481, -87853.0398432064, -84850.64176924728, -0.76, -0.296, 0.5760000000000001, 192.0, 0.0, 0.0, 0.0, 0.0, 0.0, 0.0, 0.0, 0.0, 0.0, 1.769680289211066E9, 0.0, 2026-01-29 15:21:29.211
250.0, 68219.26751366467, -100870.38288955485, 68347.45476811586, -158964.0195922875, -128989.48091143143, -87157.5653144795, -87851.16229667215, -84849.09949887985, -0.76, -0.296, 0.5760000000000001, 192.0, 0.0, 0.0, 0.0, 0.0, 0.0, 0.0, 0.0, 0.0, 0.0, 1.769680289211218E9, 0.0, 2026-01-29 15:21:29.211
251.0, 68195.23938837521, -100195.0025790933, 68323.18077363739, -159294.5571892926, -128989.01152479787, -87157.38650052388, -87851.16229667215, -84850.03827214698, -0.76, -0.296, 0.5760000000000001, 192.0, 0.0, 0.0, 0.0, 0.0, 0.0, 0.0, 0.0, 0.0, 0.0, 1.769680289211372E9, 0.0, 2026-01-29 15:21:29.211
252.0, 68339.36343662304, -112974.90304409302, 65703.57867521986, -173520.23554089494, -128997.81811211327, -87164.69552096075, -87853.4421746066, -84854.1733448712, -0.76, -0.296, 0.5760000000000001, 192.0, 0.0, 0.0, 0.0, 0.0, 0.0, 0.0, 0.0, 0.0, 0.0, 1.769680289269413E9, 0.0, 2026-01-29 15:21:29.269
253.0, 68452.88794671153, -121251.10581530402, 56095.41310017266, -181798.8075970182, -129007.13878955113, -87174.21736409872, -87858.80659327586, -84861.21414437464, -0.76, -0.296, 0.5760000000000001, 192.0, 0.0, 0.0, 0.0, 0.0, 0.0, 0.0, 0.0, 0.0, 0.0, 1.769680289269642E9, 0.0, 2026-01-29 15:21:29.269
254.0, 68386.25739649027, -114591.93999671222, 66127.6583227704, -173781.6168405553, -129001.9978883264, -87172.13865186437, -87858.3372066423, -84861.50471705255, -0.762, -0.298, 0.5660000000000001, 192.0, 232.0, 48.0, 246.0, 176.0, 17.0, 176.0, 0.0, 0.0, 0.0, 1.769680289269727E9, 0.0, 2026-01-29 15:21:29.269
255.0, 68215.53477234063, -100823.17600526524, 68343.76673028072, -158934.78351053997, -128989.86089108717, -87163.33206454899, -87854.22448566252, -84857.5261065395, -0.762, -0.298, 0.5660000000000001, 192.0, 0.0, 0.0, 0.0, 0.0, 0.0, 0.0, 0.0, 0.0, 0.0, 1.769680289269817E9, 0.0, 2026-01-29 15:21:29.269
0.0, 68193.00421392969, -100249.49613207534, 68320.85619221404, -159371.11191405202, -128989.72678062043, -87163.51087850463, -87854.40329961816, -84858.68839725119, -0.762, -0.298, 0.5660000000000001, 192.0, 0.0, 0.0, 0.0, 0.0, 0.0, 0.0, 0.0, 0.0, 0.0, 1.76968028926997E9, 0.0, 2026-01-29 15:21:29.269
1.0, 68337.5752970666, -113062.81245503575, 65622.6877120361, -173625.0205189014, -128998.60042316919, -87170.88695417487, -87856.75023278597, -84862.9352286977, -0.762, -0.298, 0.5660000000000001, 192.0, 0.0, 0.0, 0.0, 0.0, 0.0, 0.0, 0.0, 0.0, 0.0, 1.769680289270092E9, 0.0, 2026-01-29 15:21:29.270
2.0, 68450.11633039908, -121274.99983012675, 55948.29391816782, -181805.3119546547, -129007.36230699568, -87179.87235544591, -87861.73467179951, -84869.59604854537, -0.762, -0.298, 0.5660000000000001, 192.0, 0.0, 0.0, 0.0, 0.0, 0.0, 0.0, 0.0, 0.0, 0.0, 1.769680289270176E9, 0.0, 2026-01-29 15:21:29.270
3.0, 68383.88811157801, -114541.9391443657, 66127.9041919594, -173722.47412472655, -129003.36134473818, -87178.86652694542, -87862.3381688998, -84871.04891193497, -0.762, -0.298, 0.5660000000000001, 192.0, 0.0, 0.0, 0.0, 0.0, 0.0, 0.0, 0.0, 0.0, 0.0, 1.769680289270275E9, 0.0, 2026-01-29 15:21:29.270
4.0, 68212.96432172827, -100774.71742328614, 68341.30803839065, -158901.81468746837, -128991.17964401003, -87170.05993963002, -87858.04663396438, -84866.9808944441, -0.762, -0.298, 0.5660000000000001, 192.0, 0.0, 0.0, 0.0, 0.0, 0.0, 0.0, 0.0, 0.0, 0.0, 1.769680289270356E9, 0.0, 2026-01-29 15:21:29.270
5.0, 68192.02073717365, -100289.95278953944, 68319.91741894692, -159446.54905158866, -128991.51492017687, -87170.84225068596, -87858.87364850922, -84868.70197876716, -0.762, -0.298, 0.5660000000000001, 192.0, 0.0, 0.0, 0.0, 0.0, 0.0, 0.0, 0.0, 0.0, 0.0, 1.769680289270448E9, 0.0, 2026-01-29 15:21:29.270
6.0, 68337.30707613315, -113141.53529900734, 65509.811402536805, -173725.33514801683, -129000.72383889245, -87178.44184380077, -87861.55585784386, -84873.2840863805, -0.762, -0.298, 0.5660000000000001, 192.0, 0.0, 0.0, 0.0, 0.0, 0.0, 0.0, 0.0, 0.0, 0.0, 1.76968028927053E9, 0.0, 2026-01-29 15:21:29.270
7.0, 68449.06579840968, -121292.6800599909, 55754.21372106239, -181836.00089979183, -129009.26220527438, -87187.2260793717, -87866.36148290176, -84879.78844401699, -0.762, -0.298, 0.5660000000000001, 192.0, 0.0, 0.0, 0.0, 0.0, 0.0, 0.0, 0.0, 0.0, 0.0, 1.769680289270643E9, 0.0, 2026-01-29 15:21:29.270
8.0, 68380.71416386536, -114484.271643671, 66134.74382576274, -173681.995115518, -129004.05424881629, -87185.03560841508, -87865.80268929037, -84879.92255448372, -0.76, -0.294, 0.5680000000000001, 192.0, 232.0, 64.0, 246.0, 208.0, 17.0, 192.0, 0.0, 0.0, 0.0, 1.769680289270744E9, 0.0, 2026-01-29 15:21:29.270
9.0, 68210.72914728273, -100722.45904474963, 68338.84934650056, -158879.64175696872, -128992.16312076607, -87176.65370424435, -87861.95818924406, -84876.21216490414, -0.76, -0.294, 0.5680000000000001, 192.0, 0.0, 0.0, 0.0, 0.0, 0.0, 0.0, 0.0, 0.0, 0.0, 1.769680289270833E9, 0.0, 2026-01-29 15:21:29.270
10.0, 68188.75738248318, -100336.57852847321, 68316.54230553417, -159532.3573985526, -128990.50909167637, -87175.31259957702, -87860.59473283228, -84875.85453699286, -0.76, -0.294, 0.5680000000000001, 192.0, 0.0, 0.0, 0.0, 0.0, 0.0, 0.0, 0.0, 0.0, 0.0, 1.769680289270932E9, 0.0, 2026-01-29 15:21:29.270
11.0, 68336.36830286602, -113222.00157904644, 65377.824351528216, -173830.65656789026, -129001.5508534373, -87184.74503573717, -87865.13213695672, -84882.11302544034, -0.76, -0.294, 0.5680000000000001, 192.0, 0.0, 0.0, 0.0, 0.0, 0.0, 0.0, 0.0, 0.0, 0.0, 1.769680289329605E9, 0.0, 2026-01-29 15:21:29.329
12.0, 68445.93655418594, -121300.50317055026, 55442.988031266694, -181873.9765136214, -129008.59165294071, -87191.96464919623, -87868.44019513609, -84887.20922317615, -0.76, -0.294, 0.5680000000000001, 192.0, 0.0, 0.0, 0.0, 0.0, 0.0, 0.0, 0.0, 0.0, 0.0, 1.769680289329721E9, 0.0, 2026-01-29 15:21:29.329
13.0, 68377.2943469637, -114390.17079951416, 66109.44165103932, -173625.24403634598, -129004.21071102748, -87190.53413755109, -87868.66371258066, -84888.37151388783, -0.76, -0.294, 0.5680000000000001, 192.0, 0.0, 0.0, 0.0, 0.0, 0.0, 0.0, 0.0, 0.0, 0.0, 1.76968028932981E9, 0.0, 2026-01-29 15:21:29.329
14.0, 68209.54450482661, -100629.8557674713, 68337.68705578889, -158847.67876239764, -128995.35942022318, -87185.08031190399, -87867.88140152472, -84887.61155457635, -0.76, -0.294, 0.5680000000000001, 192.0, 0.0, 0.0, 0.0, 0.0, 0.0, 0.0, 0.0, 0.0, 0.0, 1.769680289329898E9, 0.0, 2026-01-29 15:21:29.329
15.0, 68191.05961216208, -100348.08967686769, 68318.95629393533, -159608.912123312, -128996.14173127912, -87186.13084389339, -87868.95428525857, -84889.51145285505, -0.76, -0.294, 0.5680000000000001, 192.0, 0.0, 0.0, 0.0, 0.0, 0.0, 0.0, 0.0, 0.0, 0.0, 1.76968028933004E9, 0.0, 2026-01-29 15:21:29.330
16.0, 68337.86586974454, -113268.71672495804, 65403.35004369618, -173929.9653685052, -129005.90944360608, -87194.35628585295, -87872.17293646013, -84894.60765059086, -0.76, -0.294, 0.5680000000000001, 192.0, 0.0, 0.0, 0.0, 0.0, 0.0, 0.0, 0.0, 0.0, 0.0, 1.769680289330165E9, 0.0, 2026-01-29 15:21:29.330
17.0, 68447.83645246465, -121264.87448988849, 55779.761764974806, -181857.90560935804, -129014.201940799, -87202.87230049042, -87876.75504407348, -84900.97789776062, -0.76, -0.294, 0.5680000000000001, 192.0, 0.0, 0.0, 0.0, 0.0, 0.0, 0.0, 0.0, 0.0, 0.0, 1.769680289330251E9, 0.0, 2026-01-29 15:21:29.330
18.0, 68379.10483826457, -114283.48592322897, 66232.91268741044, -173534.45125036853, -129010.53625470834, -87202.29115513459, -87877.91733478515, -84902.85544429487, -0.756, -0.296, 0.5660000000000001, 192.0, 232.0, 96.0, 246.0, 192.0, 17.0, 176.0, 0.0, 0.0, 0.0, 1.769680289330356E9, 0.0, 2026-01-29 15:21:29.330
19.0, 68211.66792054987, -100563.44873469458, 68339.76576802322, -158817.32509342732, -129001.21557727047, -87196.50205332066, -87876.62093360674, -84901.8943192833, -0.756, -0.296, 0.5660000000000001, 192.0, 0.0, 0.0, 0.0, 0.0, 0.0, 0.0, 0.0, 0.0, 0.0, 1.769680289330463E9, 0.0, 2026-01-29 15:21:29.330
20.0, 68194.345318597, -100388.18870642051, 68322.04083467017, -159688.0820021727, -129002.13199879313, -87197.64199228788, -87877.64911385169, -84904.040086751, -0.756, -0.296, 0.5660000000000001, 192.0, 0.0, 0.0, 0.0, 0.0, 0.0, 0.0, 0.0, 0.0, 0.0, 1.769680289330549E9, 0.0, 2026-01-29 15:21:29.330
21.0, 68340.77159652371, -113336.8448420578, 65400.667834361535, -174018.29946259255, -129011.63149018664, -87205.37569586941, -87880.55484063088, -84908.73395308662, -0.756, -0.296, 0.5660000000000001, 192.0, 0.0, 0.0, 0.0, 0.0, 0.0, 0.0, 0.0, 0.0, 0.0, 1.769680289330636E9, 0.0, 2026-01-29 15:21:29.330
22.0, 68448.28348735375, -121265.09800733304, 55935.531072083846, -181862.75593790485, -129018.22525480096, -87212.28238490611, -87883.68408485461, -84913.49487465559, -0.756, -0.296, 0.5660000000000001, 192.0, 0.0, 0.0, 0.0, 0.0, 0.0, 0.0, 0.0, 0.0, 0.0, 1.769680289330832E9, 0.0, 2026-01-29 15:21:29.330
23.0, 68377.07082951914, -114218.95643698651, 66297.68804284192, -173476.96256362947, -129013.06200183179, -87210.18132092731, -87883.23704996551, -84913.94190954471, -0.756, -0.296, 0.5660000000000001, 192.0, 0.0, 0.0, 0.0, 0.0, 0.0, 0.0, 0.0, 0.0, 0.0, 1.769680289330963E9, 0.0, 2026-01-29 15:21:29.330
24.0, 68208.80689725958, -100505.2224403885, 68336.97179996631, -158776.60021502976, -129003.16017903808, -87203.67696329081, -87881.22539296454, -84912.13141824382, -0.756, -0.296, 0.5660000000000001, 192.0, 0.0, 0.0, 0.0, 0.0, 0.0, 0.0, 0.0, 0.0, 0.0, 1.769680289331046E9, 0.0, 2026-01-29 15:21:29.331
25.0, 68190.7913912286, -100425.71728536097, 68318.62101776851, -159756.43363671706, -129002.04259181532, -87202.71583827924, -87880.33132318633, -84912.2431769661, -0.756, -0.296, 0.5660000000000001, 192.0, 0.0, 0.0, 0.0, 0.0, 0.0, 0.0, 0.0, 0.0, 0.0, 1.769680289331127E9, 0.0, 2026-01-29 15:21:29.331
26.0, 68337.9776284668, -113389.63966246125, 65378.1819794395, -174085.53350991412, -129011.74324890891, -87210.74011453868, -87883.37116043225, -84917.27231946854, -0.756, -0.296, 0.5660000000000001, 192.0, 0.0, 0.0, 0.0, 0.0, 0.0, 0.0, 0.0, 0.0, 0.0, 1.769680289389299E9, 0.0, 2026-01-29 15:21:29.389
27.0, 68447.2106036199, -121255.48675721727, 56046.82040772682, -181861.10190881515, -129020.86276064668, -87220.15019895438, -87888.98144829052, -84924.62604339434, -0.756, -0.296, 0.5660000000000001, 192.0, 0.0, 0.0, 0.0, 0.0, 0.0, 0.0, 0.0, 0.0, 0.0, 1.769680289389424E9, 0.0, 2026-01-29 15:21:29.389
28.0, 68375.59561438509, -114149.71073266397, 66359.5129680053, -173417.14929546707, -129016.19124605552, -87218.49616986468, -87889.0932070128, -84925.47540968364, -0.76, -0.3, 0.5700000000000001, 192.0, 232.0, 64.0, 246.0, 160.0, 17.0, 208.0, 0.0, 0.0, 0.0, 1.769680289389513E9, 0.0, 2026-01-29 15:21:29.389
29.0, 68206.5493710696, -100464.58696896875, 68334.60251505405, -158757.71299096502, -129005.23889127243, -87211.00833547216, -87885.9416110446, -84922.74849686009, -0.76, -0.3, 0.5700000000000001, 192.0, 0.0, 0.0, 0.0, 0.0, 0.0, 0.0, 0.0, 0.0, 0.0, 1.76968028938961E9, 0.0, 2026-01-29 15:21:29.389
30.0, 68188.82443771654, -100473.08063186177, 68316.60936076753, -159823.08653868278, -129003.696620905, -87209.71193429375, -87884.53345114391, -84922.3461654599, -0.76, -0.3, 0.5700000000000001, 192.0, 0.0, 0.0, 0.0, 0.0, 0.0, 0.0, 0.0, 0.0, 0.0, 1.769680289389742E9, 0.0, 2026-01-29 15:21:29.389
31.0, 68333.17200340891, -113453.00685799205, 65373.689278803984, -174162.9599527073, -129010.4468477305, -87214.91989075183, -87884.82402382184, -84924.38017420533, -0.76, -0.3, 0.5700000000000001, 192.0, 0.0, 0.0, 0.0, 0.0, 0.0, 0.0, 0.0, 0.0, 0.0, 1.769680289389842E9, 0.0, 2026-01-29 15:21:29.389
32.0, 68438.09109188213, -121245.60728616801, 56161.797781204914, -181860.02902508128, -129016.07948733325, -87220.97721349922, -87886.9474395451, -84928.0905637849, -0.76, -0.3, 0.5700000000000001, 192.0, 0.0, 0.0, 0.0, 0.0, 0.0, 0.0, 0.0, 0.0, 0.0, 1.769680289389924E9, 0.0, 2026-01-29 15:21:29.389
33.0, 68367.12430323653, -114083.57192082072, 66396.39334635656, -173355.03379762577, -129012.43615298704, -87220.46312337674, -87888.22148897905, -84930.16927601925, -0.76, -0.3, 0.5700000000000001, 192.0, 0.0, 0.0, 0.0, 0.0, 0.0, 0.0, 0.0, 0.0, 0.0, 1.769680289390016E9, 0.0, 2026-01-29 15:21:29.390
34.0, 68199.82149598855, -100441.83289311326, 68327.91934346192, -158754.4272845301, -129002.80255112679, -87214.36109714046, -87886.41099767816, -84928.71641262966, -0.76, -0.3, 0.5700000000000001, 192.0, 0.0, 0.0, 0.0, 0.0, 0.0, 0.0, 0.0, 0.0, 0.0, 1.769680289390099E9, 0.0, 2026-01-29 15:21:29.390
35.0, 68182.85652194697, -100539.71118208303, 68310.75320372025, -159910.3477490363, -129000.81324587027, -87212.64001281738, -87884.6452098662, -84927.82234285145, -0.76, -0.3, 0.5700000000000001, 192.0, 0.0, 0.0, 0.0, 0.0, 0.0, 0.0, 0.0, 0.0, 0.0, 1.769680289390192E9, 0.0, 2026-01-29 15:21:29.390
36.0, 68331.8756022305, -113531.84146068592, 65351.20342388195, -174248.7682996712, -129012.01146984239, -87222.22891118872, -87889.16026224617, -84934.25964525457, -0.76, -0.3, 0.5700000000000001, 192.0, 0.0, 0.0, 0.0, 0.0, 0.0, 0.0, 0.0, 0.0, 0.0, 1.769680289390275E9, 0.0, 2026-01-29 15:21:29.390
37.0, 68439.18632736044, -121245.67434140139, 56319.98107671512, -181847.02030980831, -129020.92981588005, -87231.34842292649, -87894.50232917098, -84941.23338952463, -0.76, -0.3, 0.5700000000000001, 192.0, 0.0, 0.0, 0.0, 0.0, 0.0, 0.0, 0.0, 0.0, 0.0, 1.769680289390367E9, 0.0, 2026-01-29 15:21:29.390
38.0, 68367.19135846989, -114031.80528066221, 66467.74011465789, -173297.7015730979, -129017.19707455601, -87230.61081535945, -87895.53050941593, -84943.11093605887, -0.76, -0.296, 0.5740000000000001, 192.0, 232.0, 64.0, 246.0, 192.0, 17.0, 240.0, 0.0, 0.0, 0.0, 1.769680289390476E9, 0.0, 2026-01-29 15:21:29.390
39.0, 68200.62615878895, -100421.93984054803, 68328.83576498459, -158743.0278948579, -129007.83169362924, -87224.59819610098, -87893.92118381515, -84941.88159011383, -0.76, -0.296, 0.5740000000000001, 192.0, 0.0, 0.0, 0.0, 0.0, 0.0, 0.0, 0.0, 0.0, 0.0, 1.769680289390566E9, 0.0, 2026-01-29 15:21:29.390
40.0, 68188.4444580608, -100616.06474114237, 68316.29643634516, -160007.80135486144, -129009.70924016349, -87226.72161182424, -87896.02224779395, -84944.8990756153, -0.76, -0.296, 0.5740000000000001, 192.0, 0.0, 0.0, 0.0, 0.0, 0.0, 0.0, 0.0, 0.0, 0.0, 1.769680289390646E9, 0.0, 2026-01-29 15:21:29.390
41.0, 68332.21087839734, -113604.50698191012, 65302.76719364729, -174342.5115159168, -129015.40893499959, -87231.01314675965, -87895.08347452682, -84945.9496076047, -0.76, -0.296, 0.5740000000000001, 192.0, 0.0, 0.0, 0.0, 0.0, 0.0, 0.0, 0.0, 0.0, 0.0, 1.769680289449576E9, 0.0, 2026-01-29 15:21:29.449
42.0, 68434.09012962463, -121234.83374534057, 56340.90230952529, -181853.21174302243, -129019.61106295718, -87235.61760611745, -87895.82108209385, -84948.49770647261, -0.76, -0.296, 0.5740000000000001, 192.0, 0.0, 0.0, 0.0, 0.0, 0.0, 0.0, 0.0, 0.0, 0.0, 1.769680289449687E9, 0.0, 2026-01-29 15:21:29.449
43.0, 68362.22927120082, -113957.68689604843, 66512.8459349687, -173235.67548223442, -129016.61592920017, -87235.86347530645, -87897.83273909483, -84951.35872976288, -0.76, -0.296, 0.5740000000000001, 192.0, 0.0, 0.0, 0.0, 0.0, 0.0, 0.0, 0.0, 0.0, 0.0, 1.769680289449771E9, 0.0, 2026-01-29 15:21:29.449
44.0, 68193.45124881879, -100394.53660184582, 68321.54909629216, -158732.6119819417, -129004.85891161668, -87227.50392288018, -87894.03294253742, -84947.67069192776, -0.76, -0.296, 0.5740000000000001, 192.0, 0.0, 0.0, 0.0, 0.0, 0.0, 0.0, 0.0, 0.0, 0.0, 1.769680289449852E9, 0.0, 2026-01-29 15:21:29.449
45.0, 68180.50958877917, -100674.9168842932, 68308.2274565968, -160097.09657396039, -129005.1494842946, -87227.839199047, -87894.18940474861, -84948.69887217271, -0.76, -0.296, 0.5740000000000001, 192.0, 0.0, 0.0, 0.0, 0.0, 0.0, 0.0, 0.0, 0.0, 0.0, 1.769680289449975E9, 0.0, 2026-01-29 15:21:29.449
46.0, 68328.34402660657, -113670.93636643128, 65275.49806541182, -174428.56573206972, -129015.07365883276, -87236.0422892621, -87897.45275943908, -84953.77271816407, -0.76, -0.296, 0.5740000000000001, 192.0, 0.0, 0.0, 0.0, 0.0, 0.0, 0.0, 0.0, 0.0, 0.0, 1.769680289450089E9, 0.0, 2026-01-29 15:21:29.450
47.0, 68433.1960598464, -121226.63065512547, 56406.03529286806, -181855.51397270133, -129023.18734207003, -87244.60300738848, -87902.30308798589, -84960.299427545, -0.76, -0.296, 0.5740000000000001, 192.0, 0.0, 0.0, 0.0, 0.0, 0.0, 0.0, 0.0, 0.0, 0.0, 1.769680289450178E9, 0.0, 2026-01-29 15:21:29.450
48.0, 68360.50818687775, -113891.2798632717, 66549.23457494195, -173171.1236442475, -129020.16985656857, -87244.75946959967, -87904.2476897535, -84963.02634036855, -0.754, -0.294, 0.5760000000000001, 192.0, 232.0, 112.0, 246.0, 208.0, 18.0, 0.0, 0.0, 0.0, 0.0, 1.769680289450283E9, 0.0, 2026-01-29 15:21:29.450
49.0, 68194.70294650829, -100363.2441596084, 68322.82314572611, -158717.99394106795, -129011.0056413419, -87238.7915538301, -87902.75012287499, -84961.90875314579, -0.754, -0.294, 0.5760000000000001, 192.0, 0.0, 0.0, 0.0, 0.0, 0.0, 0.0, 0.0, 0.0, 0.0, 1.769680289450373E9, 0.0, 2026-01-29 15:21:29.450
50.0, 68181.87304519094, -100724.8730331508, 68309.70267173085, -160174.7018307092, -129010.4021442416, -87238.1880567298, -87902.12427403024, -84962.28873280153, -0.754, -0.294, 0.5760000000000001, 192.0, 0.0, 0.0, 0.0, 0.0, 0.0, 0.0, 0.0, 0.0, 0.0, 1.769680289450471E9, 0.0, 2026-01-29 15:21:29.450
51.0, 68328.18756439538, -113724.13351823491, 65287.34448997313, -174515.5810732342, -129018.71699317897, -87244.98298704422, -87903.86771009777, -84965.93206714775, -0.754, -0.294, 0.5760000000000001, 192.0, 0.0, 0.0, 0.0, 0.0, 0.0, 0.0, 0.0, 0.0, 0.0, 1.769680289450552E9, 0.0, 2026-01-29 15:21:29.450
52.0, 68427.40695803249, -121192.14191343093, 56622.35547570652, -181845.50039118534, -129021.93564438053, -87248.62632139043, -87903.66654439767, -84967.49668925961, -0.754, -0.294, 0.5760000000000001, 192.0, 0.0, 0.0, 0.0, 0.0, 0.0, 0.0, 0.0, 0.0, 0.0, 1.769680289450647E9, 0.0, 2026-01-29 15:21:29.450
53.0, 68352.81918678513, -113797.62605400397, 66611.1712588276, -173101.27444282468, -129018.09114433422, -87247.88871382341, -87904.80648336488, -84969.37423579386, -0.754, -0.294, 0.5760000000000001, 192.0, 0.0, 0.0, 0.0, 0.0, 0.0, 0.0, 0.0, 0.0, 0.0, 1.769680289450746E9, 0.0, 2026-01-29 15:21:29.450
54.0, 68185.4940277927, -100308.95177232644, 68313.59187526607, -158692.78117332235, -129007.2505482734, -87240.40087943088, -87901.78899786342, -84966.5579159925, -0.754, -0.294, 0.5760000000000001, 192.0, 0.0, 0.0, 0.0, 0.0, 0.0, 0.0, 0.0, 0.0, 0.0, 1.769680289450871E9, 0.0, 2026-01-29 15:21:29.450
55.0, 68175.34633581, -100774.5833128194, 68303.10890711652, -160256.0398287821, -129008.05521107379, -87241.40670793137, -87902.45955019708, -84968.30135206, -0.754, -0.294, 0.5760000000000001, 192.0, 0.0, 0.0, 0.0, 0.0, 0.0, 0.0, 0.0, 0.0, 0.0, 1.769680289450947E9, 0.0, 2026-01-29 15:21:29.450
56.0, 68322.35375909254, -113779.90112065092, 65307.751632660824, -174598.43898993006, -129016.7500396669, -87248.55926615707, -87904.53826243142, -84972.32466606196, -0.754, -0.294, 0.5760000000000001, 192.0, 0.0, 0.0, 0.0, 0.0, 0.0, 0.0, 0.0, 0.0, 0.0, 1.769680289509869E9, 0.0, 2026-01-29 15:21:29.509
57.0, 68423.69656845291, -121160.42478804884, 56978.351709646195, -181832.24580672334, -129022.91912113657, -87255.22008600475, -87907.42163746615, -84977.01853239757, -0.754, -0.294, 0.5760000000000001, 192.0, 0.0, 0.0, 0.0, 0.0, 0.0, 0.0, 0.0, 0.0, 0.0, 1.769680289510063E9, 0.0, 2026-01-29 15:21:29.510
58.0, 68348.05826521615, -113715.41633789735, 66726.03687358342, -173027.17840995532, -129018.2029030565, -87253.78957435962, -87907.89102409972, -84978.13611962034, -0.756, -0.294, 0.5760000000000001, 192.0, 232.0, 96.0, 246.0, 208.0, 18.0, 0.0, 0.0, 0.0, 0.0, 1.769680289510216E9, 0.0, 2026-01-29 15:21:29.510
59.0, 68182.36478356896, -100288.41051917202, 68310.41792755341, -158676.7549725479, -129008.21167328498, -87246.92758881183, -87905.54409093191, -84976.03505564155, -0.756, -0.294, 0.5760000000000001, 192.0, 0.0, 0.0, 0.0, 0.0, 0.0, 0.0, 0.0, 0.0, 0.0, 1.769680289510378E9, 0.0, 2026-01-29 15:21:29.510
60.0, 68174.49696952068, -100844.72308692016, 68302.21483733831, -160338.16013791086, -129010.42449598605, -87249.25217023518, -87907.53339618843, -84979.14194812083, -0.756, -0.294, 0.5760000000000001, 192.0, 0.0, 0.0, 0.0, 0.0, 0.0, 0.0, 0.0, 0.0, 0.0, 1.76968028951059E9, 0.0, 2026-01-29 15:21:29.510
61.0, 68320.92324744741, -113848.09629298405, 65309.69623442844, -174678.25706937994, -129018.38171701215, -87255.73417612723, -87909.00861132248, -84982.40530281131, -0.756, -0.294, 0.5760000000000001, 192.0, 0.0, 0.0, 0.0, 0.0, 0.0, 0.0, 0.0, 0.0, 0.0, 1.76968028951077E9, 0.0, 2026-01-29 15:21:29.510
62.0, 68421.12611784054, -121147.3490175425, 57086.31063536533, -181833.3186904572, -129024.55079848181, -87262.28323725263, -87911.93668984613, -84986.87565170237, -0.756, -0.294, 0.5760000000000001, 192.0, 0.0, 0.0, 0.0, 0.0, 0.0, 0.0, 0.0, 0.0, 0.0, 1.769680289510909E9, 0.0, 2026-01-29 15:21:29.510
63.0, 68344.92902099241, -113633.89952586884, 66761.35262982281, -172966.2252028257, -129020.21456005747, -87261.18800177432, -87912.67429741315, -84988.46262555869, -0.756, -0.294, 0.5760000000000001, 192.0, 0.0, 0.0, 0.0, 0.0, 0.0, 0.0, 0.0, 0.0, 0.0, 1.769680289511069E9, 0.0, 2026-01-29 15:21:29.511
64.0, 68180.26371959016, -100240.01899242628, 68308.33921531907, -158657.97950720543, -129011.13975180862, -87255.37654821594, -87911.17673053464, -84987.27798310257, -0.756, -0.294, 0.5760000000000001, 192.0, 0.0, 0.0, 0.0, 0.0, 0.0, 0.0, 0.0, 0.0, 0.0, 1.769680289511211E9, 0.0, 2026-01-29 15:21:29.511
65.0, 68171.81476018605, -100891.95232295422, 68299.6220349815, -160407.60700793352, -129011.20680704199, -87255.51065868267, -87911.02026832345, -84988.14970113632, -0.756, -0.294, 0.5760000000000001, 192.0, 0.0, 0.0, 0.0, 0.0, 0.0, 0.0, 0.0, 0.0, 0.0, 1.769680289511365E9, 0.0, 2026-01-29 15:21:29.511
66.0, 68319.87271545801, -113912.64813097098, 65265.93151878495, -174766.0547216004, -129020.32631877976, -87263.06554830856, -87913.7024776581, -84992.48593956065, -0.756, -0.294, 0.5760000000000001, 192.0, 0.0, 0.0, 0.0, 0.0, 0.0, 0.0, 0.0, 0.0, 0.0, 1.769680289511531E9, 0.0, 2026-01-29 15:21:29.511
67.0, 68415.31466428217, -121147.05844486457, 57139.79835984688, -181834.3692224466, -129022.06975484727, -87265.18896403181, -87912.2496142685, -84992.59769828293, -0.756, -0.294, 0.5760000000000001, 192.0, 0.0, 0.0, 0.0, 0.0, 0.0, 0.0, 0.0, 0.0, 0.0, 1.769680289511688E9, 0.0, 2026-01-29 15:21:29.511
68.0, 68339.25167790076, -113592.70526083771, 66799.77527854148, -172917.83367607996, -129018.6499379456, -87264.92074309835, -87913.9036433582, -84994.94463145074, -0.752, -0.294, 0.5760000000000001, 192.0, 232.0, 128.0, 246.0, 208.0, 18.0, 0.0, 0.0, 0.0, 0.0, 1.769680289511859E9, 0.0, 2026-01-29 15:21:29.511
69.0, 68177.0450683886, -100225.04332364122, 68305.23232283979, -158652.21275713597, -129011.72089716446, -87261.18800177432, -87914.61889918076, -84995.9057564623, -0.752, -0.294, 0.5760000000000001, 192.0, 0.0, 0.0, 0.0, 0.0, 0.0, 0.0, 0.0, 0.0, 0.0, 1.769680289512004E9, 0.0, 2026-01-29 15:21:29.512
70.0, 68170.31719330755, -100945.7306201137, 68298.14681984745, -160495.4270118984, -129013.08435357624, -87262.48440295273, -87915.6470794257, -84998.0068204411, -0.752, -0.294, 0.5760000000000001, 192.0, 0.0, 0.0, 0.0, 0.0, 0.0, 0.0, 0.0, 0.0, 0.0, 1.769680289512137E9, 0.0, 2026-01-29 15:21:29.512
71.0, 68320.81148872513, -113966.15820719699, 65230.68281777893, -174843.57057137138, -129024.75196418191, -87272.43092923534, -87920.67622192815, -85004.98056471116, -0.752, -0.294, 0.5760000000000001, 192.0, 0.0, 0.0, 0.0, 0.0, 0.0, 0.0, 0.0, 0.0, 0.0, 1.769680289570221E9, 0.0, 2026-01-29 15:21:29.570
72.0, 68421.43904226292, -121134.25089529168, 57206.89829670171, -181841.18650450546, -129032.59742648572, -87280.74577817271, -87925.23597779704, -85011.32846013647, -0.752, -0.294, 0.5760000000000001, 192.0, 0.0, 0.0, 0.0, 0.0, 0.0, 0.0, 0.0, 0.0, 0.0, 1.769680289570428E9, 0.0, 2026-01-29 15:21:29.570
73.0, 68344.99607622577, -113528.51105076207, 66845.3281337414, -172872.7055040247, -129029.31172005078, -87280.54461247261, -87927.04646909791, -85013.87655900438, -0.752, -0.294, 0.5760000000000001, 192.0, 0.0, 0.0, 0.0, 0.0, 0.0, 0.0, 0.0, 0.0, 0.0, 1.769680289570599E9, 0.0, 2026-01-29 15:21:29.570
74.0, 68179.25789108967, -100215.40972178099, 68307.40044205195, -158673.06693471278, -129017.97938561195, -87272.47563272425, -87923.53724521844, -85010.61320431391, -0.752, -0.294, 0.5760000000000001, 192.0, 0.0, 0.0, 0.0, 0.0, 0.0, 0.0, 0.0, 0.0, 0.0, 1.769680289570752E9, 0.0, 2026-01-29 15:21:29.570
75.0, 68172.41825728635, -101037.7974555251, 68300.38199429298, -160618.09338546914, -129018.09114433422, -87272.58739144652, -87923.29137602942, -85011.4178671143, -0.752, -0.294, 0.5760000000000001, 192.0, 0.0, 0.0, 0.0, 0.0, 0.0, 0.0, 0.0, 0.0, 0.0, 1.769680289570948E9, 0.0, 2026-01-29 15:21:29.570
76.0, 68321.86202071453, -114045.99863839133, 65217.450585061386, -174938.90076147328, -129028.66351946158, -87281.68455143983, -87927.3593935203, -85017.22932067268, -0.752, -0.294, 0.5760000000000001, 192.0, 0.0, 0.0, 0.0, 0.0, 0.0, 0.0, 0.0, 0.0, 0.0, 1.769680289571128E9, 0.0, 2026-01-29 15:21:29.571
77.0, 68418.04157710572, -121119.65520616237, 57315.43836777668, -181835.1291817581, -129033.29033056383, -87286.73604568673, -87928.87931214325, -85020.44797187424, -0.752, -0.294, 0.5760000000000001, 192.0, 0.0, 0.0, 0.0, 0.0, 0.0, 0.0, 0.0, 0.0, 0.0, 1.76968028957128E9, 0.0, 2026-01-29 15:21:29.571
78.0, 68338.379959867, -113445.83194802189, 66883.97429990463, -172802.029288057, -129027.50122874991, -87284.12089158547, -87928.16405632067, -85020.60443408543, -0.756, -0.292, 0.5740000000000001, 192.0, 232.0, 96.0, 246.0, 224.0, 17.0, 240.0, 0.0, 0.0, 0.0, 1.769680289571456E9, 0.0, 2026-01-29 15:21:29.571
79.0, 68175.25692883217, -100179.37870971904, 68303.37712805, -158665.6461555536, -129018.53817922332, -87278.33178977153, -87926.66648944217, -85019.39743988484, -0.756, -0.292, 0.5740000000000001, 192.0, 0.0, 0.0, 0.0, 0.0, 0.0, 0.0, 0.0, 0.0, 0.0, 1.769680289571625E9, 0.0, 2026-01-29 15:21:29.571
80.0, 68168.26083281766, -101092.49217420723, 68296.00105237974, -160703.4323457995, -129017.1523710671, -87277.05774033758, -87925.1018673303, -85018.68218406227, -0.756, -0.292, 0.5740000000000001, 192.0, 0.0, 0.0, 0.0, 0.0, 0.0, 0.0, 0.0, 0.0, 0.0, 1.76968028957178E9, 0.0, 2026-01-29 15:21:29.571
81.0, 68316.78817472317, -114122.17338349503, 65143.555717892144, -175037.98604464365, -129026.58480722723, -87284.94790613031, -87927.89583538721, -85023.33134690898, -0.756, -0.292, 0.5740000000000001, 192.0, 0.0, 0.0, 0.0, 0.0, 0.0, 0.0, 0.0, 0.0, 0.0, 1.769680289571915E9, 0.0, 2026-01-29 15:21:29.571
82.0, 68413.81709740366, -121115.90011309387, 57279.49676269255, -181833.7657253463, -129032.68683346354, -87291.51931900017, -87930.91332088868, -85027.95815801123, -0.756, -0.292, 0.5740000000000001, 192.0, 0.0, 0.0, 0.0, 0.0, 0.0, 0.0, 0.0, 0.0, 0.0, 1.769680289572064E9, 0.0, 2026-01-29 15:21:29.572
83.0, 68335.2283638988, -113379.42491524517, 66904.20262863667, -172743.11008967282, -129028.93174039504, -87291.0052288777, -87932.23207381155, -85030.14862896784, -0.756, -0.292, 0.5740000000000001, 192.0, 0.0, 0.0, 0.0, 0.0, 0.0, 0.0, 0.0, 0.0, 0.0, 1.76968028957221E9, 0.0, 2026-01-29 15:21:29.572
84.0, 68170.36189679646, -100134.49640685278, 68298.45974426983, -158634.06314063826, -129017.88997863412, -87283.36093227398, -87928.83460865435, -85027.0193847441, -0.756, -0.292, 0.5740000000000001, 192.0, 0.0, 0.0, 0.0, 0.0, 0.0, 0.0, 0.0, 0.0, 0.0, 1.769680289572356E9, 0.0, 2026-01-29 15:21:29.572
85.0, 68166.7409141947, -101138.38030557398, 68294.32467154559, -160776.3884397016, -129019.09697283471, -87284.54557473012, -87929.66162319918, -85028.78517255608, -0.756, -0.292, 0.5740000000000001, 192.0, 0.0, 0.0, 0.0, 0.0, 0.0, 0.0, 0.0, 0.0, 0.0, 1.769680289572496E9, 0.0, 2026-01-29 15:21:29.572
86.0, 68316.25173285625, -114195.42005007507, 65011.61337037246, -175134.2326562682, -129029.13290609514, -87293.03923762313, -87933.01438486748, -85034.03783250306, -0.756, -0.292, 0.5740000000000001, 192.0, 0.0, 0.0, 0.0, 0.0, 0.0, 0.0, 0.0, 0.0, 0.0, 1.769680289630464E9, 0.0, 2026-01-29 15:21:29.630
87.0, 68412.34188226961, -121119.49874395118, 57149.52136868494, -181856.36333899063, -129034.92200790907, -87299.32007781506, -87935.83070466886, -85038.35171918295, -0.756, -0.292, 0.5740000000000001, 192.0, 0.0, 0.0, 0.0, 0.0, 0.0, 0.0, 0.0, 0.0, 0.0, 1.769680289630658E9, 0.0, 2026-01-29 15:21:29.630
88.0, 68331.8756022305, -113305.4406410981, 66927.40373938129, -172682.53686219893, -129030.22814157346, -87297.66604872538, -87936.30009130242, -85039.51400989461, -0.754, -0.292, 0.5720000000000001, 192.0, 232.0, 112.0, 246.0, 224.0, 17.0, 224.0, 0.0, 0.0, 0.0, 1.769680289630811E9, 0.0, 2026-01-29 15:21:29.630
89.0, 68167.65733571736, -100085.9707696403, 68295.73283144628, -158604.3353205127, -129019.34284202372, -87289.97704863275, -87933.03673661193, -85036.54122788206, -0.754, -0.292, 0.5720000000000001, 192.0, 0.0, 0.0, 0.0, 0.0, 0.0, 0.0, 0.0, 0.0, 0.0, 1.76968028963098E9, 0.0, 2026-01-29 15:21:29.630
90.0, 68162.56113798155, -101186.21303870835, 68290.27900579918, -160843.42132132308, -129017.88997863412, -87288.54653698762, -87931.27094879997, -85035.71421333721, -0.754, -0.292, 0.5720000000000001, 192.0, 0.0, 0.0, 0.0, 0.0, 0.0, 0.0, 0.0, 0.0, 0.0, 1.769680289631187E9, 0.0, 2026-01-29 15:21:29.631
91.0, 68310.93201767588, -114271.8183126233, 64923.7263111742, -175222.0079567442, -129026.07071710477, -87295.31911555758, -87932.90262614521, -85039.13403023887, -0.754, -0.292, 0.5720000000000001, 192.0, 0.0, 0.0, 0.0, 0.0, 0.0, 0.0, 0.0, 0.0, 0.0, 1.769680289631389E9, 0.0, 2026-01-29 15:21:29.631
92.0, 68407.08922232261, -121120.90690385186, 57041.00364935442, -181869.4167577525, -129032.61977823018, -87302.38226680545, -87936.36714653578, -85044.20787623023, -0.754, -0.292, 0.5720000000000001, 192.0, 0.0, 0.0, 0.0, 0.0, 0.0, 0.0, 0.0, 0.0, 0.0, 1.769680289631552E9, 0.0, 2026-01-29 15:21:29.631
93.0, 68325.93003820539, -113225.35434071474, 66929.5942103379, -172614.52050382143, -129027.92591189456, -87300.83999643804, -87936.92594014716, -85045.34781519746, -0.754, -0.292, 0.5720000000000001, 192.0, 0.0, 0.0, 0.0, 0.0, 0.0, 0.0, 0.0, 0.0, 0.0, 1.769680289631712E9, 0.0, 2026-01-29 15:21:29.631
94.0, 68160.25890830265, -100038.96505105079, 68288.22264530929, -158583.4811429359, -129015.78891465532, -87292.03340912264, -87932.4555912561, -85041.05628026203, -0.754, -0.292, 0.5720000000000001, 192.0, 0.0, 0.0, 0.0, 0.0, 0.0, 0.0, 0.0, 0.0, 0.0, 1.769680289631863E9, 0.0, 2026-01-29 15:21:29.631
95.0, 68160.70594319176, -101236.45976024387, 68288.40145926493, -160916.80209836987, -129018.89580713461, -87295.34146730203, -87935.04839361292, -85044.7219663527, -0.754, -0.292, 0.5720000000000001, 192.0, 0.0, 0.0, 0.0, 0.0, 0.0, 0.0, 0.0, 0.0, 0.0, 1.769680289632015E9, 0.0, 2026-01-29 15:21:29.632
96.0, 68311.46845954281, -114342.96391522455, 64918.94303786076, -175313.3818880775, -129029.42347877307, -87304.28216508415, -87938.82583842587, -85050.28755072207, -0.754, -0.292, 0.5720000000000001, 192.0, 0.0, 0.0, 0.0, 0.0, 0.0, 0.0, 0.0, 0.0, 0.0, 1.769680289632171E9, 0.0, 2026-01-29 15:21:29.632
97.0, 68404.92110311045, -121121.80097363007, 57186.73702320302, -181865.14757456156, -129033.98323464194, -87309.46776979777, -87940.61397798228, -85053.61796064592, -0.754, -0.292, 0.5720000000000001, 192.0, 0.0, 0.0, 0.0, 0.0, 0.0, 0.0, 0.0, 0.0, 0.0, 1.769680289632513E9, 0.0, 2026-01-29 15:21:29.632
98.0, 68323.20312538184, -113171.12900866616, 66974.78943762653, -172548.35934023373, -129029.55758923979, -87308.28312734165, -87941.37393729377, -85055.11552752442, -0.756, -0.28800000000000003, 0.5720000000000001, 192.0, 232.0, 96.0, 247.0, 0.0, 17.0, 224.0, 0.0, 0.0, 0.0, 1.769680289632697E9, 0.0, 2026-01-29 15:21:29.632
99.0, 68160.05774260256, -100001.74939653272, 68288.02147960919, -158550.31115416423, -129019.49930423491, -87301.57760400506, -87938.93759714813, -85052.88035307889, -0.756, -0.28800000000000003, 0.5720000000000001, 192.0, 0.0, 0.0, 0.0, 0.0, 0.0, 0.0, 0.0, 0.0, 0.0, 1.769680289632885E9, 0.0, 2026-01-29 15:21:29.632
100.0, 68160.59418446949, -101271.50729554979, 68288.08853484257, -160979.744610756, -129021.77918216935, -87303.76807496167, -87940.72573670457, -85055.58491415798, -0.756, -0.28800000000000003, 0.5720000000000001, 192.0, 0.0, 0.0, 0.0, 0.0, 0.0, 0.0, 0.0, 0.0, 0.0, 1.769680289633046E9, 0.0, 2026-01-29 15:21:29.633
101.0, 68311.33434907607, -114395.35640422779, 64855.15115918531, -175396.17274953995, -129032.23979857443, -87312.73112448826, -87944.41377453969, -85061.19520201627, -0.756, -0.28800000000000003, 0.5720000000000001, 192.0, 0.0, 0.0, 0.0, 0.0, 0.0, 0.0, 0.0, 0.0, 0.0, 1.769680289690815E9, 0.0, 2026-01-29 15:21:29.690
102.0, 68407.55860895617, -121120.68338640731, 57164.56409270336, -181884.05715037076, -129040.12996436715, -87321.29184261464, -87949.46526878659, -85067.85602186395, -0.756, -0.28800000000000003, 0.5720000000000001, 192.0, 0.0, 0.0, 0.0, 0.0, 0.0, 0.0, 0.0, 0.0, 0.0, 1.769680289690999E9, 0.0, 2026-01-29 15:21:29.690
103.0, 68323.78427073768, -113102.5985601662, 66995.53185648106, -172494.53633958535, -129034.54202825333, -87318.94490944683, -87949.26410308649, -85068.2807050086, -0.756, -0.28800000000000003, 0.5720000000000001, 192.0, 0.0, 0.0, 0.0, 0.0, 0.0, 0.0, 0.0, 0.0, 0.0, 1.769680289691152E9, 0.0, 2026-01-29 15:21:29.691
104.0, 68159.70011469128, -99940.52796846963, 68287.73090693128, -158510.0109589113, -129023.70143219251, -87311.34531633202, -87945.97839665155, -85065.24086776268, -0.756, -0.28800000000000003, 0.5720000000000001, 192.0, 0.0, 0.0, 0.0, 0.0, 0.0, 0.0, 0.0, 0.0, 0.0, 1.769680289691304E9, 0.0, 2026-01-29 15:21:29.691
105.0, 68157.82256815703, -101304.94550525493, 68285.42867725238, -161055.98641109306, -129022.49443799192, -87309.84774945352, -87944.10085011732, -85064.30209449555, -0.756, -0.28800000000000003, 0.5720000000000001, 192.0, 0.0, 0.0, 0.0, 0.0, 0.0, 0.0, 0.0, 0.0, 0.0, 1.769680289691517E9, 0.0, 2026-01-29 15:21:29.691
106.0, 68308.85330544155, -114461.38345734877, 64683.24389257955, -175494.9227565435, -129032.19509508552, -87318.07319141307, -87947.2077425966, -85069.10771955345, -0.756, -0.28800000000000003, 0.5720000000000001, 192.0, 0.0, 0.0, 0.0, 0.0, 0.0, 0.0, 0.0, 0.0, 0.0, 1.769680289691698E9, 0.0, 2026-01-29 15:21:29.691
107.0, 68403.26707402075, -121132.35099701298, 56805.595076751124, -181921.45161884447, -129038.9006184221, -87325.29280487214, -87950.89578043173, -85074.36037950045, -0.756, -0.28800000000000003, 0.5720000000000001, 192.0, 0.0, 0.0, 0.0, 0.0, 0.0, 0.0, 0.0, 0.0, 0.0, 1.769680289691853E9, 0.0, 2026-01-29 15:21:29.691
108.0, 68317.97281717931, -113030.11185289764, 66962.31716422048, -172438.05348134678, -129032.57507474127, -87322.16356064839, -87949.93465542015, -85074.1815655448, -0.76, -0.29, 0.5740000000000001, 192.0, 232.0, 64.0, 246.0, 240.0, 17.0, 240.0, 0.0, 0.0, 0.0, 1.769680289692021E9, 0.0, 2026-01-29 15:21:29.692
109.0, 68155.02860010012, -99876.64668281635, 68283.12644757348, -158480.81958065266, -129022.96382462548, -87315.61449952298, -87947.76653620799, -85072.23696377719, -0.76, -0.29, 0.5740000000000001, 192.0, 0.0, 0.0, 0.0, 0.0, 0.0, 0.0, 0.0, 0.0, 0.0, 1.769680289692191E9, 0.0, 2026-01-29 15:21:29.692
110.0, 68157.37553326793, -101351.7724098888, 68284.86988364099, -161120.89587699127, -129024.90842639309, -87317.35793559051, -87948.95117866411, -85074.53919345608, -0.76, -0.29, 0.5740000000000001, 192.0, 0.0, 0.0, 0.0, 0.0, 0.0, 0.0, 0.0, 0.0, 0.0, 1.769680289692341E9, 0.0, 2026-01-29 15:21:29.692
111.0, 68308.4733257858, -114564.46970277664, 64536.594097208275, -175602.38994388463, -129034.31851080878, -87325.24810138323, -87951.70044323211, -85079.12130106942, -0.76, -0.29, 0.5740000000000001, 192.0, 0.0, 0.0, 0.0, 0.0, 0.0, 0.0, 0.0, 0.0, 0.0, 1.769680289692499E9, 0.0, 2026-01-29 15:21:29.692
112.0, 68397.88030360703, -121152.98165714522, 56607.29039994364, -181935.60027308468, -129036.5536852543, -87328.08677292905, -87951.18635310965, -85080.03772259208, -0.76, -0.29, 0.5740000000000001, 192.0, 0.0, 0.0, 0.0, 0.0, 0.0, 0.0, 0.0, 0.0, 0.0, 1.769680289692656E9, 0.0, 2026-01-29 15:21:29.692
113.0, 68312.04960489865, -112964.19655849894, 66955.61164088389, -172379.7377800629, -129030.71987995147, -87325.53867406114, -87950.73931822054, -85080.23888829218, -0.76, -0.29, 0.5740000000000001, 192.0, 0.0, 0.0, 0.0, 0.0, 0.0, 0.0, 0.0, 0.0, 0.0, 1.76968028969282E9, 0.0, 2026-01-29 15:21:29.692
114.0, 68148.63600118589, -99834.44658928474, 68276.75620040372, -158451.82936809413, -129020.59453971322, -87318.67668851337, -87948.0571088859, -85077.9813621022, -0.76, -0.29, 0.5740000000000001, 192.0, 0.0, 0.0, 0.0, 0.0, 0.0, 0.0, 0.0, 0.0, 0.0, 1.769680289692987E9, 0.0, 2026-01-29 15:21:29.692
115.0, 68152.10052157647, -101407.16003264904, 68279.4160579939, -161203.28440705352, -129022.53914148083, -87320.59893853652, -87949.33115831985, -85080.2835917811, -0.76, -0.29, 0.5740000000000001, 192.0, 0.0, 0.0, 0.0, 0.0, 0.0, 0.0, 0.0, 0.0, 0.0, 1.769680289693141E9, 0.0, 2026-01-29 15:21:29.693
116.0, 68303.622997239, -114654.25666025361, 64319.06692016923, -175721.94942497605, -129031.83746717423, -87328.37734560698, -87952.0133676545, -85084.79864416107, -0.76, -0.29, 0.5740000000000001, 192.0, 0.0, 0.0, 0.0, 0.0, 0.0, 0.0, 0.0, 0.0, 0.0, 1.769680289750994E9, 0.0, 2026-01-29 15:21:29.750
117.0, 68396.0921640506, -121171.06421840958, 56301.987922428605, -181971.206602002, -129037.96184515499, -87335.0158137102, -87955.25437060051, -85089.60426921897, -0.76, -0.29, 0.5740000000000001, 192.0, 0.0, 0.0, 0.0, 0.0, 0.0, 0.0, 0.0, 0.0, 0.0, 1.76968028975119E9, 0.0, 2026-01-29 15:21:29.751
118.0, 68311.66962524291, -112889.13940061802, 66953.93526004974, -172320.5280090008, -129034.69849046452, -87335.0158137102, -87957.37778632376, -85092.46529250924, -0.766, -0.296, 0.5740000000000001, 192.0, 232.0, 16.0, 246.0, 192.0, 17.0, 240.0, 0.0, 0.0, 0.0, 1.769680289751343E9, 0.0, 2026-01-29 15:21:29.751
119.0, 68149.28420177511, -99768.17366697475, 68277.22558703728, -158414.81487927615, -129025.24370255992, -87328.7573252627, -87955.54494327844, -85090.72185644173, -0.766, -0.296, 0.5740000000000001, 192.0, 0.0, 0.0, 0.0, 0.0, 0.0, 0.0, 0.0, 0.0, 0.0, 1.769680289751528E9, 0.0, 2026-01-29 15:21:29.751
120.0, 68153.12870182142, -101455.12687625014, 68280.19836904983, -161290.1656377513, -129026.22717931596, -87329.69609852984, -87955.90257118971, -85092.01825762013, -0.766, -0.296, 0.5740000000000001, 192.0, 0.0, 0.0, 0.0, 0.0, 0.0, 0.0, 0.0, 0.0, 0.0, 1.769680289751741E9, 0.0, 2026-01-29 15:21:29.751
121.0, 68304.49471527275, -114741.36140839594, 64159.69898220289, -175827.22614136056, -129034.76554569788, -87336.44632535534, -87957.7130624906, -85095.50512975515, -0.766, -0.296, 0.5740000000000001, 192.0, 0.0, 0.0, 0.0, 0.0, 0.0, 0.0, 0.0, 0.0, 0.0, 1.769680289751932E9, 0.0, 2026-01-29 15:21:29.751
122.0, 68392.18060877093, -121189.63851805193, 56043.26648035843, -181999.83918664925, -129036.73249920995, -87338.90501724542, -87956.75193747901, -85096.15333034436, -0.766, -0.296, 0.5740000000000001, 192.0, 0.0, 0.0, 0.0, 0.0, 0.0, 0.0, 0.0, 0.0, 0.0, 1.769680289752087E9, 0.0, 2026-01-29 15:21:29.752
123.0, 68303.55594200564, -112814.03753924818, 66937.9537627642, -172242.60982782958, -129030.18343808454, -87335.6640142994, -87955.70140548961, -85095.7286471997, -0.766, -0.296, 0.5740000000000001, 192.0, 0.0, 0.0, 0.0, 0.0, 0.0, 0.0, 0.0, 0.0, 0.0, 1.769680289752249E9, 0.0, 2026-01-29 15:21:29.752
124.0, 68140.72348364872, -99712.3837128143, 68268.73192414426, -158363.38351528448, -129020.52748447986, -87329.114953174, -87953.510934533, -85093.73934194319, -0.766, -0.296, 0.5740000000000001, 192.0, 0.0, 0.0, 0.0, 0.0, 0.0, 0.0, 0.0, 0.0, 0.0, 1.769680289752395E9, 0.0, 2026-01-29 15:21:29.752
125.0, 68146.06555057353, -101504.79245242983, 68273.09051431305, -161344.6368389889, -129022.18151356955, -87330.59016830804, -87954.18148686666, -85095.46042626625, -0.766, -0.296, 0.5740000000000001, 192.0, 0.0, 0.0, 0.0, 0.0, 0.0, 0.0, 0.0, 0.0, 0.0, 1.769680289752553E9, 0.0, 2026-01-29 15:21:29.752
126.0, 68301.09725011555, -114826.52155477066, 64070.4708183373, -175927.1831425647, -129033.89382766413, -87340.8719707575, -87959.27768460246, -85102.27770832511, -0.766, -0.296, 0.5740000000000001, 192.0, 0.0, 0.0, 0.0, 0.0, 0.0, 0.0, 0.0, 0.0, 0.0, 1.769680289752704E9, 0.0, 2026-01-29 15:21:29.752
127.0, 68392.56058842667, -121204.52477985917, 55978.22290399348, -182023.4649805385, -129040.21937134498, -87347.84571502755, -87962.92101894868, -85107.41860954984, -0.766, -0.296, 0.5740000000000001, 192.0, 0.0, 0.0, 0.0, 0.0, 0.0, 0.0, 0.0, 0.0, 0.0, 1.769680289752876E9, 0.0, 2026-01-29 15:21:29.752
128.0, 68304.76293620621, -112736.2087650548, 66952.01301002658, -172169.34080950508, -129035.72667070947, -87346.72812780477, -87963.97155093808, -85109.20674910626, -0.76, -0.296, 0.5740000000000001, 192.0, 232.0, 64.0, 246.0, 192.0, 17.0, 240.0, 0.0, 0.0, 0.0, 1.769680289753045E9, 0.0, 2026-01-29 15:21:29.753
129.0, 68142.26575401613, -99643.38387768077, 68270.22949102276, -158312.80151758212, -129026.09306884922, -87340.35788063501, -87961.87048695928, -85107.41860954984, -0.76, -0.296, 0.5740000000000001, 192.0, 0.0, 0.0, 0.0, 0.0, 0.0, 0.0, 0.0, 0.0, 0.0, 1.769680289753222E9, 0.0, 2026-01-29 15:21:29.753
130.0, 68148.59129769698, -101543.57272905979, 68275.1692265474, -161405.3888804184, -129027.09889734972, -87341.27430215768, -87962.09400440384, -85108.55854851706, -0.76, -0.296, 0.5740000000000001, 192.0, 0.0, 0.0, 0.0, 0.0, 0.0, 0.0, 0.0, 0.0, 0.0, 1.76968028975337E9, 0.0, 2026-01-29 15:21:29.753
131.0, 68301.83485768257, -114915.7720703807, 63857.16812100031, -176031.56578917097, -129036.21840908748, -87348.9185987614, -87964.48564106056, -85112.80537996357, -0.76, -0.296, 0.5740000000000001, 192.0, 0.0, 0.0, 0.0, 0.0, 0.0, 0.0, 0.0, 0.0, 0.0, 1.769680289811253E9, 0.0, 2026-01-29 15:21:29.811
132.0, 68392.33707098212, -121227.16709699239, 55698.49082213531, -182047.0684226833, -129041.94045566804, -87355.35590116453, -87967.45842307311, -85117.40983932136, -0.76, -0.296, 0.5740000000000001, 192.0, 0.0, 0.0, 0.0, 0.0, 0.0, 0.0, 0.0, 0.0, 0.0, 1.769680289811368E9, 0.0, 2026-01-29 15:21:29.811
133.0, 68302.68422397187, -112672.19336893481, 66952.5047484046, -172106.8229802636, -129036.7548509544, -87353.45600288583, -87967.83840272886, -85118.30390909957, -0.76, -0.296, 0.5740000000000001, 192.0, 0.0, 0.0, 0.0, 0.0, 0.0, 0.0, 0.0, 0.0, 0.0, 1.769680289811474E9, 0.0, 2026-01-29 15:21:29.811
134.0, 68139.56119293705, -99591.41607182218, 68267.56963343259, -158263.13594140243, -129026.47304850497, -87346.43755512686, -87965.13384164976, -85115.73345848722, -0.76, -0.296, 0.5740000000000001, 192.0, 0.0, 0.0, 0.0, 0.0, 0.0, 0.0, 0.0, 0.0, 0.0, 1.769680289811555E9, 0.0, 2026-01-29 15:21:29.811
135.0, 68148.59129769698, -101595.20525875155, 68274.92335735838, -161473.47229402928, -129029.1552578396, -87348.96330225031, -87966.89962946172, -85118.61683352196, -0.76, -0.296, 0.5740000000000001, 192.0, 0.0, 0.0, 0.0, 0.0, 0.0, 0.0, 0.0, 0.0, 0.0, 1.769680289811695E9, 0.0, 2026-01-29 15:21:29.811
136.0, 68302.41600303841, -114985.0848299366, 63755.04300058401, -176110.04276395356, -129038.52063876638, -87356.83111629858, -87969.55948705191, -85122.95307194628, -0.76, -0.296, 0.5740000000000001, 192.0, 0.0, 0.0, 0.0, 0.0, 0.0, 0.0, 0.0, 0.0, 0.0, 1.769680289811815E9, 0.0, 2026-01-29 15:21:29.811
137.0, 68388.60432965808, -121235.16902150739, 55568.47072463879, -182064.83805952527, -129040.57699925626, -87359.42391865539, -87968.84423122933, -85123.84714172449, -0.76, -0.296, 0.5740000000000001, 192.0, 0.0, 0.0, 0.0, 0.0, 0.0, 0.0, 0.0, 0.0, 0.0, 1.769680289811896E9, 0.0, 2026-01-29 15:21:29.811
138.0, 68295.71047970183, -112614.65997870684, 66948.23556521363, -172056.44214826133, -129032.64212997463, -87354.73005231978, -87966.45259457262, -85122.23781612371, -0.758, -0.296, 0.5720000000000001, 192.0, 232.0, 80.0, 246.0, 192.0, 17.0, 224.0, 0.0, 0.0, 0.0, 1.769680289811995E9, 0.0, 2026-01-29 15:21:29.811
139.0, 68132.11806203342, -99555.98855686052, 68259.97004031778, -158244.62869699346, -129021.89094089162, -87347.10810746052, -87963.07748115987, -85119.10857189997, -0.758, -0.296, 0.5720000000000001, 192.0, 0.0, 0.0, 0.0, 0.0, 0.0, 0.0, 0.0, 0.0, 0.0, 1.769680289812086E9, 0.0, 2026-01-29 15:21:29.812
140.0, 68140.81289062655, -101657.67838450414, 68266.5638049321, -161552.39630370098, -129023.38850777013, -87348.40450863892, -87963.65862651571, -85120.71789750074, -0.758, -0.296, 0.5720000000000001, 192.0, 0.0, 0.0, 0.0, 0.0, 0.0, 0.0, 0.0, 0.0, 0.0, 1.769680289812169E9, 0.0, 2026-01-29 15:21:29.812
141.0, 68299.30911055913, -115100.419831326, 63454.054409748846, -176237.26889339316, -129037.02307188787, -87360.67561634489, -87970.61001904131, -85129.45742958278, -0.758, -0.296, 0.5720000000000001, 192.0, 0.0, 0.0, 0.0, 0.0, 0.0, 0.0, 0.0, 0.0, 0.0, 1.769680289812254E9, 0.0, 2026-01-29 15:21:29.812
142.0, 68390.05719304767, -121287.15917911044, 55003.79860446437, -182115.21889152753, -129044.26503709139, -87368.69989260435, -87975.37094061029, -85135.67121454135, -0.758, -0.296, 0.5720000000000001, 192.0, 0.0, 0.0, 0.0, 0.0, 0.0, 0.0, 0.0, 0.0, 0.0, 1.769680289812361E9, 0.0, 2026-01-29 15:21:29.812
143.0, 68298.616206481, -112564.68147810477, 66898.1900093782, -172001.16628422338, -129038.9006184221, -87366.57647688109, -87975.72856852158, -85136.6993947863, -0.758, -0.296, 0.5720000000000001, 192.0, 0.0, 0.0, 0.0, 0.0, 0.0, 0.0, 0.0, 0.0, 0.0, 1.769680289812479E9, 0.0, 2026-01-29 15:21:29.812
144.0, 68136.85663185795, -99513.83316681781, 68264.77566537568, -158215.28085652363, -129030.13873459563, -87360.89913378944, -87974.3651121098, -85135.60415930799, -0.758, -0.296, 0.5720000000000001, 192.0, 0.0, 0.0, 0.0, 0.0, 0.0, 0.0, 0.0, 0.0, 0.0, 1.769680289812589E9, 0.0, 2026-01-29 15:21:29.812
145.0, 68144.74679765067, -101709.91441129618, 68270.02832532267, -161628.92867671594, -129029.40112702861, -87359.93800877787, -87972.57697255338, -85134.79949650759, -0.758, -0.296, 0.5720000000000001, 192.0, 0.0, 0.0, 0.0, 0.0, 0.0, 0.0, 0.0, 0.0, 0.0, 1.769680289812677E9, 0.0, 2026-01-29 15:21:29.812
146.0, 68299.97966289279, -115178.56152994175, 63348.46476894197, -176335.0801271296, -129039.28059807785, -87368.43167167089, -87975.70621677712, -85139.73923203221, -0.758, -0.296, 0.5720000000000001, 192.0, 0.0, 0.0, 0.0, 0.0, 0.0, 0.0, 0.0, 0.0, 0.0, 1.769680289871782E9, 0.0, 2026-01-29 15:21:29.871
147.0, 68390.57128317014, -121291.20484485685, 54977.22238030701, -182124.51721722094, -129047.03665340385, -87377.01474154172, -87981.02593195748, -85146.82473502455, -0.758, -0.296, 0.5720000000000001, 192.0, 0.0, 0.0, 0.0, 0.0, 0.0, 0.0, 0.0, 0.0, 0.0, 1.769680289871898E9, 0.0, 2026-01-29 15:21:29.871
148.0, 68297.83389542508, -112516.31230310349, 66923.0451492125, -171953.84764121147, -129041.38166205665, -87374.5784013961, -87980.86946974629, -85147.4505838693, -0.756, -0.294, 0.5740000000000001, 192.0, 232.0, 96.0, 246.0, 208.0, 17.0, 240.0, 0.0, 0.0, 0.0, 1.769680289871988E9, 0.0, 2026-01-29 15:21:29.871
149.0, 68136.81192836905, -99498.49987012146, 68264.7086101423, -158213.96210360076, -129033.04446137483, -87369.43750017136, -87979.95304822363, -85146.75767979118, -0.756, -0.294, 0.5740000000000001, 192.0, 0.0, 0.0, 0.0, 0.0, 0.0, 0.0, 0.0, 0.0, 0.0, 1.769680289872086E9, 0.0, 2026-01-29 15:21:29.872
150.0, 68148.52424246362, -101765.72671720109, 68273.38108699096, -161723.18598308397, -129035.65961547609, -87371.98559903927, -87981.65178080223, -85149.43988912582, -0.756, -0.294, 0.5740000000000001, 192.0, 0.0, 0.0, 0.0, 0.0, 0.0, 0.0, 0.0, 0.0, 0.0, 1.769680289872251E9, 0.0, 2026-01-29 15:21:29.872
151.0, 68303.53359026117, -115223.33207408573, 63282.12479139862, -176410.38315419952, -129045.69554873653, -87380.38985495447, -87984.69161804815, -85154.51373511717, -0.756, -0.294, 0.5740000000000001, 192.0, 0.0, 0.0, 0.0, 0.0, 0.0, 0.0, 0.0, 0.0, 0.0, 1.769680289872393E9, 0.0, 2026-01-29 15:21:29.872
152.0, 68389.92308258094, -121270.64123995797, 54995.41670029363, -182117.00703108395, -129050.23295286096, -87385.5754596681, -87986.65857156021, -85158.0006072522, -0.756, -0.294, 0.5740000000000001, 192.0, 0.0, 0.0, 0.0, 0.0, 0.0, 0.0, 0.0, 0.0, 0.0, 1.769680289872494E9, 0.0, 2026-01-29 15:21:29.872
153.0, 68293.69882270084, -112435.53309864202, 66949.95664953669, -171881.09271300945, -129041.47106903448, -87380.16633750992, -87983.79754826994, -85155.78778455112, -0.756, -0.294, 0.5740000000000001, 192.0, 0.0, 0.0, 0.0, 0.0, 0.0, 0.0, 0.0, 0.0, 0.0, 1.769680289872603E9, 0.0, 2026-01-29 15:21:29.872
154.0, 68129.7264253767, -99443.24635782796, 68257.5113484277, -158174.91360603736, -129030.0046241289, -87371.80678508364, -87979.75188252353, -85152.05504322708, -0.756, -0.294, 0.5740000000000001, 192.0, 0.0, 0.0, 0.0, 0.0, 0.0, 0.0, 0.0, 0.0, 0.0, 1.769680289872692E9, 0.0, 2026-01-29 15:21:29.872
155.0, 68144.16565229483, -101819.43795912719, 68268.12842704396, -161791.96230077295, -129034.4526212755, -87375.98656129677, -87982.94818198064, -85156.34657816251, -0.756, -0.294, 0.5740000000000001, 192.0, 0.0, 0.0, 0.0, 0.0, 0.0, 0.0, 0.0, 0.0, 0.0, 1.76968028987278E9, 0.0, 2026-01-29 15:21:29.872
156.0, 68300.85138092654, -115318.10347057623, 63067.68215509441, -176513.9164345165, -129045.53908652534, -87385.53075617919, -87987.23971691605, -85162.56036312108, -0.756, -0.294, 0.5740000000000001, 192.0, 0.0, 0.0, 0.0, 0.0, 0.0, 0.0, 0.0, 0.0, 0.0, 1.769680289872867E9, 0.0, 2026-01-29 15:21:29.872
157.0, 68385.92212032343, -121294.62466175851, 54687.67788263296, -182152.00986290097, -129049.65180750511, -87390.38108472599, -87988.89374600575, -85165.68960734483, -0.756, -0.294, 0.5740000000000001, 192.0, 0.0, 0.0, 0.0, 0.0, 0.0, 0.0, 0.0, 0.0, 0.0, 1.769680289872975E9, 0.0, 2026-01-29 15:21:29.872
158.0, 68290.34606103254, -112366.22033908611, 66930.08594871592, -171823.13463963685, -129042.78982195734, -87386.98361956878, -87987.84321401635, -85165.24257245573, -0.756, -0.292, 0.578, 192.0, 232.0, 96.0, 246.0, 224.0, 18.0, 16.0, 0.0, 0.0, 0.0, 1.769680289873082E9, 0.0, 2026-01-29 15:21:29.873
159.0, 68129.14528002086, -99405.02487480937, 68257.06431353859, -158158.03803897358, -129034.13969685313, -87381.41803519941, -87986.54681283794, -85164.21439221078, -0.756, -0.292, 0.578, 192.0, 0.0, 0.0, 0.0, 0.0, 0.0, 0.0, 0.0, 0.0, 0.0, 1.769680289873199E9, 0.0, 2026-01-29 15:21:29.873
160.0, 68142.01988482712, -101872.67981441974, 68265.78149387616, -161863.42082779657, -129035.81607768728, -87382.84854684456, -87986.99384772705, -85165.71195908928, -0.756, -0.292, 0.578, 192.0, 0.0, 0.0, 0.0, 0.0, 0.0, 0.0, 0.0, 0.0, 0.0, 1.769680289873286E9, 0.0, 2026-01-29 15:21:29.873
161.0, 68298.66090996993, -115383.92935799711, 63045.66568680593, -176599.3895053136, -129046.52256328137, -87391.94570683787, -87990.86069951781, -85171.47870915875, -0.756, -0.292, 0.578, 192.0, 0.0, 0.0, 0.0, 0.0, 0.0, 0.0, 0.0, 0.0, 0.0, 1.769680289932015E9, 0.0, 2026-01-29 15:21:29.932
162.0, 68384.51396042276, -121280.76658019621, 54842.50841647487, -182144.8349529308, -129052.02109241737, -87398.27125051872, -87993.94524025265, -85176.105520261, -0.756, -0.292, 0.578, 192.0, 0.0, 0.0, 0.0, 0.0, 0.0, 0.0, 0.0, 0.0, 0.0, 1.769680289932132E9, 0.0, 2026-01-29 15:21:29.932
163.0, 68288.24499705374, -112302.13788773274, 66977.47164696117, -171760.41564469525, -129045.38262431415, -87394.91848885042, -87993.16292919671, -85175.97140979426, -0.756, -0.292, 0.578, 192.0, 0.0, 0.0, 0.0, 0.0, 0.0, 0.0, 0.0, 0.0, 0.0, 1.769680289932222E9, 0.0, 2026-01-29 15:21:29.932
164.0, 68127.6253613979, -99380.37090067517, 68255.43263619335, -158151.69014354827, -129036.86660967668, -87389.48701494778, -87991.91123150721, -85175.09969176051, -0.756, -0.292, 0.578, 192.0, 0.0, 0.0, 0.0, 0.0, 0.0, 0.0, 0.0, 0.0, 0.0, 1.769680289932309E9, 0.0, 2026-01-29 15:21:29.932
165.0, 68140.835242371, -101948.45222812322, 68263.88159559746, -161971.04447734889, -129037.87243817718, -87390.11286379253, -87991.59830708485, -85175.88200281645, -0.756, -0.292, 0.578, 192.0, 0.0, 0.0, 0.0, 0.0, 0.0, 0.0, 0.0, 0.0, 0.0, 1.769680289932467E9, 0.0, 2026-01-29 15:21:29.932
166.0, 68297.38686053596, -115457.33248678833, 62953.93412756135, -176696.82075939426, -129048.40010981561, -87399.12061680802, -87995.44280713116, -85181.64875288591, -0.756, -0.292, 0.578, 192.0, 0.0, 0.0, 0.0, 0.0, 0.0, 0.0, 0.0, 0.0, 0.0, 1.7696802899326E9, 0.0, 2026-01-29 15:21:29.932
167.0, 68381.96586155485, -121264.44980674384, 54906.36735038368, -182145.97489189805, -129053.51865929588, -87404.9767738553, -87998.23677518807, -85185.98499131024, -0.756, -0.292, 0.578, 192.0, 0.0, 0.0, 0.0, 0.0, 0.0, 0.0, 0.0, 0.0, 0.0, 1.769680289932688E9, 0.0, 2026-01-29 15:21:29.932
168.0, 68285.54043597466, -112225.60551471777, 67021.90691493833, -171699.5741962879, -129047.43898480404, -87402.13810230949, -87997.90149902123, -85186.40967445489, -0.752, -0.294, 0.5760000000000001, 192.0, 232.0, 128.0, 246.0, 208.0, 18.0, 0.0, 0.0, 0.0, 0.0, 1.769680289932796E9, 0.0, 2026-01-29 15:21:29.932
169.0, 68121.99272179518, -99355.87338875215, 68249.77764484617, -158135.79805324055, -129035.23493233144, -87392.99623882727, -87993.02881872999, -85181.82756684156, -0.752, -0.294, 0.5760000000000001, 192.0, 0.0, 0.0, 0.0, 0.0, 0.0, 0.0, 0.0, 0.0, 0.0, 1.769680289932889E9, 0.0, 2026-01-29 15:21:29.932
170.0, 68138.22008826972, -102010.99240910917, 68260.88646184045, -162040.8489752828, -129038.16301085509, -87395.58904118408, -87994.66049607522, -85184.48742443173, -0.752, -0.294, 0.5760000000000001, 192.0, 0.0, 0.0, 0.0, 0.0, 0.0, 0.0, 0.0, 0.0, 0.0, 1.769680289932975E9, 0.0, 2026-01-29 15:21:29.932
171.0, 68296.5151425022, -115519.93972300766, 62899.73114725723, -176766.13351895017, -129050.07649064976, -87406.0273058447, -87999.75669381102, -85191.48352044624, -0.752, -0.294, 0.5760000000000001, 192.0, 0.0, 0.0, 0.0, 0.0, 0.0, 0.0, 0.0, 0.0, 0.0, 1.769680289933065E9, 0.0, 2026-01-29 15:21:29.933
172.0, 68381.31766096565, -121266.46146374482, 54883.657978017094, -182156.68137749212, -129055.9102959526, -87412.62107045902, -88003.19886245715, -85196.33384899305, -0.752, -0.294, 0.5760000000000001, 192.0, 0.0, 0.0, 0.0, 0.0, 0.0, 0.0, 0.0, 0.0, 0.0, 1.769680289933177E9, 0.0, 2026-01-29 15:21:29.933
173.0, 68282.12061907299, -112175.06822050431, 67027.00311267414, -171648.1651840407, -129047.32722608176, -87407.50252097876, -88000.58370835587, -85194.23278501425, -0.752, -0.294, 0.5760000000000001, 192.0, 0.0, 0.0, 0.0, 0.0, 0.0, 0.0, 0.0, 0.0, 0.0, 1.769680289933281E9, 0.0, 2026-01-29 15:21:29.933
174.0, 68124.18319275179, -99351.06776369427, 68251.94576405833, -158135.86510847392, -129040.44288878953, -87403.59096569908, -88000.96368801162, -85194.81393037009, -0.752, -0.294, 0.5760000000000001, 192.0, 0.0, 0.0, 0.0, 0.0, 0.0, 0.0, 0.0, 0.0, 0.0, 1.769680289933386E9, 0.0, 2026-01-29 15:21:29.933
175.0, 68141.17051853782, -102081.06512797656, 68263.43456070835, -162116.24140933054, -129042.78982195734, -87405.69202967788, -88001.99186825656, -85196.80323562662, -0.752, -0.294, 0.5760000000000001, 192.0, 0.0, 0.0, 0.0, 0.0, 0.0, 0.0, 0.0, 0.0, 0.0, 1.769680289933483E9, 0.0, 2026-01-29 15:21:29.933
176.0, 68297.27510181369, -115590.39242153078, 62915.198554420305, -176841.25773206446, -129052.2669616064, -87413.55984372615, -88004.67407759119, -85201.34063975104, -0.752, -0.294, 0.5760000000000001, 192.0, 0.0, 0.0, 0.0, 0.0, 0.0, 0.0, 0.0, 0.0, 0.0, 1.769680289933593E9, 0.0, 2026-01-29 15:21:29.933
177.0, 68382.3905446995, -121246.52370769069, 55083.61668391427, -182139.6940517061, -129058.83837447625, -87420.82416067412, -88008.89855729324, -85207.04033458715, -0.752, -0.294, 0.5760000000000001, 192.0, 0.0, 0.0, 0.0, 0.0, 0.0, 0.0, 0.0, 0.0, 0.0, 1.769680289991854E9, 0.0, 2026-01-29 15:21:29.991
178.0, 68284.75812491872, -112106.09073711524, 67072.57831961851, -171583.7474565205, -129052.35636858421, -87417.7843234282, -88008.33976368187, -85207.12974156496, -0.756, -0.294, 0.5700000000000001, 192.0, 232.0, 96.0, 246.0, 208.0, 17.0, 208.0, 0.0, 0.0, 0.0, 1.769680289992074E9, 0.0, 2026-01-29 15:21:29.992
179.0, 68123.8255648405, -99342.01530718987, 68251.63283963596, -158127.2373351142, -129041.5604760123, -87410.16237856894, -88004.94229852466, -85203.9110903634, -0.756, -0.294, 0.5700000000000001, 192.0, 0.0, 0.0, 0.0, 0.0, 0.0, 0.0, 0.0, 0.0, 0.0, 1.769680289992268E9, 0.0, 2026-01-29 15:21:29.992
180.0, 68140.27644875961, -102160.10089637052, 68261.62406940748, -162207.8835615973, -129042.36513881269, -87410.69882043586, -88004.33880142437, -85204.44753223033, -0.756, -0.294, 0.5700000000000001, 192.0, 0.0, 0.0, 0.0, 0.0, 0.0, 0.0, 0.0, 0.0, 0.0, 1.76968028999252E9, 0.0, 2026-01-29 15:21:29.992
181.0, 68294.92816864589, -115654.00548625058, 62792.26395991611, -176927.0660790284, -129050.34471158322, -87417.136122839, -88005.52344388049, -85207.44266598734, -0.756, -0.294, 0.5700000000000001, 192.0, 0.0, 0.0, 0.0, 0.0, 0.0, 0.0, 0.0, 0.0, 0.0, 1.769680289992711E9, 0.0, 2026-01-29 15:21:29.992
182.0, 68375.93089055191, -121229.60343713802, 55082.56615192487, -182134.82137141484, -129053.67512150707, -87421.27119556323, -88006.59632761436, -85209.9684131108, -0.756, -0.294, 0.5700000000000001, 192.0, 0.0, 0.0, 0.0, 0.0, 0.0, 0.0, 0.0, 0.0, 0.0, 1.769680289992851E9, 0.0, 2026-01-29 15:21:29.992
183.0, 68274.65513642492, -112046.97037303096, 67099.75804087616, -171532.56196171785, -129044.19798185801, -87415.12446583802, -88002.90828977923, -85207.01798284269, -0.756, -0.294, 0.5700000000000001, 192.0, 0.0, 0.0, 0.0, 0.0, 0.0, 0.0, 0.0, 0.0, 0.0, 1.769680289993019E9, 0.0, 2026-01-29 15:21:29.993
184.0, 68116.56124789253, -99334.48276930842, 68244.41322617688, -158128.66784675932, -129035.704318965, -87409.67064019092, -88001.76835081201, -85206.10156132001, -0.756, -0.294, 0.5700000000000001, 192.0, 0.0, 0.0, 0.0, 0.0, 0.0, 0.0, 0.0, 0.0, 0.0, 1.769680289993192E9, 0.0, 2026-01-29 15:21:29.993
185.0, 68137.14720453587, -102228.92191754842, 68258.27130773918, -162294.74244055062, -129039.81703994478, -87413.35867802605, -88004.38350491328, -85209.78959915515, -0.756, -0.294, 0.5700000000000001, 192.0, 0.0, 0.0, 0.0, 0.0, 0.0, 0.0, 0.0, 0.0, 0.0, 1.769680289993369E9, 0.0, 2026-01-29 15:21:29.993
186.0, 68292.7153459448, -115708.74490842164, 62768.19113113775, -176995.1718443837, -129048.5565720268, -87420.60064322957, -88006.23869970307, -85213.65645094591, -0.756, -0.294, 0.5700000000000001, 192.0, 0.0, 0.0, 0.0, 0.0, 0.0, 0.0, 0.0, 0.0, 0.0, 1.76968028999353E9, 0.0, 2026-01-29 15:21:29.993
187.0, 68374.63448937351, -121203.34013740304, 55168.17333318869, -182138.86703716125, -129053.60806627371, -87426.50150376577, -88009.1220747378, -85218.14915158143, -0.756, -0.294, 0.5700000000000001, 192.0, 0.0, 0.0, 0.0, 0.0, 0.0, 0.0, 0.0, 0.0, 0.0, 1.769680289993698E9, 0.0, 2026-01-29 15:21:29.993
188.0, 68276.39857249243, -111973.76840993982, 67131.96690463625, -171489.3783914302, -129047.61779875969, -87423.90870140895, -88009.1220747378, -85218.77500042618, -0.76, -0.292, 0.5760000000000001, 192.0, 232.0, 64.0, 246.0, 224.0, 18.0, 0.0, 0.0, 0.0, 0.0, 1.76968028999387E9, 0.0, 2026-01-29 15:21:29.993
189.0, 68117.85764907094, -99330.01242041736, 68245.75433084421, -158144.8281580005, -129038.34182481073, -87417.5831577281, -88007.13276948128, -85216.94215738085, -0.76, -0.292, 0.5760000000000001, 192.0, 0.0, 0.0, 0.0, 0.0, 0.0, 0.0, 0.0, 0.0, 0.0, 1.769680289994047E9, 0.0, 2026-01-29 15:21:29.994
190.0, 68137.14720453587, -102309.00821793178, 68257.84662459453, -162370.04546762057, -129040.24172308944, -87419.14777983997, -88007.51274913702, -85218.57383472608, -0.76, -0.292, 0.5760000000000001, 192.0, 0.0, 0.0, 0.0, 0.0, 0.0, 0.0, 0.0, 0.0, 0.0, 1.7696802899942E9, 0.0, 2026-01-29 15:21:29.994
191.0, 68293.7658779342, -115779.1752552003, 62793.51565760561, -177067.9491243302, -129050.34471158322, -87427.70849796635, -88010.73140033858, -85223.60297722853, -0.76, -0.292, 0.5760000000000001, 192.0, 0.0, 0.0, 0.0, 0.0, 0.0, 0.0, 0.0, 0.0, 0.0, 1.769680289994375E9, 0.0, 2026-01-29 15:21:29.994
192.0, 68372.13109399451, -121191.69487854182, 55378.30208281304, -182128.78640041192, -129052.64694126212, -87430.90479742347, -88010.86551080532, -85225.23465457377, -0.76, -0.292, 0.5760000000000001, 192.0, 0.0, 0.0, 0.0, 0.0, 0.0, 0.0, 0.0, 0.0, 0.0, 1.76968029005229E9, 0.0, 2026-01-29 15:21:30.052
193.0, 68272.12938930147, -111910.6694353425, 67171.66360278889, -171431.48737329096, -129045.42732780306, -87427.0826491216, -88009.56910962691, -85224.60880572902, -0.76, -0.292, 0.5760000000000001, 192.0, 0.0, 0.0, 0.0, 0.0, 0.0, 0.0, 0.0, 0.0, 0.0, 1.769680290052536E9, 0.0, 2026-01-29 15:21:30.052
194.0, 68111.71091934573, -99325.47501629294, 68239.5628976301, -158146.03515220108, -129033.69266196403, -87418.32076529512, -88004.89759503576, -85220.18316032687, -0.76, -0.292, 0.5760000000000001, 192.0, 0.0, 0.0, 0.0, 0.0, 0.0, 0.0, 0.0, 0.0, 0.0, 1.769680290052705E9, 0.0, 2026-01-29 15:21:30.052
195.0, 68133.32505623401, -102388.9157043595, 68253.15275825892, -162460.86060534246, -129037.00072014342, -87421.29354730768, -88006.73043808108, -85222.99948012823, -0.76, -0.292, 0.5760000000000001, 192.0, 0.0, 0.0, 0.0, 0.0, 0.0, 0.0, 0.0, 0.0, 0.0, 1.76968029005293E9, 0.0, 2026-01-29 15:21:30.052
196.0, 68292.00009012224, -115846.9904478777, 62724.269953283074, -177153.13162244938, -129049.1600691271, -87431.95532941286, -88012.16191198373, -85230.15203835393, -0.76, -0.292, 0.5760000000000001, 192.0, 0.0, 0.0, 0.0, 0.0, 0.0, 0.0, 0.0, 0.0, 0.0, 1.769680290053109E9, 0.0, 2026-01-29 15:21:30.053
197.0, 68371.50524514976, -121168.6502300084, 55491.580723712534, -182121.16445555264, -129053.74217674044, -87437.47621029333, -88014.71001085163, -85234.17535235589, -0.76, -0.292, 0.5760000000000001, 192.0, 0.0, 0.0, 0.0, 0.0, 0.0, 0.0, 0.0, 0.0, 0.0, 1.76968029005328E9, 0.0, 2026-01-29 15:21:30.053
198.0, 68272.48701721276, -111837.4451205069, 67216.34473995504, -171363.0463317688, -129048.713034238, -87435.86688469254, -88015.60408062984, -85235.78467795666, -0.758, -0.296, 0.5760000000000001, 192.0, 232.0, 80.0, 246.0, 192.0, 18.0, 0.0, 0.0, 0.0, 0.0, 1.769680290053465E9, 0.0, 2026-01-29 15:21:30.053
199.0, 68115.98010253669, -99307.10188235067, 68243.85443256551, -158126.00798916913, -129040.39818530063, -87430.6812799789, -88014.50884515153, -85234.868256434, -0.758, -0.296, 0.5760000000000001, 192.0, 0.0, 0.0, 0.0, 0.0, 0.0, 0.0, 0.0, 0.0, 0.0, 1.769680290053639E9, 0.0, 2026-01-29 15:21:30.053
200.0, 68135.47082370172, -102458.92136799352, 68254.76208385969, -162540.65633304793, -129040.84522018973, -87430.72598346783, -88013.43596141768, -85234.82355294509, -0.758, -0.296, 0.5760000000000001, 192.0, 0.0, 0.0, 0.0, 0.0, 0.0, 0.0, 0.0, 0.0, 0.0, 1.76968029005381E9, 0.0, 2026-01-29 15:21:30.053
201.0, 68294.07880235658, -115904.97087299477, 62692.75399360109, -177222.6902511943, -129052.9151621956, -87441.23130336181, -88018.68862136468, -85241.86435244851, -0.758, -0.296, 0.5760000000000001, 192.0, 0.0, 0.0, 0.0, 0.0, 0.0, 0.0, 0.0, 0.0, 0.0, 1.769680290053979E9, 0.0, 2026-01-29 15:21:30.053
202.0, 68375.2379864738, -121149.94181989931, 55582.77584109019, -182119.9351096076, -129060.1124239102, -87449.36733834355, -88023.8742260783, -85248.48046880728, -0.758, -0.296, 0.5760000000000001, 192.0, 0.0, 0.0, 0.0, 0.0, 0.0, 0.0, 0.0, 0.0, 0.0, 1.769680290054163E9, 0.0, 2026-01-29 15:21:30.054
203.0, 68274.83395038056, -111781.34224192408, 67249.76059791572, -171311.7937817328, -129054.14450814063, -87446.7968877312, -88023.94128131167, -85248.94985544085, -0.758, -0.296, 0.5760000000000001, 192.0, 0.0, 0.0, 0.0, 0.0, 0.0, 0.0, 0.0, 0.0, 0.0, 1.769680290054349E9, 0.0, 2026-01-29 15:21:30.054
204.0, 68115.28719845858, -99317.78601620032, 68243.1615284874, -158133.6299340284, -129042.4545457905, -87438.10205913807, -88019.38152544279, -85244.68067224987, -0.758, -0.296, 0.5760000000000001, 192.0, 0.0, 0.0, 0.0, 0.0, 0.0, 0.0, 0.0, 0.0, 0.0, 1.769680290054551E9, 0.0, 2026-01-29 15:21:30.054
205.0, 68137.59423942497, -102548.73067721495, 68256.37140946048, -162618.10512758556, -129044.86853419169, -87440.1360678835, -88020.23089173209, -85246.60292227304, -0.758, -0.296, 0.5760000000000001, 192.0, 0.0, 0.0, 0.0, 0.0, 0.0, 0.0, 0.0, 0.0, 0.0, 1.769680290054726E9, 0.0, 2026-01-29 15:21:30.054
206.0, 68295.03992736815, -115981.54794949865, 62682.248673707094, -177294.3946474069, -129055.77618548587, -87449.45674532137, -88024.32126096741, -85252.50378280923, -0.758, -0.296, 0.5760000000000001, 192.0, 0.0, 0.0, 0.0, 0.0, 0.0, 0.0, 0.0, 0.0, 0.0, 1.769680290054906E9, 0.0, 2026-01-29 15:21:30.054
207.0, 68372.39931492798, -121138.69889243829, 55712.1030345086, -182109.25097575795, -129059.91125821011, -87454.30707386817, -88026.3329179684, -85256.08006192208, -0.758, -0.296, 0.5760000000000001, 192.0, 0.0, 0.0, 0.0, 0.0, 0.0, 0.0, 0.0, 0.0, 0.0, 1.769680290112467E9, 0.0, 2026-01-29 15:21:30.112
208.0, 68273.04581082414, -111719.85259292753, 67281.90240644246, -171248.40423445753, -129055.4632610635, -87453.14478315649, -88027.91989182471, -85258.24818113426, -0.758, -0.294, 0.5720000000000001, 192.0, 232.0, 80.0, 246.0, 208.0, 17.0, 224.0, 0.0, 0.0, 0.0, 1.769680290112663E9, 0.0, 2026-01-29 15:21:30.112
209.0, 68117.56707639302, -99327.55372852729, 68245.41905467738, -158136.5803642965, -129046.94724642602, -87447.55684704267, -88026.53408366849, -85257.06353867812, -0.758, -0.294, 0.5720000000000001, 192.0, 0.0, 0.0, 0.0, 0.0, 0.0, 0.0, 0.0, 0.0, 0.0, 1.76968029011285E9, 0.0, 2026-01-29 15:21:30.112
210.0, 68138.9353440923, -102642.78681788288, 68256.97490656078, -162707.1544774955, -129047.08135689276, -87447.42273657593, -88025.19297900116, -85256.77296600021, -0.758, -0.294, 0.5720000000000001, 192.0, 0.0, 0.0, 0.0, 0.0, 0.0, 0.0, 0.0, 0.0, 0.0, 1.769680290113074E9, 0.0, 2026-01-29 15:21:30.113
211.0, 68297.00688088023, -116056.82862482413, 62678.06889749395, -177381.45469206033, -129058.6148570317, -87457.48102158082, -88029.90919708124, -85263.43378584788, -0.758, -0.294, 0.5720000000000001, 192.0, 0.0, 0.0, 0.0, 0.0, 0.0, 0.0, 0.0, 0.0, 0.0, 1.769680290113261E9, 0.0, 2026-01-29 15:21:30.113
212.0, 68371.99698352779, -121118.5376189396, 55949.52326411287, -182101.65138264315, -129061.29706636633, -87461.03494894922, -88030.5797494149, -85265.6242568045, -0.758, -0.294, 0.5720000000000001, 192.0, 0.0, 0.0, 0.0, 0.0, 0.0, 0.0, 0.0, 0.0, 0.0, 1.769680290113462E9, 0.0, 2026-01-29 15:21:30.113
213.0, 68270.14008404495, -111669.40470569191, 67331.45622389988, -171198.40338211102, -129055.28444710786, -87458.28568438122, -88030.60210115935, -85266.25010564925, -0.758, -0.294, 0.5720000000000001, 192.0, 0.0, 0.0, 0.0, 0.0, 0.0, 0.0, 0.0, 0.0, 0.0, 1.769680290113643E9, 0.0, 2026-01-29 15:21:30.113
214.0, 68114.77310833611, -99356.9015689971, 68242.73684534275, -158155.26642266114, -129046.38845281464, -87452.22836163382, -88028.74690636956, -85264.55137307064, -0.758, -0.294, 0.5720000000000001, 192.0, 0.0, 0.0, 0.0, 0.0, 0.0, 0.0, 0.0, 0.0, 0.0, 1.769680290113811E9, 0.0, 2026-01-29 15:21:30.113
215.0, 68139.91882084832, -102748.48821741203, 68257.37723796097, -162815.49338287037, -129049.5624005273, -87455.04468143519, -88030.22212150361, -85267.14417542746, -0.758, -0.294, 0.5720000000000001, 192.0, 0.0, 0.0, 0.0, 0.0, 0.0, 0.0, 0.0, 0.0, 0.0, 1.76968029011399E9, 0.0, 2026-01-29 15:21:30.113
216.0, 68296.3139768021, -116114.22790458536, 62647.60346980137, -177453.87434409553, -129059.41951983208, -87463.42658560594, -88033.35136572736, -85272.06155920764, -0.758, -0.294, 0.5720000000000001, 192.0, 0.0, 0.0, 0.0, 0.0, 0.0, 0.0, 0.0, 0.0, 0.0, 1.769680290114151E9, 0.0, 2026-01-29 15:21:30.114
217.0, 68374.67919286242, -121085.56879586802, 56016.0197038674, -182101.8749000877, -129066.32620886878, -87471.16028918748, -88038.31345299643, -85278.52121335521, -0.758, -0.294, 0.5720000000000001, 192.0, 0.0, 0.0, 0.0, 0.0, 0.0, 0.0, 0.0, 0.0, 0.0, 1.769680290114324E9, 0.0, 2026-01-29 15:21:30.114
218.0, 68272.64347942395, -111599.60020775798, 67355.28318348923, -171147.12848033055, -129060.29123786584, -87468.43337636393, -88038.24639776307, -85279.16941394442, -0.754, -0.29, 0.5700000000000001, 192.0, 232.0, 112.0, 246.0, 240.0, 17.0, 208.0, 0.0, 0.0, 0.0, 1.769680290114515E9, 0.0, 2026-01-29 15:21:30.114
219.0, 68115.35425369194, -99377.06284249578, 68243.2062319763, -158172.36550716942, -129048.35540632671, -87459.47032683734, -88033.30666223845, -85274.54260284216, -0.754, -0.29, 0.5700000000000001, 192.0, 0.0, 0.0, 0.0, 0.0, 0.0, 0.0, 0.0, 0.0, 0.0, 1.76968029011471E9, 0.0, 2026-01-29 15:21:30.114
220.0, 68138.9353440923, -102858.5258553655, 68255.47733968227, -162914.73512825192, -129048.86949644919, -87459.64914079299, -88032.16672327122, -85274.49789935326, -0.754, -0.29, 0.5700000000000001, 192.0, 0.0, 0.0, 0.0, 0.0, 0.0, 0.0, 0.0, 0.0, 0.0, 1.769680290114883E9, 0.0, 2026-01-29 15:21:30.114
221.0, 68295.53166574618, -116194.67183288, 62592.43936448567, -177544.01892948378, -129059.21835413198, -87468.38867287501, -88035.72065063962, -85279.81761453362, -0.754, -0.29, 0.5700000000000001, 192.0, 0.0, 0.0, 0.0, 0.0, 0.0, 0.0, 0.0, 0.0, 0.0, 1.769680290115054E9, 0.0, 2026-01-29 15:21:30.115
222.0, 68369.5382916377, -121067.59799332595, 56079.811582542854, -182095.95168780707, -129062.77228150038, -87472.81431827716, -88037.39703147377, -85282.81274829063, -0.754, -0.29, 0.5700000000000001, 192.0, 0.0, 0.0, 0.0, 0.0, 0.0, 0.0, 0.0, 0.0, 0.0, 1.769680290172741E9, 0.0, 2026-01-29 15:21:30.172
223.0, 68267.92726134387, -111539.29520121757, 67379.42306750096, -171077.83807251908, -129057.98900818695, -87471.2496961653, -88038.60402567436, -85284.55618435815, -0.754, -0.29, 0.5700000000000001, 192.0, 0.0, 0.0, 0.0, 0.0, 0.0, 0.0, 0.0, 0.0, 0.0, 1.769680290172951E9, 0.0, 2026-01-29 15:21:30.172
224.0, 68114.48253565819, -99400.48747068495, 68242.37921743146, -158168.36454491195, -129049.54004878284, -87465.81822226265, -88037.15116228476, -85283.43859713538, -0.754, -0.29, 0.5700000000000001, 192.0, 0.0, 0.0, 0.0, 0.0, 0.0, 0.0, 0.0, 0.0, 0.0, 1.769680290173131E9, 0.0, 2026-01-29 15:21:30.173
225.0, 68142.69043716078, -102959.04165018103, 68258.00308680572, -163001.41519324962, -129053.65276976262, -87469.66272230896, -88039.58750243038, -85287.10428322606, -0.754, -0.29, 0.5700000000000001, 192.0, 0.0, 0.0, 0.0, 0.0, 0.0, 0.0, 0.0, 0.0, 0.0, 1.769680290173366E9, 0.0, 2026-01-29 15:21:30.173
226.0, 68300.18082859289, -116262.97876393543, 62556.25189021253, -177630.0284421478, -129065.09686292373, -87479.60924859157, -88044.21431353263, -85293.630992607, -0.754, -0.29, 0.5700000000000001, 192.0, 0.0, 0.0, 0.0, 0.0, 0.0, 0.0, 0.0, 0.0, 0.0, 1.769680290173573E9, 0.0, 2026-01-29 15:21:30.173
227.0, 68371.99698352779, -121031.67873998628, 56260.70425041965, -182079.85843179925, -129067.60025830273, -87483.11847247106, -88044.90721761074, -85295.79911181917, -0.754, -0.29, 0.5700000000000001, 192.0, 0.0, 0.0, 0.0, 0.0, 0.0, 0.0, 0.0, 0.0, 0.0, 1.769680290173768E9, 0.0, 2026-01-29 15:21:30.173
228.0, 68265.66973515389, -111472.77640971857, 67419.54444879823, -171007.00539434023, -129058.95013319852, -87477.93286775742, -88042.53793269848, -85293.85451005156, -0.758, -0.29, 0.5740000000000001, 192.0, 232.0, 80.0, 246.0, 240.0, 17.0, 240.0, 0.0, 0.0, 0.0, 1.769680290173963E9, 0.0, 2026-01-29 15:21:30.173
229.0, 68114.39312868037, -99424.24737504094, 68242.24510696472, -158157.94863199577, -129052.04344416184, -87473.95425724439, -88042.51558095403, -85294.30154494067, -0.758, -0.29, 0.5740000000000001, 192.0, 0.0, 0.0, 0.0, 0.0, 0.0, 0.0, 0.0, 0.0, 0.0, 1.769680290174159E9, 0.0, 2026-01-29 15:21:30.174
230.0, 68143.85272787247, -103069.99570965716, 68258.11484552799, -163091.85035131578, -129056.80436573082, -87478.29049566871, -88045.46601122213, -85298.39191417598, -0.758, -0.29, 0.5740000000000001, 192.0, 0.0, 0.0, 0.0, 0.0, 0.0, 0.0, 0.0, 0.0, 0.0, 1.769680290174336E9, 0.0, 2026-01-29 15:21:30.174
231.0, 68299.28675881466, -116321.56268615279, 62534.8612707688, -177703.0515912833, -129066.59442980224, -87486.4488823949, -88048.43879323469, -85303.1304840005, -0.758, -0.29, 0.5740000000000001, 192.0, 0.0, 0.0, 0.0, 0.0, 0.0, 0.0, 0.0, 0.0, 0.0, 1.769680290174523E9, 0.0, 2026-01-29 15:21:30.174
232.0, 68371.32643119412, -120986.66232665328, 56426.777711722585, -182067.3191031598, -129070.52833682638, -87491.20980396388, -88050.5845607024, -85306.46089392435, -0.758, -0.29, 0.5740000000000001, 192.0, 0.0, 0.0, 0.0, 0.0, 0.0, 0.0, 0.0, 0.0, 0.0, 1.769680290174717E9, 0.0, 2026-01-29 15:21:30.174
233.0, 68267.6143369215, -111400.51321989456, 67461.83394930768, -170946.3874633774, -129064.73923501244, -87488.90757428498, -88051.09865082488, -85307.4890741693, -0.758, -0.29, 0.5740000000000001, 192.0, 0.0, 0.0, 0.0, 0.0, 0.0, 0.0, 0.0, 0.0, 0.0, 1.769680290174912E9, 0.0, 2026-01-29 15:21:30.174
234.0, 68116.2259717257, -99452.723497477, 68244.03324652115, -158164.56474835455, -129056.78201398636, -87483.87843178255, -88050.09282232438, -85306.90792881345, -0.758, -0.29, 0.5740000000000001, 192.0, 0.0, 0.0, 0.0, 0.0, 0.0, 0.0, 0.0, 0.0, 0.0, 1.769680290175103E9, 0.0, 2026-01-29 15:21:30.175
235.0, 68144.88090811741, -103188.54936224812, 68258.5618804171, -163183.69366928266, -129059.73244425446, -87486.31477192817, -88051.09865082488, -85309.09839977007, -0.758, -0.29, 0.5740000000000001, 192.0, 0.0, 0.0, 0.0, 0.0, 0.0, 0.0, 0.0, 0.0, 0.0, 1.769680290175277E9, 0.0, 2026-01-29 15:21:30.175
236.0, 68301.0748983711, -116397.06687892281, 62561.661012370714, -177783.67433353356, -129070.28246763737, -87495.34487668812, -88054.89844738228, -85314.73103937281, -0.758, -0.29, 0.5740000000000001, 192.0, 0.0, 0.0, 0.0, 0.0, 0.0, 0.0, 0.0, 0.0, 0.0, 1.769680290175469E9, 0.0, 2026-01-29 15:21:30.175
237.0, 68369.22536721533, -120955.50399488259, 56627.36226646451, -182062.69229205756, -129071.28829613785, -87497.33418194464, -88054.16083981525, -85315.42394345092, -0.758, -0.29, 0.5740000000000001, 192.0, 0.0, 0.0, 0.0, 0.0, 0.0, 0.0, 0.0, 0.0, 0.0, 1.769680290233081E9, 0.0, 2026-01-29 15:21:30.233
238.0, 68263.4569124528, -111328.56295449293, 67495.65213866856, -170869.40805547335, -129064.20279314552, -87493.64614410952, -88053.31147352594, -85314.97690856182, -0.75, -0.292, 0.5660000000000001, 192.0, 232.0, 144.0, 246.0, 224.0, 17.0, 176.0, 0.0, 0.0, 0.0, 1.769680290233283E9, 0.0, 2026-01-29 15:21:30.233
239.0, 68112.15795423483, -99481.22197165752, 68240.0546360081, -158151.80190227056, -129055.6644267636, -87487.87939404004, -88051.6350926918, -85313.54639691667, -0.75, -0.292, 0.5660000000000001, 192.0, 0.0, 0.0, 0.0, 0.0, 0.0, 0.0, 0.0, 0.0, 0.0, 1.769680290233483E9, 0.0, 2026-01-29 15:21:30.233
240.0, 68144.00919008366, -103299.97280835782, 68256.55022341612, -163257.7226469186, -129060.58181054376, -87492.37209467556, -88054.6302264488, -85317.65911789646, -0.75, -0.292, 0.5660000000000001, 192.0, 0.0, 0.0, 0.0, 0.0, 0.0, 0.0, 0.0, 0.0, 0.0, 1.769680290233725E9, 0.0, 2026-01-29 15:21:30.233
241.0, 68302.8183344386, -116482.18232180862, 62500.08195639634, -177869.28151479742, -129073.8140432613, -87504.01735353678, -88061.06752885194, -85325.79515287819, -0.75, -0.292, 0.5660000000000001, 192.0, 0.0, 0.0, 0.0, 0.0, 0.0, 0.0, 0.0, 0.0, 0.0, 1.769680290233924E9, 0.0, 2026-01-29 15:21:30.233
242.0, 68372.13109399451, -120941.69061680921, 56695.95977019784, -182066.93912350407, -129076.7197700405, -87507.92890881645, -88062.29687479697, -85328.56676919064, -0.75, -0.292, 0.5660000000000001, 192.0, 0.0, 0.0, 0.0, 0.0, 0.0, 0.0, 0.0, 0.0, 0.0, 1.769680290234107E9, 0.0, 2026-01-29 15:21:30.234
243.0, 68264.75331363121, -111268.12383748578, 67521.24488606988, -170812.0087757121, -129068.5613833143, -87503.36915294758, -88060.44168000719, -85327.27036801224, -0.75, -0.292, 0.5660000000000001, 192.0, 0.0, 0.0, 0.0, 0.0, 0.0, 0.0, 0.0, 0.0, 0.0, 1.769680290234301E9, 0.0, 2026-01-29 15:21:30.234
244.0, 68113.34259669097, -99480.39495711267, 68241.28398195315, -158127.99729442564, -129059.08424366526, -87496.86479531108, -88057.91593288374, -85324.92343484443, -0.75, -0.292, 0.5660000000000001, 192.0, 0.0, 0.0, 0.0, 0.0, 0.0, 0.0, 0.0, 0.0, 0.0, 1.769680290234489E9, 0.0, 2026-01-29 15:21:30.234
245.0, 68143.80802438356, -103394.31952170367, 68253.80095884812, -163348.58248812944, -129061.18530764406, -87498.47412091185, -88057.9829881171, -85326.26453951176, -0.75, -0.292, 0.5660000000000001, 192.0, 0.0, 0.0, 0.0, 0.0, 0.0, 0.0, 0.0, 0.0, 0.0, 1.76968029023467E9, 0.0, 2026-01-29 15:21:30.234
246.0, 68301.7678024492, -116569.08590425085, 62240.55585152577, -177991.54555696793, -129072.69645603854, -87508.3535919611, -88062.52039224152, -85332.72419365933, -0.75, -0.292, 0.5660000000000001, 192.0, 0.0, 0.0, 0.0, 0.0, 0.0, 0.0, 0.0, 0.0, 0.0, 1.76968029023485E9, 0.0, 2026-01-29 15:21:30.234
247.0, 68372.22050097234, -120930.06770969245, 56420.65333374183, -182107.3957809682, -129076.98799097395, -87513.7627141193, -88065.18024983171, -85336.76985940574, -0.75, -0.292, 0.5660000000000001, 192.0, 0.0, 0.0, 0.0, 0.0, 0.0, 0.0, 0.0, 0.0, 0.0, 1.769680290235044E9, 0.0, 2026-01-29 15:21:30.235
248.0, 68265.5579764316, -111186.85289464628, 67517.86977265713, -170753.1566325613, -129070.34952287073, -87510.54406291772, -88064.86732540934, -85336.9933768503, -0.766, -0.296, 0.5740000000000001, 192.0, 232.0, 16.0, 246.0, 192.0, 17.0, 240.0, 0.0, 0.0, 0.0, 1.769680290235244E9, 0.0, 2026-01-29 15:21:30.235
249.0, 68115.10838450294, -99474.00235819846, 68243.09447325402, -158101.5104772461, -129061.11825241068, -87504.08440877014, -88062.54274398599, -85335.02642333823, -0.766, -0.296, 0.5740000000000001, 192.0, 0.0, 0.0, 0.0, 0.0, 0.0, 0.0, 0.0, 0.0, 0.0, 1.769680290235449E9, 0.0, 2026-01-29 15:21:30.235
250.0, 68145.57381219552, -103504.91595326853, 68253.01864779218, -163441.23046889668, -129062.12408091118, -87504.48674017034, -88061.44750850767, -85335.1381820605, -0.766, -0.296, 0.5740000000000001, 192.0, 0.0, 0.0, 0.0, 0.0, 0.0, 0.0, 0.0, 0.0, 0.0, 1.769680290235618E9, 0.0, 2026-01-29 15:21:30.235
251.0, 68301.94661640485, -116663.16439666324, 62070.14615179851, -178105.047715312, -129071.84708974924, -87512.80158910771, -88064.37558703132, -85339.85440014058, -0.766, -0.296, 0.5740000000000001, 192.0, 0.0, 0.0, 0.0, 0.0, 0.0, 0.0, 0.0, 0.0, 0.0, 1.769680290235801E9, 0.0, 2026-01-29 15:21:30.235
252.0, 68371.61700387204, -120916.76842174154, 56330.44169312021, -182132.36267952475, -129076.5633078293, -87518.36717347708, -88067.37072078833, -85344.32474903164, -0.766, -0.296, 0.5740000000000001, 192.0, 0.0, 0.0, 0.0, 0.0, 0.0, 0.0, 0.0, 0.0, 0.0, 1.769680290293369E9, 0.0, 2026-01-29 15:21:30.293
253.0, 68262.4063804634, -111080.3691840612, 67527.27985707282, -170639.36390153933, -129068.51667982539, -87513.87447284156, -88065.7390434431, -85343.31892053115, -0.766, -0.296, 0.5740000000000001, 192.0, 0.0, 0.0, 0.0, 0.0, 0.0, 0.0, 0.0, 0.0, 0.0, 1.769680290293489E9, 0.0, 2026-01-29 15:21:30.293
254.0, 68110.81684956752, -99412.06567431279, 68238.71353134079, -157982.26392057704, -129058.57015354278, -87506.8560250826, -88062.72155794162, -85340.50260072979, -0.766, -0.296, 0.5740000000000001, 192.0, 0.0, 0.0, 0.0, 0.0, 0.0, 0.0, 0.0, 0.0, 0.0, 1.769680290293573E9, 0.0, 2026-01-29 15:21:30.293
255.0, 68147.18313779631, -103574.67574771354, 68252.59396464753, -163464.49863487468, -129064.04633093433, -87511.9075193295, -88066.1860783322, -85345.15176357649, -0.766, -0.296, 0.5740000000000001, 192.0, 0.0, 0.0, 0.0, 0.0, 0.0, 0.0, 0.0, 0.0, 0.0, 1.769680290293698E9, 0.0, 2026-01-29 15:21:30.293
0.0, 68305.36643330651, -116745.68703719224, 61952.66538294141, -178213.05134452003, -129075.42336886209, -87521.74228688983, -88070.67877896772, -85351.5443624907, -0.766, -0.296, 0.5740000000000001, 192.0, 0.0, 0.0, 0.0, 0.0, 0.0, 0.0, 0.0, 0.0, 0.0, 1.769680290293834E9, 0.0, 2026-01-29 15:21:30.293
1.0, 68371.37113468304, -120895.24369183109, 56295.79648921448, -182162.67164500614, -129077.5691363298, -87524.84917936912, -88071.21522083465, -85353.46661251386, -0.766, -0.296, 0.5740000000000001, 192.0, 0.0, 0.0, 0.0, 0.0, 0.0, 0.0, 0.0, 0.0, 0.0, 1.769680290293957E9, 0.0, 2026-01-29 15:21:30.293
2.0, 68260.99822056273, -110989.35288063918, 67540.2438688569, -170556.6177435658, -129069.99189495944, -87520.66940315597, -88069.96352314515, -85352.68430145792, -0.758, -0.298, 0.5640000000000001, 192.0, 232.0, 80.0, 246.0, 176.0, 17.0, 160.0, 0.0, 0.0, 0.0, 1.769680290294057E9, 0.0, 2026-01-29 15:21:30.294
3.0, 68110.41451816732, -99380.68382509754, 68238.28884819614, -157898.9142655032, -129060.91708671059, -87514.36621121957, -88067.77305218852, -85350.60558922357, -0.758, -0.298, 0.5640000000000001, 192.0, 0.0, 0.0, 0.0, 0.0, 0.0, 0.0, 0.0, 0.0, 0.0, 1.769680290294147E9, 0.0, 2026-01-29 15:21:30.294
4.0, 68147.80898664106, -103664.39564995715, 68249.62118263498, -163510.83380113053, -129066.10269142422, -87519.01537406628, -88070.90229641227, -85354.76301369227, -0.758, -0.298, 0.5640000000000001, 192.0, 0.0, 0.0, 0.0, 0.0, 0.0, 0.0, 0.0, 0.0, 0.0, 1.769680290294227E9, 0.0, 2026-01-29 15:21:30.294
5.0, 68307.10986937402, -116855.29999200106, 61712.02650213558, -178326.5535028641, -129077.90441249663, -87529.43128698246, -88075.81968019244, -85361.46853702886, -0.758, -0.298, 0.5640000000000001, 192.0, 0.0, 0.0, 0.0, 0.0, 0.0, 0.0, 0.0, 0.0, 0.0, 1.76968029029431E9, 0.0, 2026-01-29 15:21:30.294
6.0, 68373.65101261747, -120884.58190972591, 56172.4595633101, -182185.26925865046, -129081.6148020762, -87534.2592637848, -88077.87604068233, -85364.97776090834, -0.758, -0.298, 0.5640000000000001, 192.0, 0.0, 0.0, 0.0, 0.0, 0.0, 0.0, 0.0, 0.0, 0.0, 1.769680290294428E9, 0.0, 2026-01-29 15:21:30.294
7.0, 68263.88159559746, -110900.54939991825, 67562.46150284547, -170459.52176565194, -129075.87040375119, -87532.04644108373, -88078.70305522718, -85366.20710685338, -0.758, -0.298, 0.5640000000000001, 192.0, 0.0, 0.0, 0.0, 0.0, 0.0, 0.0, 0.0, 0.0, 0.0, 1.76968029029453E9, 0.0, 2026-01-29 15:21:30.294
8.0, 68113.09672750196, -99379.45447915251, 68241.0604645086, -157822.71716865507, -129065.94622921303, -87524.96093809139, -88075.61851449234, -85363.52489751874, -0.758, -0.298, 0.5640000000000001, 192.0, 0.0, 0.0, 0.0, 0.0, 0.0, 0.0, 0.0, 0.0, 0.0, 1.769680290294631E9, 0.0, 2026-01-29 15:21:30.294
9.0, 68149.50771921966, -103795.71214863207, 68246.58134538906, -163575.40799086192, -129068.91901122559, -87527.10670555911, -88076.33377031492, -85365.38009230854, -0.758, -0.298, 0.5640000000000001, 192.0, 0.0, 0.0, 0.0, 0.0, 0.0, 0.0, 0.0, 0.0, 0.0, 1.769680290294713E9, 0.0, 2026-01-29 15:21:30.294
10.0, 68310.01559615321, -116984.87305460848, 61364.8368555113, -178442.00026297575, -129081.12306369819, -87537.83554289765, -88081.65348549528, -85372.51029878978, -0.758, -0.298, 0.5640000000000001, 192.0, 0.0, 0.0, 0.0, 0.0, 0.0, 0.0, 0.0, 0.0, 0.0, 1.769680290294815E9, 0.0, 2026-01-29 15:21:30.294
11.0, 68377.47316091933, -120897.6353284878, 55771.60337824862, -182223.8036660914, -129086.55453760082, -87544.38460402306, -88085.60974426386, -85377.8523657146, -0.758, -0.298, 0.5640000000000001, 192.0, 0.0, 0.0, 0.0, 0.0, 0.0, 0.0, 0.0, 0.0, 0.0, 1.769680290353609E9, 0.0, 2026-01-29 15:21:30.353
12.0, 68264.08276129756, -110792.32225326565, 67546.85998521566, -170338.44236593752, -129078.53026134138, -87540.00366210981, -88084.06747389644, -85376.86888895856, -0.756, -0.298, 0.5740000000000001, 192.0, 232.0, 96.0, 246.0, 176.0, 17.0, 240.0, 0.0, 0.0, 0.0, 1.769680290353719E9, 0.0, 2026-01-29 15:21:30.353
13.0, 68112.09089900147, -99329.38657157261, 68240.0099325192, -157707.8292021548, -129067.39909260263, -87531.7558684058, -88079.79829070548, -85372.8455749566, -0.756, -0.298, 0.5740000000000001, 192.0, 0.0, 0.0, 0.0, 0.0, 0.0, 0.0, 0.0, 0.0, 0.0, 1.769680290353812E9, 0.0, 2026-01-29 15:21:30.353
14.0, 68150.44649248678, -103892.78577480148, 68241.2616302087, -163621.34082571755, -129070.34952287073, -87534.14750506253, -88080.42413955023, -85374.61136276858, -0.756, -0.298, 0.5740000000000001, 192.0, 0.0, 0.0, 0.0, 0.0, 0.0, 0.0, 0.0, 0.0, 0.0, 1.769680290353951E9, 0.0, 2026-01-29 15:21:30.353
15.0, 68309.74737521975, -117100.9903670538, 61033.2040230279, -178583.12917746656, -129080.74308404245, -87542.88703714455, -88083.84395645189, -85379.88637446004, -0.756, -0.298, 0.5740000000000001, 192.0, 0.0, 0.0, 0.0, 0.0, 0.0, 0.0, 0.0, 0.0, 0.0, 1.769680290354057E9, 0.0, 2026-01-29 15:21:30.354
16.0, 68373.22632947282, -120895.95894765365, 55463.97631931023, -182275.05621612744, -129082.91120325461, -87546.23979881285, -88084.58156401892, -85382.12154890556, -0.756, -0.298, 0.5740000000000001, 192.0, 0.0, 0.0, 0.0, 0.0, 0.0, 0.0, 0.0, 0.0, 0.0, 1.769680290354156E9, 0.0, 2026-01-29 15:21:30.354
17.0, 68261.28879324064, -110681.61406297852, 67538.32161883374, -170245.25794330335, -129077.72559854099, -87544.65282495652, -88086.01207566405, -85384.06615067317, -0.756, -0.298, 0.5740000000000001, 192.0, 0.0, 0.0, 0.0, 0.0, 0.0, 0.0, 0.0, 0.0, 0.0, 1.769680290354256E9, 0.0, 2026-01-29 15:21:30.354
18.0, 68111.48740190118, -99259.64912887206, 68239.607601119, -157617.1034714107, -129068.58373505877, -87538.52844697576, -88083.75454947408, -85382.12154890556, -0.756, -0.298, 0.5740000000000001, 192.0, 0.0, 0.0, 0.0, 0.0, 0.0, 0.0, 0.0, 0.0, 0.0, 1.769680290354337E9, 0.0, 2026-01-29 15:21:30.354
19.0, 68149.59712619748, -103976.2918920865, 68227.76117655769, -163702.5894168126, -129069.25428739242, -87538.68490918695, -88082.1899273622, -85381.62981052755, -0.756, -0.298, 0.5740000000000001, 192.0, 0.0, 0.0, 0.0, 0.0, 0.0, 0.0, 0.0, 0.0, 0.0, 1.769680290354427E9, 0.0, 2026-01-29 15:21:30.354
20.0, 68309.9261891754, -117261.54294747626, 60217.25359168692, -178789.81575844478, -129079.24551716394, -87546.99975812432, -88085.1403576303, -85386.41308384098, -0.756, -0.298, 0.5740000000000001, 192.0, 0.0, 0.0, 0.0, 0.0, 0.0, 0.0, 0.0, 0.0, 0.0, 1.769680290354508E9, 0.0, 2026-01-29 15:21:30.354
21.0, 68374.67919286242, -120952.97824775914, 54436.57838542204, -182370.67697890723, -129083.469996866, -87552.27476981578, -88087.91197394276, -85390.68226703195, -0.756, -0.298, 0.5740000000000001, 192.0, 0.0, 0.0, 0.0, 0.0, 0.0, 0.0, 0.0, 0.0, 0.0, 1.769680290354608E9, 0.0, 2026-01-29 15:21:30.354
22.0, 68258.45012169483, -110580.07008791807, 67473.65802212454, -170146.8208607222, -129076.22803166248, -87548.67613895847, -88087.37553207584, -85390.63756354303, -0.75, -0.298, 0.5720000000000001, 192.0, 232.0, 144.0, 246.0, 176.0, 17.0, 224.0, 0.0, 0.0, 0.0, 1.769680290354711E9, 0.0, 2026-01-29 15:21:30.354
23.0, 68108.64873035536, -99164.98949110383, 68236.54541212862, -157489.92204546, -129067.39909260263, -87542.79763016674, -88085.40857856376, -85389.11764492007, -0.75, -0.298, 0.5720000000000001, 192.0, 0.0, 0.0, 0.0, 0.0, 0.0, 0.0, 0.0, 0.0, 0.0, 1.769680290354834E9, 0.0, 2026-01-29 15:21:30.354
24.0, 68150.84882388698, -104065.1624280408, 68218.37344388646, -163784.21798756337, -129070.48363333747, -87545.03280461226, -88085.83326170842, -85390.74932226531, -0.75, -0.298, 0.5720000000000001, 192.0, 0.0, 0.0, 0.0, 0.0, 0.0, 0.0, 0.0, 0.0, 0.0, 1.769680290354919E9, 0.0, 2026-01-29 15:21:30.354
25.0, 68314.44124155537, -117402.29188231134, 59689.28303590811, -178957.83382151532, -129082.50887185441, -87555.49342101735, -88090.7953489775, -85397.56660432418, -0.75, -0.298, 0.5720000000000001, 192.0, 0.0, 0.0, 0.0, 0.0, 0.0, 0.0, 0.0, 0.0, 0.0, 1.769680290355025E9, 0.0, 2026-01-29 15:21:30.355
26.0, 68377.62962313052, -120969.29502121151, 53929.86433862023, -182433.08304942647, -129085.99574398945, -87560.14258386404, -88093.0975786564, -85401.0534764592, -0.75, -0.298, 0.5720000000000001, 192.0, 0.0, 0.0, 0.0, 0.0, 0.0, 0.0, 0.0, 0.0, 0.0, 1.769680290413971E9, 0.0, 2026-01-29 15:21:30.413
27.0, 68261.17703451838, -110498.55327588956, 67462.95153653044, -170077.5528046552, -129079.4690346085, -87557.23685708486, -88093.29874435649, -85401.70167704842, -0.75, -0.298, 0.5720000000000001, 192.0, 0.0, 0.0, 0.0, 0.0, 0.0, 0.0, 0.0, 0.0, 0.0, 1.769680290414084E9, 0.0, 2026-01-29 15:21:30.414
28.0, 68111.80032632356, -99153.0536595647, 68239.83111856355, -157468.08439112717, -129070.64009554865, -87551.35834829311, -88091.39884607779, -85399.84648225862, -0.75, -0.298, 0.5720000000000001, 192.0, 0.0, 0.0, 0.0, 0.0, 0.0, 0.0, 0.0, 0.0, 0.0, 1.769680290414168E9, 0.0, 2026-01-29 15:21:30.414
29.0, 68155.11800707794, -104154.32353667302, 68216.71941479677, -163872.417971184, -129073.6128775612, -87553.68292971647, -88091.75647398907, -85401.4558078594, -0.75, -0.298, 0.5720000000000001, 192.0, 0.0, 0.0, 0.0, 0.0, 0.0, 0.0, 0.0, 0.0, 0.0, 1.769680290414327E9, 0.0, 2026-01-29 15:21:30.414
30.0, 68318.73277649078, -117478.48897915948, 59489.12316431083, -179072.0735874264, -129085.63811607816, -87563.98708391037, -88096.76326474706, -85408.29544166273, -0.75, -0.298, 0.5720000000000001, 192.0, 0.0, 0.0, 0.0, 0.0, 0.0, 0.0, 0.0, 0.0, 0.0, 1.769680290414423E9, 0.0, 2026-01-29 15:21:30.414
31.0, 68380.93768130991, -120933.3981196163, 53864.15020992163, -182451.34442464644, -129089.28145042437, -87568.79270896825, -88098.97608744814, -85411.91642426449, -0.75, -0.298, 0.5720000000000001, 192.0, 0.0, 0.0, 0.0, 0.0, 0.0, 0.0, 0.0, 0.0, 0.0, 1.769680290414562E9, 0.0, 2026-01-29 15:21:30.414
32.0, 68260.79705486263, -110401.94903635372, 67474.61914713611, -170011.99513816775, -129079.89371775315, -87563.16006936552, -88096.53974730251, -85409.72595330786, -0.75, -0.298, 0.5720000000000001, 192.0, 0.0, 0.0, 0.0, 0.0, 0.0, 0.0, 0.0, 0.0, 0.0, 1.769680290414647E9, 0.0, 2026-01-29 15:21:30.414
33.0, 68113.94609379127, -99141.07312453666, 68241.82042382007, -157457.40025727754, -129072.69645603854, -87558.98029315237, -88096.27152636905, -85409.74830505233, -0.752, -0.296, 0.5700000000000001, 192.0, 232.0, 128.0, 246.0, 192.0, 17.0, 208.0, 0.0, 0.0, 0.0, 1.769680290414755E9, 0.0, 2026-01-29 15:21:30.414
34.0, 68161.06357110305, -104253.72174426577, 68214.97597872926, -163974.38662938913, -129077.7703020299, -87563.38358681007, -88098.77492174805, -85413.54810160972, -0.752, -0.296, 0.5700000000000001, 192.0, 0.0, 0.0, 0.0, 0.0, 0.0, 0.0, 0.0, 0.0, 0.0, 1.769680290414846E9, 0.0, 2026-01-29 15:21:30.414
35.0, 68320.87854395849, -117557.63650627572, 59219.494070946464, -179175.13748110982, -129086.15220620063, -87570.0667584022, -88100.048971182, -85416.67734583346, -0.752, -0.296, 0.5700000000000001, 192.0, 0.0, 0.0, 0.0, 0.0, 0.0, 0.0, 0.0, 0.0, 0.0, 1.769680290414928E9, 0.0, 2026-01-29 15:21:30.414
36.0, 68381.04944003218, -120889.45459001717, 53750.89392076659, -182445.68943329924, -129088.968526002, -87574.04536891525, -88101.56888980496, -85419.67247959047, -0.752, -0.296, 0.5700000000000001, 192.0, 0.0, 0.0, 0.0, 0.0, 0.0, 0.0, 0.0, 0.0, 0.0, 1.769680290415034E9, 0.0, 2026-01-29 15:21:30.415
37.0, 68262.4063804634, -110282.21074130664, 67496.36739449113, -169914.2062561758, -129082.4194648766, -87571.0725869027, -88101.79240724951, -85420.34303192415, -0.752, -0.296, 0.5700000000000001, 192.0, 0.0, 0.0, 0.0, 0.0, 0.0, 0.0, 0.0, 0.0, 0.0, 1.769680290415138E9, 0.0, 2026-01-29 15:21:30.415
38.0, 68115.55541939204, -99103.09751070708, 68243.4073976764, -157409.47811716536, -129074.77516827288, -87566.2669618448, -88101.0995031714, -85419.80659005721, -0.752, -0.296, 0.5700000000000001, 192.0, 0.0, 0.0, 0.0, 0.0, 0.0, 0.0, 0.0, 0.0, 0.0, 1.769680290415247E9, 0.0, 2026-01-29 15:21:30.415
39.0, 68162.76230368165, -104356.36095480454, 68205.2976733801, -164084.06663943132, -129078.77613053039, -87569.37385432409, -88102.32884911643, -85422.19822671392, -0.752, -0.296, 0.5700000000000001, 192.0, 0.0, 0.0, 0.0, 0.0, 0.0, 0.0, 0.0, 0.0, 0.0, 1.769680290415328E9, 0.0, 2026-01-29 15:21:30.415
40.0, 68325.34889284955, -117668.67997272969, 58706.96857058628, -179328.4704480732, -129088.87911902418, -87577.88986896156, -88105.36868636236, -85427.20501747192, -0.752, -0.296, 0.5700000000000001, 192.0, 0.0, 0.0, 0.0, 0.0, 0.0, 0.0, 0.0, 0.0, 0.0, 1.769680290415445E9, 0.0, 2026-01-29 15:21:30.415
41.0, 68385.43038194542, -120902.79858145698, 53185.99828314761, -182509.74953290817, -129092.29893592584, -87582.40492134154, -88107.4473985967, -85430.60248262913, -0.752, -0.296, 0.5700000000000001, 192.0, 0.0, 0.0, 0.0, 0.0, 0.0, 0.0, 0.0, 0.0, 0.0, 1.769680290474228E9, 0.0, 2026-01-29 15:21:30.474
42.0, 68263.09928454153, -110202.05738568991, 67466.79603657675, -169840.9819413402, -129082.97825848799, -87576.92874394999, -88105.18987240671, -85428.72493609488, -0.752, -0.296, 0.5700000000000001, 192.0, 0.0, 0.0, 0.0, 0.0, 0.0, 0.0, 0.0, 0.0, 0.0, 1.76968029047434E9, 0.0, 2026-01-29 15:21:30.474
43.0, 68115.22014322522, -99074.82255397113, 68243.18388023185, -157362.96413695384, -129074.32813338378, -87571.20669736943, -88103.26762238356, -85427.11561049409, -0.758, -0.298, 0.5660000000000001, 192.0, 232.0, 80.0, 246.0, 176.0, 17.0, 176.0, 0.0, 0.0, 0.0, 1.769680290474439E9, 0.0, 2026-01-29 15:21:30.474
44.0, 68165.62332697194, -104449.4559704609, 68194.97116744175, -164169.58441371733, -129079.73725554196, -87575.90056370504, -88105.92747997373, -85431.00481402932, -0.758, -0.298, 0.5660000000000001, 192.0, 0.0, 0.0, 0.0, 0.0, 0.0, 0.0, 0.0, 0.0, 0.0, 1.769680290474529E9, 0.0, 2026-01-29 15:21:30.474
45.0, 68328.18756439538, -117774.6495931923, 58231.23404159952, -179476.9530864898, -129089.70613356902, -87584.23776438687, -88108.76615151957, -85435.69868036493, -0.758, -0.298, 0.5660000000000001, 192.0, 0.0, 0.0, 0.0, 0.0, 0.0, 0.0, 0.0, 0.0, 0.0, 1.769680290474661E9, 0.0, 2026-01-29 15:21:30.474
46.0, 68384.46925693384, -120913.97445368463, 52693.65640803056, -182568.1322894254, -129089.9743545025, -87585.73533126537, -88108.00619220808, -85436.23512223187, -0.758, -0.298, 0.5660000000000001, 192.0, 0.0, 0.0, 0.0, 0.0, 0.0, 0.0, 0.0, 0.0, 0.0, 1.769680290474764E9, 0.0, 2026-01-29 15:21:30.474
47.0, 68259.67946763987, -110116.1372800037, 67437.1129199401, -169760.69447525675, -129079.8713660087, -87579.23097362889, -88104.78754100652, -85433.41880243049, -0.758, -0.298, 0.5660000000000001, 192.0, 0.0, 0.0, 0.0, 0.0, 0.0, 0.0, 0.0, 0.0, 0.0, 1.769680290474846E9, 0.0, 2026-01-29 15:21:30.474
48.0, 68111.28623620108, -99000.21243097931, 68239.4064354189, -157260.32492641508, -129070.97537171548, -87573.30776134823, -88102.64177353881, -85431.54125589624, -0.758, -0.298, 0.5660000000000001, 192.0, 0.0, 0.0, 0.0, 0.0, 0.0, 0.0, 0.0, 0.0, 0.0, 1.769680290474938E9, 0.0, 2026-01-29 15:21:30.474
49.0, 68162.69524844829, -104479.96610164239, 68177.6932689778, -164201.07802165486, -129076.25038340694, -87577.77811023929, -88105.21222415117, -85435.22929373138, -0.758, -0.298, 0.5660000000000001, 192.0, 0.0, 0.0, 0.0, 0.0, 0.0, 0.0, 0.0, 0.0, 0.0, 1.769680290475019E9, 0.0, 2026-01-29 15:21:30.475
50.0, 68327.38290159499, -117849.99732375114, 57741.127340928004, -179600.60293681658, -129087.44860737905, -87587.21054639942, -88109.21318640867, -85440.99604380084, -0.758, -0.298, 0.5660000000000001, 192.0, 0.0, 0.0, 0.0, 0.0, 0.0, 0.0, 0.0, 0.0, 0.0, 1.769680290475102E9, 0.0, 2026-01-29 15:21:30.475
51.0, 68387.26322499076, -120906.6430815033, 52325.053790218095, -182611.27115622416, -129092.03071499238, -87593.04435170226, -88112.70005854369, -85445.8687240921, -0.758, -0.298, 0.5660000000000001, 192.0, 0.0, 0.0, 0.0, 0.0, 0.0, 0.0, 0.0, 0.0, 0.0, 1.76968029047524E9, 0.0, 2026-01-29 15:21:30.475
52.0, 68264.73096188676, -110041.28128782289, 67441.7173792979, -169700.83650360545, -129085.23578467796, -87590.09392143416, -88112.90122424379, -85446.60633165912, -0.758, -0.298, 0.5660000000000001, 192.0, 0.0, 0.0, 0.0, 0.0, 0.0, 0.0, 0.0, 0.0, 0.0, 1.769680290475383E9, 0.0, 2026-01-29 15:21:30.475
53.0, 68115.01897752512, -99001.35236994653, 68243.07212150957, -157236.69913252583, -129074.43989210605, -87582.31551436371, -88108.98966896412, -85442.82888684618, -0.754, -0.298, 0.5700000000000001, 192.0, 232.0, 112.0, 246.0, 176.0, 17.0, 208.0, 0.0, 0.0, 0.0, 1.769680290475497E9, 0.0, 2026-01-29 15:21:30.475
54.0, 68167.5455769951, -104585.17576279351, 68177.84973118898, -164300.96796762562, -129079.73725554196, -87586.71880802141, -88111.40365736528, -85446.44986944794, -0.754, -0.298, 0.5700000000000001, 192.0, 0.0, 0.0, 0.0, 0.0, 0.0, 0.0, 0.0, 0.0, 0.0, 1.769680290475588E9, 0.0, 2026-01-29 15:21:30.475
55.0, 68331.58502955259, -117916.9855018837, 57635.67181058786, -179689.9652111489, -129090.4213893916, -87595.63715405908, -88114.80112252249, -85451.65782590602, -0.754, -0.298, 0.5700000000000001, 192.0, 0.0, 0.0, 0.0, 0.0, 0.0, 0.0, 0.0, 0.0, 0.0, 1.769680290475688E9, 0.0, 2026-01-29 15:21:30.475
56.0, 68389.14077152501, -120869.44977872966, 52326.01491522967, -182614.22158649226, -129093.79650280435, -87600.28631690578, -88117.08100045694, -85455.18940152996, -0.754, -0.298, 0.5700000000000001, 192.0, 0.0, 0.0, 0.0, 0.0, 0.0, 0.0, 0.0, 0.0, 0.0, 1.769680290534528E9, 0.0, 2026-01-29 15:21:30.534
57.0, 68265.26740375369, -109959.60801358319, 67455.48605388237, -169632.75308999457, -129085.973392245, -87596.30770639273, -88116.36574463437, -85454.89882885205, -0.754, -0.298, 0.5700000000000001, 192.0, 0.0, 0.0, 0.0, 0.0, 0.0, 0.0, 0.0, 0.0, 0.0, 1.769680290534633E9, 0.0, 2026-01-29 15:21:30.534
58.0, 68118.75171884915, -98994.37862567647, 68246.60369713351, -157224.0033416752, -129077.68089505208, -87590.85388074564, -88114.89052950032, -85453.75888988482, -0.754, -0.298, 0.5700000000000001, 192.0, 0.0, 0.0, 0.0, 0.0, 0.0, 0.0, 0.0, 0.0, 0.0, 1.769680290534714E9, 0.0, 2026-01-29 15:21:30.534
59.0, 68172.0382776306, -104652.63332755964, 68172.93234740882, -164374.43815165022, -129082.84414802125, -87595.21247091443, -88117.21511092367, -85457.33516899767, -0.754, -0.298, 0.5700000000000001, 192.0, 0.0, 0.0, 0.0, 0.0, 0.0, 0.0, 0.0, 0.0, 0.0, 1.769680290534796E9, 0.0, 2026-01-29 15:21:30.534
60.0, 68337.68705578889, -117969.28858390912, 57469.86657021839, -179782.99317157187, -129094.62351734919, -87605.40486638604, -88121.81957028146, -85463.79482314526, -0.754, -0.298, 0.5700000000000001, 192.0, 0.0, 0.0, 0.0, 0.0, 0.0, 0.0, 0.0, 0.0, 0.0, 1.769680290534934E9, 0.0, 2026-01-29 15:21:30.534
61.0, 68391.62181515954, -120821.4158798952, 52336.11790372347, -182604.83385382104, -129095.33877317177, -87607.43887513148, -88121.3501836479, -85464.91241036802, -0.754, -0.298, 0.5700000000000001, 192.0, 0.0, 0.0, 0.0, 0.0, 0.0, 0.0, 0.0, 0.0, 0.0, 1.769680290535055E9, 0.0, 2026-01-29 15:21:30.535
62.0, 68261.93699382985, -109711.19072570691, 67469.99233603387, -169353.6692087256, -129084.60993583321, -87600.39807562805, -88117.7962562795, -85461.80551788873, -0.754, -0.298, 0.5700000000000001, 192.0, 0.0, 0.0, 0.0, 0.0, 0.0, 0.0, 0.0, 0.0, 0.0, 1.769680290535136E9, 0.0, 2026-01-29 15:21:30.535
63.0, 68114.48253565819, -98680.53778177951, 68242.44627266482, -156835.12769164177, -129076.9656392295, -87595.50304359234, -88116.92453824574, -85461.24672427736, -0.756, -0.294, 0.5680000000000001, 192.0, 232.0, 96.0, 246.0, 208.0, 17.0, 192.0, 0.0, 0.0, 0.0, 1.769680290535236E9, 0.0, 2026-01-29 15:21:30.535
64.0, 68171.97122239725, -104720.09089232575, 68101.2726546851, -164441.78395769405, -129081.45833986501, -87599.23578491638, -88118.3997533798, -85463.95128535644, -0.756, -0.294, 0.5680000000000001, 192.0, 0.0, 0.0, 0.0, 0.0, 0.0, 0.0, 0.0, 0.0, 0.0, 1.769680290535326E9, 0.0, 2026-01-29 15:21:30.535
65.0, 68340.52572733471, -118299.71442219192, 55136.56796652889, -180196.16516782824, -129092.27658418138, -87608.46705537643, -88121.88662551483, -85469.31570402572, -0.756, -0.294, 0.5680000000000001, 192.0, 0.0, 0.0, 0.0, 0.0, 0.0, 0.0, 0.0, 0.0, 0.0, 1.769680290535417E9, 0.0, 2026-01-29 15:21:30.535
66.0, 68395.80159137268, -120958.25325945059, 49945.688241206204, -182807.67593475294, -129095.02584874938, -87612.42331414501, -88123.76417204908, -85472.6237622051, -0.756, -0.294, 0.5680000000000001, 192.0, 0.0, 0.0, 0.0, 0.0, 0.0, 0.0, 0.0, 0.0, 0.0, 1.769680290535499E9, 0.0, 2026-01-29 15:21:30.535
67.0, 68268.59781367754, -109613.89358209296, 67350.63402064252, -169267.97262048395, -129089.52731961338, -87610.7245815664, -88125.61936683886, -85474.83658490618, -0.756, -0.294, 0.5680000000000001, 192.0, 0.0, 0.0, 0.0, 0.0, 0.0, 0.0, 0.0, 0.0, 0.0, 1.769680290535662E9, 0.0, 2026-01-29 15:21:30.535
68.0, 68120.78572759459, -98677.83322070041, 68248.83887157904, -156827.50574678252, -129080.69838055354, -87604.66725881903, -88123.51830286006, -85472.91433488303, -0.756, -0.294, 0.5680000000000001, 192.0, 0.0, 0.0, 0.0, 0.0, 0.0, 0.0, 0.0, 0.0, 0.0, 1.769680290535771E9, 0.0, 2026-01-29 15:21:30.535
69.0, 68178.67674573383, -104831.000248313, 68096.66819532731, -164575.22387209223, -129084.69934281104, -87607.79650304276, -88124.300613916, -85474.88128839509, -0.756, -0.294, 0.5680000000000001, 192.0, 0.0, 0.0, 0.0, 0.0, 0.0, 0.0, 0.0, 0.0, 0.0, 1.769680290535854E9, 0.0, 2026-01-29 15:21:30.535
70.0, 68346.62775357101, -118361.18171944401, 54953.73069688448, -180305.77812263707, -129094.89173828266, -87616.26781419132, -88127.2063406952, -85479.59750647515, -0.756, -0.294, 0.5680000000000001, 192.0, 0.0, 0.0, 0.0, 0.0, 0.0, 0.0, 0.0, 0.0, 0.0, 1.769680290535954E9, 0.0, 2026-01-29 15:21:30.535
71.0, 68401.88126586453, -120920.76938399904, 49991.03993070602, -182819.12002791406, -129098.89270054016, -87621.4310671605, -88130.22382619666, -85484.04550362176, -0.756, -0.294, 0.5680000000000001, 192.0, 0.0, 0.0, 0.0, 0.0, 0.0, 0.0, 0.0, 0.0, 0.0, 1.769680290594753E9, 0.0, 2026-01-29 15:21:30.594
72.0, 68270.29654625614, -109554.97438370877, 67380.42889600145, -169220.36340479416, -129089.43791263556, -87615.79842755776, -88128.1004104734, -85482.4808815099, -0.756, -0.294, 0.5680000000000001, 192.0, 0.0, 0.0, 0.0, 0.0, 0.0, 0.0, 0.0, 0.0, 0.0, 1.769680290594871E9, 0.0, 2026-01-29 15:21:30.594
73.0, 68122.79738459556, -98714.89241300731, 68250.85052858002, -156851.44446509416, -129079.60314507523, -87608.91409026553, -88125.08292497194, -85479.70926519744, -0.758, -0.298, 0.5720000000000001, 192.0, 232.0, 80.0, 246.0, 176.0, 17.0, 224.0, 0.0, 0.0, 0.0, 1.769680290594963E9, 0.0, 2026-01-29 15:21:30.594
74.0, 68181.98480391322, -104930.89019428375, 68092.4213638808, -164672.78923663966, -129083.715866055, -87612.08803797819, -88125.9993464946, -85482.01149487634, -0.758, -0.298, 0.5720000000000001, 192.0, 0.0, 0.0, 0.0, 0.0, 0.0, 0.0, 0.0, 0.0, 0.0, 1.769680290595052E9, 0.0, 2026-01-29 15:21:30.595
75.0, 68350.27108791722, -118408.96974908946, 54881.37810008265, -180379.9859142287, -129094.80233130483, -87621.49812239387, -88129.70973607419, -85487.7335414569, -0.758, -0.298, 0.5720000000000001, 192.0, 0.0, 0.0, 0.0, 0.0, 0.0, 0.0, 0.0, 0.0, 0.0, 1.769680290595199E9, 0.0, 2026-01-29 15:21:30.595
76.0, 68404.83169613263, -120878.70340093416, 50073.24964681264, -182809.151149887, -129099.16092147362, -87627.15311374106, -88133.28601518703, -85492.56151825923, -0.758, -0.298, 0.5720000000000001, 192.0, 0.0, 0.0, 0.0, 0.0, 0.0, 0.0, 0.0, 0.0, 0.0, 1.769680290595321E9, 0.0, 2026-01-29 15:21:30.595
77.0, 68273.4704939688, -109479.55959791657, 67397.66209097649, -169157.5773546192, -129090.6225550917, -87622.54865438327, -88132.23548319763, -85491.84626243667, -0.758, -0.298, 0.5720000000000001, 192.0, 0.0, 0.0, 0.0, 0.0, 0.0, 0.0, 0.0, 0.0, 0.0, 1.769680290595416E9, 0.0, 2026-01-29 15:21:30.595
78.0, 68126.48542243069, -98732.21501496018, 68254.62797339297, -156867.5824245909, -129081.07836020929, -87615.91018628005, -88129.24034944062, -85489.20875659095, -0.758, -0.298, 0.5720000000000001, 192.0, 0.0, 0.0, 0.0, 0.0, 0.0, 0.0, 0.0, 0.0, 0.0, 1.769680290595538E9, 0.0, 2026-01-29 15:21:30.595
79.0, 68187.68449874932, -105019.80543372697, 68087.14635218935, -164770.1981389759, -129086.71099981201, -87620.64875610457, -88131.60963435289, -85493.00855314833, -0.758, -0.298, 0.5720000000000001, 192.0, 0.0, 0.0, 0.0, 0.0, 0.0, 0.0, 0.0, 0.0, 0.0, 1.76968029059562E9, 0.0, 2026-01-29 15:21:30.595
80.0, 68354.80849204164, -118453.8073484668, 54763.56205505873, -180462.28503731312, -129096.76928481691, -87629.09771550867, -88134.51536113207, -85497.72477122842, -0.758, -0.298, 0.5720000000000001, 192.0, 0.0, 0.0, 0.0, 0.0, 0.0, 0.0, 0.0, 0.0, 0.0, 1.769680290595741E9, 0.0, 2026-01-29 15:21:30.595
81.0, 68406.70924266687, -120827.9202375317, 50263.82062003859, -182791.6944374674, -129099.36208717372, -87633.07632602172, -88136.32585243296, -85500.94342242998, -0.758, -0.298, 0.5720000000000001, 192.0, 0.0, 0.0, 0.0, 0.0, 0.0, 0.0, 0.0, 0.0, 0.0, 1.769680290595824E9, 0.0, 2026-01-29 15:21:30.595
82.0, 68275.99624109225, -109412.70553025074, 67440.4209781195, -169094.97011839988, -129092.29893592584, -87629.90237830907, -88136.63877685532, -85501.59162301918, -0.758, -0.298, 0.5720000000000001, 192.0, 0.0, 0.0, 0.0, 0.0, 0.0, 0.0, 0.0, 0.0, 0.0, 1.769680290595948E9, 0.0, 2026-01-29 15:21:30.595
83.0, 68129.7264253767, -98757.96422457269, 68257.82427285008, -156881.3287474309, -129082.4641683655, -87623.04039276128, -88133.57658786495, -85498.68589623999, -0.758, -0.292, 0.5660000000000001, 192.0, 232.0, 80.0, 246.0, 224.0, 17.0, 176.0, 0.0, 0.0, 0.0, 1.769680290596043E9, 0.0, 2026-01-29 15:21:30.596
84.0, 68191.17137088435, -105118.68955119724, 68077.91508172931, -164885.17551245398, -129087.4262556346, -87627.06370676323, -88135.2082652102, -85501.681029997, -0.758, -0.292, 0.5660000000000001, 192.0, 0.0, 0.0, 0.0, 0.0, 0.0, 0.0, 0.0, 0.0, 0.0, 1.769680290596127E9, 0.0, 2026-01-29 15:21:30.596
85.0, 68360.6870008334, -118495.33688966476, 54599.79082343469, -180544.62886388646, -129100.70319184104, -87638.61955864663, -88141.24323621312, -85509.59354753418, -0.758, -0.292, 0.5660000000000001, 192.0, 0.0, 0.0, 0.0, 0.0, 0.0, 0.0, 0.0, 0.0, 0.0, 1.769680290596221E9, 0.0, 2026-01-29 15:21:30.596
86.0, 68409.52556246825, -120770.96799265957, 50313.08386481809, -182777.7469489273, -129101.68666859707, -87640.7876778588, -88141.39969842431, -85511.15816964605, -0.758, -0.292, 0.5660000000000001, 192.0, 0.0, 0.0, 0.0, 0.0, 0.0, 0.0, 0.0, 0.0, 0.0, 1.76968029065516E9, 0.0, 2026-01-29 15:21:30.655
87.0, 68274.02928758017, -109330.49581414412, 67464.53851038677, -169020.85173378608, -129090.39903764715, -87633.34454695518, -88137.48814314463, -85507.76070448884, -0.758, -0.292, 0.5660000000000001, 192.0, 0.0, 0.0, 0.0, 0.0, 0.0, 0.0, 0.0, 0.0, 0.0, 1.769680290655271E9, 0.0, 2026-01-29 15:21:30.655
88.0, 68129.90523933235, -98771.73289915716, 68257.89132808344, -156892.34815744736, -129082.08418870976, -87627.80131433027, -88135.74470707712, -85506.30784109925, -0.758, -0.292, 0.5660000000000001, 192.0, 0.0, 0.0, 0.0, 0.0, 0.0, 0.0, 0.0, 0.0, 0.0, 1.769680290655355E9, 0.0, 2026-01-29 15:21:30.655
89.0, 68191.21607437325, -105193.85846780044, 68071.61188979291, -164982.07032466773, -129086.15220620063, -87630.81879983173, -88136.5046663886, -85508.40890507805, -0.758, -0.292, 0.5660000000000001, 192.0, 0.0, 0.0, 0.0, 0.0, 0.0, 0.0, 0.0, 0.0, 0.0, 1.769680290655479E9, 0.0, 2026-01-29 15:21:30.655
90.0, 68358.34006766559, -118522.51661092242, 54581.70826217035, -180617.89788221096, -129097.08220923928, -87639.9383115695, -88140.05859375698, -85513.90743421405, -0.758, -0.292, 0.5660000000000001, 192.0, 0.0, 0.0, 0.0, 0.0, 0.0, 0.0, 0.0, 0.0, 0.0, 1.769680290655651E9, 0.0, 2026-01-29 15:21:30.655
91.0, 68411.73838516932, -120721.21300950207, 50502.55960256572, -182776.91993438243, -129103.43010466459, -87647.62731166212, -88145.64652987082, -85520.8364749952, -0.758, -0.292, 0.5660000000000001, 192.0, 0.0, 0.0, 0.0, 0.0, 0.0, 0.0, 0.0, 0.0, 0.0, 1.76968029065577E9, 0.0, 2026-01-29 15:21:30.655
92.0, 68276.4209242369, -109254.00814461806, 67493.81929562322, -168958.5350702447, -129092.70126732603, -87640.87708483661, -88142.40552692479, -85517.99780344937, -0.758, -0.292, 0.5660000000000001, 192.0, 0.0, 0.0, 0.0, 0.0, 0.0, 0.0, 0.0, 0.0, 0.0, 1.769680290655857E9, 0.0, 2026-01-29 15:21:30.655
93.0, 68131.3357509775, -98785.63568420836, 68259.29948798413, -156903.85930584185, -129082.75474104342, -87633.72452661092, -88139.11982048987, -85514.82385573671, -0.756, -0.298, 0.5700000000000001, 192.0, 232.0, 96.0, 246.0, 176.0, 17.0, 208.0, 0.0, 0.0, 0.0, 1.769680290655956E9, 0.0, 2026-01-29 15:21:30.655
94.0, 68195.41820233085, -105275.77761122915, 68069.53317755857, -165068.23629954294, -129088.56619460181, -87638.37368945763, -88141.55616063549, -85518.37778310511, -0.756, -0.298, 0.5700000000000001, 192.0, 0.0, 0.0, 0.0, 0.0, 0.0, 0.0, 0.0, 0.0, 0.0, 1.769680290656052E9, 0.0, 2026-01-29 15:21:30.656
95.0, 68360.59759385558, -118557.56414622834, 54631.642059283506, -180692.26213601377, -129097.93157552858, -87646.06268955025, -88143.56781763647, -85522.22228315142, -0.756, -0.298, 0.5700000000000001, 192.0, 0.0, 0.0, 0.0, 0.0, 0.0, 0.0, 0.0, 0.0, 0.0, 1.769680290656139E9, 0.0, 2026-01-29 15:21:30.656
96.0, 68410.33022526864, -120658.3822558382, 50861.573322006865, -182749.56139916915, -129101.46315115252, -87651.06948030824, -88146.47354441567, -85526.35735587566, -0.756, -0.298, 0.5700000000000001, 192.0, 0.0, 0.0, 0.0, 0.0, 0.0, 0.0, 0.0, 0.0, 0.0, 1.769680290656237E9, 0.0, 2026-01-29 15:21:30.656
97.0, 68277.24793878173, -109181.34262339385, 67542.7919677248, -168895.0561159916, -129093.41652314861, -87646.86735235064, -88145.87004731537, -85526.13383843111, -0.756, -0.298, 0.5700000000000001, 192.0, 0.0, 0.0, 0.0, 0.0, 0.0, 0.0, 0.0, 0.0, 0.0, 1.76968029065635E9, 0.0, 2026-01-29 15:21:30.656
98.0, 68135.47082370172, -98813.73182698869, 68263.59102291954, -156917.7397391486, -129085.63811607816, -87641.8382098482, -88144.79716358152, -85525.30682388626, -0.756, -0.298, 0.5700000000000001, 192.0, 0.0, 0.0, 0.0, 0.0, 0.0, 0.0, 0.0, 0.0, 0.0, 1.769680290656459E9, 0.0, 2026-01-29 15:21:30.656
99.0, 68199.7991442441, -105363.6646704274, 68062.93941294425, -165176.46344619556, -129090.8684242807, -87646.0403378058, -88146.54059964903, -85528.43606811001, -0.756, -0.298, 0.5700000000000001, 192.0, 0.0, 0.0, 0.0, 0.0, 0.0, 0.0, 0.0, 0.0, 0.0, 1.76968029065658E9, 0.0, 2026-01-29 15:21:30.656
100.0, 68368.01837301474, -118587.11315239826, 54498.33625535206, -180778.919849267, -129103.43010466459, -87656.88093386662, -88151.74855610712, -85535.61097808016, -0.756, -0.298, 0.5700000000000001, 192.0, 0.0, 0.0, 0.0, 0.0, 0.0, 0.0, 0.0, 0.0, 0.0, 1.76968029065669E9, 0.0, 2026-01-29 15:21:30.656
101.0, 68414.97938811533, -120600.78181037687, 50979.74699494207, -182736.91031180744, -129105.33000294329, -87660.18899204601, -88153.06730902998, -85538.22613218143, -0.756, -0.298, 0.5700000000000001, 192.0, 0.0, 0.0, 0.0, 0.0, 0.0, 0.0, 0.0, 0.0, 0.0, 1.769680290715406E9, 0.0, 2026-01-29 15:21:30.715
102.0, 68281.74063941726, -109116.500212729, 67577.07954371924, -168834.88521991792, -129097.64100285067, -87656.32214025523, -88152.77673635205, -85538.31553915924, -0.756, -0.298, 0.5700000000000001, 192.0, 0.0, 0.0, 0.0, 0.0, 0.0, 0.0, 0.0, 0.0, 0.0, 1.769680290715611E9, 0.0, 2026-01-29 15:21:30.715
103.0, 68142.51162320515, -98859.64231009988, 68270.5647671896, -156941.41023652678, -129091.36016265872, -87652.83526812021, -88153.0002537966, -85538.82962928172, -0.754, -0.294, 0.582, 192.0, 232.0, 112.0, 246.0, 208.0, 18.0, 48.0, 0.0, 0.0, 0.0, 1.769680290715783E9, 0.0, 2026-01-29 15:21:30.715
104.0, 68207.93517922582, -105482.397136974, 68063.25233736662, -165288.17746498316, -129096.50106388344, -87656.85858212216, -88154.69898637522, -85541.84711478319, -0.754, -0.294, 0.582, 192.0, 0.0, 0.0, 0.0, 0.0, 0.0, 0.0, 0.0, 0.0, 0.0, 1.769680290715975E9, 0.0, 2026-01-29 15:21:30.715
105.0, 68373.27103296174, -118634.38709192123, 54446.12258030446, -180846.75739368887, -129106.38053493269, -87664.97226535944, -88157.29178873204, -85546.40687065206, -0.754, -0.294, 0.582, 192.0, 0.0, 0.0, 0.0, 0.0, 0.0, 0.0, 0.0, 0.0, 0.0, 1.769680290716197E9, 0.0, 2026-01-29 15:21:30.716
106.0, 68420.23204806233, -120538.68866428002, 51101.988685368146, -182720.86175928853, -129109.1745029896, -87669.08498633922, -88159.52696317756, -85549.80433580928, -0.754, -0.294, 0.582, 192.0, 0.0, 0.0, 0.0, 0.0, 0.0, 0.0, 0.0, 0.0, 0.0, 1.769680290716394E9, 0.0, 2026-01-29 15:21:30.716
107.0, 68286.83683715307, -109036.30215362337, 67600.68298586404, -168766.35477141797, -129101.44079940807, -87665.39694850409, -88159.32579747746, -85550.00550150937, -0.754, -0.294, 0.582, 192.0, 0.0, 0.0, 0.0, 0.0, 0.0, 0.0, 0.0, 0.0, 0.0, 1.769680290716556E9, 0.0, 2026-01-29 15:21:30.716
108.0, 68146.33377150701, -98879.40125219838, 68274.3198602581, -156949.7921406975, -129092.94713651505, -87659.76430890136, -88157.3588439654, -85548.32912067523, -0.754, -0.294, 0.582, 192.0, 0.0, 0.0, 0.0, 0.0, 0.0, 0.0, 0.0, 0.0, 0.0, 1.769680290716724E9, 0.0, 2026-01-29 15:21:30.716
109.0, 68211.8020310166, -105553.3192221307, 68060.52542454308, -165353.84689019286, -129097.68570633957, -87663.49705022539, -88158.6105416549, -85550.89957128759, -0.754, -0.294, 0.582, 192.0, 0.0, 0.0, 0.0, 0.0, 0.0, 0.0, 0.0, 0.0, 0.0, 1.769680290716875E9, 0.0, 2026-01-29 15:21:30.716
110.0, 68379.66363187596, -118668.42879872666, 54474.93397890735, -180905.0507432283, -129110.33679370128, -87674.47175675294, -88163.95260857971, -85558.16388823556, -0.754, -0.294, 0.582, 192.0, 0.0, 0.0, 0.0, 0.0, 0.0, 0.0, 0.0, 0.0, 0.0, 1.769680290717033E9, 0.0, 2026-01-29 15:21:30.717
111.0, 68427.60812373259, -120508.71497496546, 51344.30394700813, -182705.23788991428, -129114.53892165887, -87680.21615507796, -88167.61829467038, -85563.19303073801, -0.754, -0.294, 0.582, 192.0, 0.0, 0.0, 0.0, 0.0, 0.0, 0.0, 0.0, 0.0, 0.0, 1.76968029071719E9, 0.0, 2026-01-29 15:21:30.717
112.0, 68292.02244186669, -108999.51118224993, 67634.23295429147, -168717.85148594994, -129104.88296805418, -87674.44940500849, -88165.53958243605, -85561.47194641495, -0.754, -0.294, 0.582, 192.0, 0.0, 0.0, 0.0, 0.0, 0.0, 0.0, 0.0, 0.0, 0.0, 1.769680290717373E9, 0.0, 2026-01-29 15:21:30.717
113.0, 68152.12287332093, -98932.06196213508, 68280.19836904983, -156975.49664682112, -129095.87521503869, -87668.3920822611, -88163.10324229041, -85559.30382720278, -0.756, -0.292, 0.58, 192.0, 232.0, 96.0, 246.0, 224.0, 18.0, 32.0, 0.0, 0.0, 0.0, 1.769680290717554E9, 0.0, 2026-01-29 15:21:30.717
114.0, 68218.88753400893, -105661.32285133873, 68060.05603790951, -165461.8952228898, -129100.70319184104, -87672.28128579633, -88164.46669870219, -85561.94133304851, -0.756, -0.292, 0.58, 192.0, 0.0, 0.0, 0.0, 0.0, 0.0, 0.0, 0.0, 0.0, 0.0, 1.769680290717735E9, 0.0, 2026-01-29 15:21:30.717
115.0, 68384.84923658958, -118697.64252872975, 54462.99814736821, -180976.77749118538, -129112.03552627988, -87681.8925359121, -88168.62412317087, -85567.93160056253, -0.756, -0.292, 0.58, 192.0, 0.0, 0.0, 0.0, 0.0, 0.0, 0.0, 0.0, 0.0, 0.0, 1.769680290717904E9, 0.0, 2026-01-29 15:21:30.717
116.0, 68428.25632432179, -120426.70642455894, 51624.57247073323, -182674.37013082148, -129113.08605826928, -87684.30652431327, -88169.00410282661, -85569.80914709678, -0.756, -0.292, 0.58, 192.0, 0.0, 0.0, 0.0, 0.0, 0.0, 0.0, 0.0, 0.0, 0.0, 1.769680290775645E9, 0.0, 2026-01-29 15:21:30.775
117.0, 68289.80961916562, -108919.78250977786, 67673.32615534379, -168655.17719449726, -129100.9714127745, -87676.12578584264, -88164.39964346882, -85565.56231565027, -0.756, -0.292, 0.58, 192.0, 0.0, 0.0, 0.0, 0.0, 0.0, 0.0, 0.0, 0.0, 0.0, 1.769680290775849E9, 0.0, 2026-01-29 15:21:30.775
118.0, 68151.586431454, -98974.99966323373, 68279.55016846063, -157002.4528506342, -129092.65656383712, -87670.60490496218, -88162.52209693457, -85563.90828656057, -0.756, -0.292, 0.58, 192.0, 0.0, 0.0, 0.0, 0.0, 0.0, 0.0, 0.0, 0.0, 0.0, 1.769680290776022E9, 0.0, 2026-01-29 15:21:30.776
119.0, 68222.68733056633, -105769.43823926906, 68057.77615997508, -165573.38572423288, -129101.35139243024, -87678.18214633253, -88167.6629981593, -85570.3455889637, -0.756, -0.292, 0.58, 192.0, 0.0, 0.0, 0.0, 0.0, 0.0, 0.0, 0.0, 0.0, 0.0, 1.769680290776191E9, 0.0, 2026-01-29 15:21:30.776
120.0, 68386.70443137937, -118731.72893902409, 54454.05744958609, -181045.35264317426, -129111.00734603494, -87686.07231212525, -88170.05463481601, -85574.63712389913, -0.756, -0.292, 0.58, 192.0, 0.0, 0.0, 0.0, 0.0, 0.0, 0.0, 0.0, 0.0, 0.0, 1.769680290776426E9, 0.0, 2026-01-29 15:21:30.776
121.0, 68431.63143773454, -120385.78038046126, 51780.811164475825, -182672.33612207606, -129114.29305246986, -87690.72147497196, -88172.87095461738, -85578.81690011226, -0.756, -0.292, 0.58, 192.0, 0.0, 0.0, 0.0, 0.0, 0.0, 0.0, 0.0, 0.0, 0.0, 1.769680290776628E9, 0.0, 2026-01-29 15:21:30.776
122.0, 68295.4646105128, -108864.55134922879, 67699.12006844522, -168595.45333331267, -129104.63709886518, -87685.0441318803, -88170.79224238303, -85577.20757451149, -0.756, -0.292, 0.58, 192.0, 0.0, 0.0, 0.0, 0.0, 0.0, 0.0, 0.0, 0.0, 0.0, 1.769680290776799E9, 0.0, 2026-01-29 15:21:30.776
123.0, 68158.20254781278, -98998.35723618952, 68286.32274703059, -157006.52086812508, -129096.59047086127, -87679.76912018885, -88169.13821329335, -85575.91117333308, -0.762, -0.298, 0.58, 192.0, 232.0, 48.0, 246.0, 176.0, 18.0, 32.0, 0.0, 0.0, 0.0, 1.769680290776986E9, 0.0, 2026-01-29 15:21:30.776
124.0, 68225.19072594533, -105839.10862673624, 68051.24945059413, -165645.76067277917, -129100.07734299629, -87682.22781207894, -88169.04880631552, -85577.27462974485, -0.762, -0.298, 0.58, 192.0, 0.0, 0.0, 0.0, 0.0, 0.0, 0.0, 0.0, 0.0, 0.0, 1.769680290777159E9, 0.0, 2026-01-29 15:21:30.777
125.0, 68387.15146626848, -118762.5296428835, 54478.532609764654, -181112.27376607346, -129108.01221227793, -87688.50865227087, -88169.7640621381, -85579.8450803572, -0.762, -0.298, 0.58, 192.0, 0.0, 0.0, 0.0, 0.0, 0.0, 0.0, 0.0, 0.0, 0.0, 1.76968029077732E9, 0.0, 2026-01-29 15:21:30.777
126.0, 68429.82094643367, -120338.08175779364, 52069.37218539383, -182656.64519746843, -129110.04622102335, -87691.99552440591, -88171.4627947167, -85582.90726934759, -0.762, -0.298, 0.58, 192.0, 0.0, 0.0, 0.0, 0.0, 0.0, 0.0, 0.0, 0.0, 0.0, 1.769680290777492E9, 0.0, 2026-01-29 15:21:30.777
127.0, 68293.27413955619, -108808.94020902399, 67730.21134498256, -168540.0210070635, -129100.74789532994, -87686.56405050326, -88169.78641388255, -85581.54381293581, -0.762, -0.298, 0.58, 192.0, 0.0, 0.0, 0.0, 0.0, 0.0, 0.0, 0.0, 0.0, 0.0, 1.76968029077767E9, 0.0, 2026-01-29 15:21:30.777
128.0, 68158.02373385713, -99035.72935291879, 68286.14393307494, -157025.1175195119, -129094.13177897118, -87682.63014347914, -88169.49584120463, -85581.61086816918, -0.762, -0.298, 0.58, 192.0, 0.0, 0.0, 0.0, 0.0, 0.0, 0.0, 0.0, 0.0, 0.0, 1.769680290777838E9, 0.0, 2026-01-29 15:21:30.777
129.0, 68227.42590039085, -105932.89654647071, 68043.78396794606, -165731.83724067657, -129099.56325287382, -87686.92167841455, -88171.17222203877, -85584.71776064846, -0.762, -0.298, 0.58, 192.0, 0.0, 0.0, 0.0, 0.0, 0.0, 0.0, 0.0, 0.0, 0.0, 1.769680290777978E9, 0.0, 2026-01-29 15:21:30.777
130.0, 68392.06885004864, -118800.21468403515, 54375.826343992514, -181171.72940632456, -129110.53795940138, -87696.19765236351, -88174.97201859618, -85590.37275199566, -0.762, -0.298, 0.58, 192.0, 0.0, 0.0, 0.0, 0.0, 0.0, 0.0, 0.0, 0.0, 0.0, 1.769680290778117E9, 0.0, 2026-01-29 15:21:30.778
131.0, 68435.31947556966, -120290.80781827067, 52152.163046856294, -182635.07576406907, -129114.00247979195, -87701.07033265477, -88178.07891107547, -85594.84310088672, -0.762, -0.298, 0.58, 192.0, 0.0, 0.0, 0.0, 0.0, 0.0, 0.0, 0.0, 0.0, 0.0, 1.769680290835932E9, 0.0, 2026-01-29 15:21:30.835
132.0, 68299.84555242605, -108754.62546999758, 67754.41828422765, -168488.4108291162, -129106.08996225477, -87697.04701865281, -88177.72128316418, -85595.02191484236, -0.762, -0.298, 0.58, 192.0, 0.0, 0.0, 0.0, 0.0, 0.0, 0.0, 0.0, 0.0, 0.0, 1.769680290836049E9, 0.0, 2026-01-29 15:21:30.836
133.0, 68161.80117867008, -99072.34151033658, 68289.94372963234, -157043.73652264316, -129095.69640108306, -87689.33566681572, -88173.72032090668, -85591.24447002941, -0.76, -0.3, 0.5760000000000001, 192.0, 232.0, 64.0, 246.0, 160.0, 18.0, 0.0, 0.0, 0.0, 0.0, 1.769680290836131E9, 0.0, 2026-01-29 15:21:30.836
134.0, 68232.92442952686, -106029.0761028619, 68038.77717718807, -165833.8953058595, -129102.0219447639, -87694.56597501827, -88176.38017849687, -85595.22308054246, -0.76, -0.3, 0.5760000000000001, 192.0, 0.0, 0.0, 0.0, 0.0, 0.0, 0.0, 0.0, 0.0, 0.0, 1.769680290836222E9, 0.0, 2026-01-29 15:21:30.836
135.0, 68397.29915825119, -118840.96191417718, 54274.260017187604, -181239.03050887948, -129112.88489256919, -87703.73019024494, -88180.06821633199, -85600.85572014519, -0.76, -0.3, 0.5760000000000001, 192.0, 0.0, 0.0, 0.0, 0.0, 0.0, 0.0, 0.0, 0.0, 0.0, 1.769680290836349E9, 0.0, 2026-01-29 15:21:30.836
136.0, 68439.78982446073, -120246.64077122699, 52231.91407107283, -182626.7609151317, -129116.48352342649, -87708.73698100293, -88183.24216404464, -85605.48253124744, -0.76, -0.3, 0.5760000000000001, 192.0, 0.0, 0.0, 0.0, 0.0, 0.0, 0.0, 0.0, 0.0, 0.0, 1.769680290836465E9, 0.0, 2026-01-29 15:21:30.836
137.0, 68306.05933738462, -108699.81899259318, 67777.10530484979, -168451.32928506486, -129110.13562800118, -87706.43475132404, -88184.60562045642, -85607.22596731497, -0.76, -0.3, 0.5760000000000001, 192.0, 0.0, 0.0, 0.0, 0.0, 0.0, 0.0, 0.0, 0.0, 0.0, 1.769680290836549E9, 0.0, 2026-01-29 15:21:30.836
138.0, 68170.40660028537, -99105.33268515262, 68298.48209601428, -157088.21649410922, -129101.19493021905, -87700.22096636546, -88181.94576286623, -85604.81197891379, -0.76, -0.3, 0.5760000000000001, 192.0, 0.0, 0.0, 0.0, 0.0, 0.0, 0.0, 0.0, 0.0, 0.0, 1.769680290836642E9, 0.0, 2026-01-29 15:21:30.836
139.0, 68239.18291797435, -106106.65900786627, 68035.7596916866, -165933.09234775216, -129104.50298839844, -87702.59025127772, -88181.54343146604, -85605.9072143921, -0.76, -0.3, 0.5760000000000001, 192.0, 0.0, 0.0, 0.0, 0.0, 0.0, 0.0, 0.0, 0.0, 0.0, 1.769680290836723E9, 0.0, 2026-01-29 15:21:30.836
140.0, 68402.66357692046, -118864.6547632998, 54269.812020041, -181309.95259403618, -129114.76243910343, -87711.08391417074, -88184.53856522305, -85610.8022464278, -0.76, -0.3, 0.5760000000000001, 192.0, 0.0, 0.0, 0.0, 0.0, 0.0, 0.0, 0.0, 0.0, 0.0, 1.769680290836805E9, 0.0, 2026-01-29 15:21:30.836
141.0, 68442.404978562, -120193.30950895662, 52430.263451369225, -182618.6472318944, -129116.41646819311, -87714.14610316111, -88185.92437337928, -85613.5515109958, -0.76, -0.3, 0.5760000000000001, 192.0, 0.0, 0.0, 0.0, 0.0, 0.0, 0.0, 0.0, 0.0, 0.0, 1.769680290836887E9, 0.0, 2026-01-29 15:21:30.836
142.0, 68304.82999143959, -108634.37308482804, 67797.64655800421, -168396.96984254956, -129106.8722733107, -87708.6028705362, -88184.02447510058, -85612.14335109513, -0.76, -0.3, 0.5760000000000001, 192.0, 0.0, 0.0, 0.0, 0.0, 0.0, 0.0, 0.0, 0.0, 0.0, 1.769680290836981E9, 0.0, 2026-01-29 15:21:30.836
143.0, 68169.73604795171, -99134.97109830036, 68297.78919193616, -157102.00752043814, -129097.93157552858, -87702.27732685534, -88181.20815529922, -85609.55054873832, -0.758, -0.298, 0.5740000000000001, 192.0, 232.0, 80.0, 246.0, 176.0, 17.0, 240.0, 0.0, 0.0, 0.0, 1.769680290837083E9, 0.0, 2026-01-29 15:21:30.837
144.0, 68243.63091512096, -106185.1136309044, 68031.73637768465, -166010.1835143785, -129105.64292736565, -87708.89344321412, -88185.14206232334, -85614.78085694085, -0.758, -0.298, 0.5740000000000001, 192.0, 0.0, 0.0, 0.0, 0.0, 0.0, 0.0, 0.0, 0.0, 0.0, 1.769680290837174E9, 0.0, 2026-01-29 15:21:30.837
145.0, 68409.27969327924, -118891.09687699043, 54260.69250830323, -181382.77457747157, -129118.4281251941, -87720.1587224196, -88190.77470192609, -85622.38045005566, -0.758, -0.298, 0.5740000000000001, 192.0, 0.0, 0.0, 0.0, 0.0, 0.0, 0.0, 0.0, 0.0, 0.0, 1.769680290837255E9, 0.0, 2026-01-29 15:21:30.837
146.0, 68447.27765885326, -120137.27368560717, 52633.66432591252, -182613.30516496958, -129119.0763257833, -87722.3044898873, -88191.15468158183, -85624.03447914535, -0.758, -0.298, 0.5740000000000001, 192.0, 0.0, 0.0, 0.0, 0.0, 0.0, 0.0, 0.0, 0.0, 0.0, 1.769680290896274E9, 0.0, 2026-01-29 15:21:30.896
147.0, 68309.99324440876, -108583.50051444776, 67829.1625176862, -168360.82707176532, -129110.2697384679, -87717.4541613405, -88190.03709435905, -85623.34157506724, -0.758, -0.298, 0.5740000000000001, 192.0, 0.0, 0.0, 0.0, 0.0, 0.0, 0.0, 0.0, 0.0, 0.0, 1.769680290896432E9, 0.0, 2026-01-29 15:21:30.896
148.0, 68175.88277767692, -99179.67458721098, 68304.0700321281, -157103.6391977834, -129101.66431685262, -87711.44154208203, -88187.60075421343, -85621.2628628329, -0.758, -0.298, 0.5740000000000001, 192.0, 0.0, 0.0, 0.0, 0.0, 0.0, 0.0, 0.0, 0.0, 0.0, 1.769680290896518E9, 0.0, 2026-01-29 15:21:30.896
149.0, 68247.94480180083, -106287.12699259842, 68028.29420903852, -166079.18334951202, -129107.29695645535, -87715.97894620645, -88189.45594900323, -85624.57092101227, -0.758, -0.298, 0.5740000000000001, 192.0, 0.0, 0.0, 0.0, 0.0, 0.0, 0.0, 0.0, 0.0, 0.0, 1.7696802908966E9, 0.0, 2026-01-29 15:21:30.896
150.0, 68411.33605376912, -118935.35333101194, 54209.88699315632, -181430.04851699455, -129118.13755251617, -87725.2549201554, -88193.2110420717, -85630.18120887056, -0.758, -0.298, 0.5740000000000001, 192.0, 0.0, 0.0, 0.0, 0.0, 0.0, 0.0, 0.0, 0.0, 0.0, 1.769680290896725E9, 0.0, 2026-01-29 15:21:30.896
151.0, 68450.13868214353, -120093.17369379684, 52767.841847877724, -182590.349923414, -129120.5291891729, -87729.16647543508, -88195.33445779496, -85633.73513623896, -0.758, -0.298, 0.5740000000000001, 192.0, 0.0, 0.0, 0.0, 0.0, 0.0, 0.0, 0.0, 0.0, 0.0, 1.769680290896829E9, 0.0, 2026-01-29 15:21:30.896
152.0, 68312.58604676557, -108533.67847605688, 67853.05653250891, -168292.8330651323, -129111.78965709086, -87724.45025735501, -88194.32862929448, -85633.04223216083, -0.758, -0.298, 0.5740000000000001, 192.0, 0.0, 0.0, 0.0, 0.0, 0.0, 0.0, 0.0, 0.0, 0.0, 1.769680290896926E9, 0.0, 2026-01-29 15:21:30.896
153.0, 68180.4425335458, -99243.48881763087, 68308.69684323035, -157133.4787766312, -129103.89949129814, -87719.26465264137, -88192.62989671588, -85631.6117205157, -0.756, -0.298, 0.578, 192.0, 232.0, 96.0, 246.0, 176.0, 18.0, 16.0, 0.0, 0.0, 0.0, 1.769680290897018E9, 0.0, 2026-01-29 15:21:30.897
154.0, 68254.42680769287, -106404.02661609968, 68025.4555374927, -166195.34536544626, -129110.20268323454, -87724.53966433283, -88195.08858860596, -85635.47857230647, -0.756, -0.298, 0.578, 192.0, 0.0, 0.0, 0.0, 0.0, 0.0, 0.0, 0.0, 0.0, 0.0, 1.769680290897108E9, 0.0, 2026-01-29 15:21:30.897
155.0, 68417.03574860522, -118978.26868036613, 54185.07655681093, -181517.53324479263, -129120.84211359527, -87733.43565862604, -88198.6201642299, -85640.91004620912, -0.756, -0.298, 0.578, 192.0, 0.0, 0.0, 0.0, 0.0, 0.0, 0.0, 0.0, 0.0, 0.0, 1.76968029089719E9, 0.0, 2026-01-29 15:21:30.897
156.0, 68454.20669963441, -120049.34192292, 52921.35362879677, -182587.9582867573, -129122.85377059625, -87736.83312378325, -88200.47535901969, -85643.99458694394, -0.756, -0.298, 0.578, 192.0, 0.0, 0.0, 0.0, 0.0, 0.0, 0.0, 0.0, 0.0, 0.0, 1.769680290897272E9, 0.0, 2026-01-29 15:21:30.897
157.0, 68317.59283752357, -108475.98862361773, 67874.64831765274, -168230.69521554653, -129115.63415713719, -87733.68152781505, -88200.94474565325, -85644.93336021106, -0.756, -0.298, 0.578, 192.0, 0.0, 0.0, 0.0, 0.0, 0.0, 0.0, 0.0, 0.0, 0.0, 1.769680290897365E9, 0.0, 2026-01-29 15:21:30.897
158.0, 68185.33756558152, -99276.81526861373, 68313.41306131042, -157157.8421780875, -129106.8722733107, -87727.66890855657, -88198.32959155197, -85642.74288925444, -0.756, -0.298, 0.578, 192.0, 0.0, 0.0, 0.0, 0.0, 0.0, 0.0, 0.0, 0.0, 0.0, 1.769680290897478E9, 0.0, 2026-01-29 15:21:30.897
159.0, 68259.38889496194, -106480.67074783692, 68016.13486005484, -166290.6085003148, -129112.75078210245, -87732.22866442546, -88200.25184157514, -85646.05094743383, -0.756, -0.298, 0.578, 192.0, 0.0, 0.0, 0.0, 0.0, 0.0, 0.0, 0.0, 0.0, 0.0, 1.769680290897562E9, 0.0, 2026-01-29 15:21:30.897
160.0, 68421.64020796302, -118990.07040143853, 54140.440123133674, -181586.04134154815, -129123.32315722981, -87741.16936220758, -88203.64930673235, -85651.43771784756, -0.756, -0.298, 0.578, 192.0, 0.0, 0.0, 0.0, 0.0, 0.0, 0.0, 0.0, 0.0, 0.0, 1.769680290897644E9, 0.0, 2026-01-29 15:21:30.897
161.0, 68456.50892931329, -119977.01167786261, 53151.1966170307, -182561.20324864428, -129123.56902641882, -87742.89044653064, -88203.71636196571, -85652.80117425934, -0.756, -0.298, 0.578, 192.0, 0.0, 0.0, 0.0, 0.0, 0.0, 0.0, 0.0, 0.0, 0.0, 1.769680290955557E9, 0.0, 2026-01-29 15:21:30.955
162.0, 68317.81635496812, -108414.61073334346, 67901.3810040213, -168163.32705775823, -129114.40481119214, -87737.81660053928, -88202.33055380947, -85651.88475273666, -0.756, -0.298, 0.578, 192.0, 0.0, 0.0, 0.0, 0.0, 0.0, 0.0, 0.0, 0.0, 0.0, 1.769680290955661E9, 0.0, 2026-01-29 15:21:30.955
163.0, 68190.09848715049, -99315.48378652142, 68318.17398287941, -157172.9519573393, -129109.15215124514, -87735.22379818247, -88203.20227184323, -85653.02469170389, -0.756, -0.294, 0.5720000000000001, 192.0, 232.0, 96.0, 246.0, 208.0, 17.0, 224.0, 0.0, 0.0, 0.0, 1.769680290955739E9, 0.0, 2026-01-29 15:21:30.955
164.0, 68262.47343569678, -106564.84741745562, 68013.09502280892, -166391.34781257485, -129112.63902338016, -87737.23545518344, -88202.77758869858, -85653.9187614821, -0.756, -0.294, 0.5720000000000001, 192.0, 0.0, 0.0, 0.0, 0.0, 0.0, 0.0, 0.0, 0.0, 0.0, 1.769680290955824E9, 0.0, 2026-01-29 15:21:30.955
165.0, 68421.48374575183, -119002.65443356687, 54170.97260605963, -181648.67092951192, -129120.46213393952, -87743.53864711984, -88203.60460324342, -85656.55626732782, -0.756, -0.294, 0.5720000000000001, 192.0, 0.0, 0.0, 0.0, 0.0, 0.0, 0.0, 0.0, 0.0, 0.0, 1.769680290955942E9, 0.0, 2026-01-29 15:21:30.955
166.0, 68458.18531014744, -119914.76206955458, 53369.17082895885, -182549.20036187177, -129123.61372990772, -87748.32192043329, -88206.71149572272, -85661.09367145225, -0.756, -0.294, 0.5720000000000001, 192.0, 0.0, 0.0, 0.0, 0.0, 0.0, 0.0, 0.0, 0.0, 0.0, 1.769680290956039E9, 0.0, 2026-01-29 15:21:30.956
167.0, 68316.87758170099, -108351.57881397949, 67924.35859732135, -168109.30289140975, -129112.41550593561, -87741.03525174085, -88203.20227184323, -85658.00913071742, -0.756, -0.294, 0.5720000000000001, 192.0, 0.0, 0.0, 0.0, 0.0, 0.0, 0.0, 0.0, 0.0, 0.0, 1.769680290956131E9, 0.0, 2026-01-29 15:21:30.956
168.0, 68187.10335339348, -99362.08717371074, 68315.35766307803, -157182.02676558815, -129104.3241744428, -87735.64848132712, -88201.14591135335, -85656.19863941654, -0.756, -0.294, 0.5720000000000001, 192.0, 0.0, 0.0, 0.0, 0.0, 0.0, 0.0, 0.0, 0.0, 0.0, 1.769680290956222E9, 0.0, 2026-01-29 15:21:30.956
169.0, 68262.20521476331, -106671.71110769644, 68005.2048570162, -166472.32818273644, -129109.86740706771, -87740.07412672928, -88202.84464393195, -85659.28318015137, -0.756, -0.294, 0.5720000000000001, 192.0, 0.0, 0.0, 0.0, 0.0, 0.0, 0.0, 0.0, 0.0, 0.0, 1.769680290956304E9, 0.0, 2026-01-29 15:21:30.956
170.0, 68423.29423705272, -119038.43957643982, 54147.279756937, -181708.41714244094, -129120.14920951716, -87748.6571966001, -88205.92918466678, -85664.24526742045, -0.756, -0.294, 0.5720000000000001, 192.0, 0.0, 0.0, 0.0, 0.0, 0.0, 0.0, 0.0, 0.0, 0.0, 1.769680290956386E9, 0.0, 2026-01-29 15:21:30.956
171.0, 68460.68870552644, -119868.62806899883, 53482.538876836166, -182533.82236168653, -129125.04424155287, -87754.9603885365, -88210.75716146913, -85670.36964540121, -0.756, -0.294, 0.5720000000000001, 192.0, 0.0, 0.0, 0.0, 0.0, 0.0, 0.0, 0.0, 0.0, 0.0, 1.769680290956506E9, 0.0, 2026-01-29 15:21:30.956
172.0, 68322.04083467017, -108304.55074364552, 67941.48003357412, -168051.0095418703, -129116.68468912659, -87750.57944662326, -88210.06425739102, -85670.12377621219, -0.756, -0.294, 0.5720000000000001, 192.0, 0.0, 0.0, 0.0, 0.0, 0.0, 0.0, 0.0, 0.0, 0.0, 1.769680290956614E9, 0.0, 2026-01-29 15:21:30.956
173.0, 68193.47360056324, -99409.89755510063, 68321.66085501443, -157213.2074491033, -129109.08509601178, -87745.57265586528, -88208.41022830132, -85668.76031980042, -0.754, -0.28800000000000003, 0.5700000000000001, 192.0, 232.0, 112.0, 247.0, 0.0, 17.0, 208.0, 0.0, 0.0, 0.0, 1.769680290956714E9, 0.0, 2026-01-29 15:21:30.956
174.0, 68266.92143284339, -106746.61180336616, 67997.89583657931, -166563.50094836962, -129112.21434023551, -87747.49490588844, -88207.71732422321, -85669.29676166734, -0.754, -0.28800000000000003, 0.5700000000000001, 192.0, 0.0, 0.0, 0.0, 0.0, 0.0, 0.0, 0.0, 0.0, 0.0, 1.769680290956805E9, 0.0, 2026-01-29 15:21:30.956
175.0, 68428.88217316654, -119050.66598065686, 54141.28948942298, -181777.86401246357, -129123.9266543301, -87757.4637839155, -88212.34413532546, -85675.84582279275, -0.754, -0.28800000000000003, 0.5700000000000001, 192.0, 0.0, 0.0, 0.0, 0.0, 0.0, 0.0, 0.0, 0.0, 0.0, 1.769680290956887E9, 0.0, 2026-01-29 15:21:30.956
176.0, 68463.41561834999, -119798.4212396647, 53743.60725207416, -182513.01288759863, -129126.85473285375, -87761.97883629547, -88215.31691733802, -85680.0255990059, -0.754, -0.28800000000000003, 0.5700000000000001, 192.0, 0.0, 0.0, 0.0, 0.0, 0.0, 0.0, 0.0, 0.0, 0.0, 1.769680291015845E9, 0.0, 2026-01-29 15:21:31.015
177.0, 68324.03013992669, -108254.46048432119, 67971.11844672186, -168004.0485267697, -129117.89168332717, -87757.03910077085, -88214.15462662633, -85679.26563969442, -0.754, -0.28800000000000003, 0.5700000000000001, 192.0, 0.0, 0.0, 0.0, 0.0, 0.0, 0.0, 0.0, 0.0, 0.0, 1.769680291015956E9, 0.0, 2026-01-29 15:21:31.015
178.0, 68194.81470523056, -99473.1306401647, 68323.06901491512, -157235.0674551806, -129108.41454367813, -87750.0653565008, -88210.60069925794, -85676.11404372622, -0.754, -0.28800000000000003, 0.5700000000000001, 192.0, 0.0, 0.0, 0.0, 0.0, 0.0, 0.0, 0.0, 0.0, 0.0, 1.76968029101604E9, 0.0, 2026-01-29 15:21:31.016
179.0, 68272.68818291285, -106845.5629760698, 67999.1028307799, -166653.71258899124, -129115.61180539273, -87756.10032750372, -88213.79699871504, -85680.62909610619, -0.754, -0.28800000000000003, 0.5700000000000001, 192.0, 0.0, 0.0, 0.0, 0.0, 0.0, 0.0, 0.0, 0.0, 0.0, 1.769680291016121E9, 0.0, 2026-01-29 15:21:31.016
180.0, 68435.2524203363, -119060.79132089512, 54162.0319082775, -181826.94844328743, -129128.50876194343, -87767.34325496474, -88219.5190452956, -85688.13928224317, -0.754, -0.28800000000000003, 0.5700000000000001, 192.0, 0.0, 0.0, 0.0, 0.0, 0.0, 0.0, 0.0, 0.0, 0.0, 1.769680291016255E9, 0.0, 2026-01-29 15:21:31.016
181.0, 68467.32717362967, -119727.43209927465, 53913.391102956666, -182495.93615483478, -129129.73810788848, -87770.09251953274, -88220.79309472955, -85690.5756223888, -0.754, -0.28800000000000003, 0.5700000000000001, 192.0, 0.0, 0.0, 0.0, 0.0, 0.0, 0.0, 0.0, 0.0, 0.0, 1.769680291016366E9, 0.0, 2026-01-29 15:21:31.016
182.0, 68324.87950621599, -108207.52182096503, 67989.06689751946, -167961.53550881572, -129117.7799246049, -87762.15765025112, -88216.72507723869, -85686.86523280921, -0.754, -0.28800000000000003, 0.5700000000000001, 192.0, 0.0, 0.0, 0.0, 0.0, 0.0, 0.0, 0.0, 0.0, 0.0, 1.769680291016472E9, 0.0, 2026-01-29 15:21:31.016
183.0, 68196.53578955363, -99543.80685613237, 68324.83480272708, -157262.78361830517, -129108.14632274465, -87755.1615542366, -88212.92528068129, -85683.4230641631, -0.756, -0.292, 0.5760000000000001, 192.0, 232.0, 96.0, 246.0, 224.0, 18.0, 0.0, 0.0, 0.0, 0.0, 1.769680291016575E9, 0.0, 2026-01-29 15:21:31.016
184.0, 68273.02345907969, -106955.57826227884, 67993.17961849924, -166743.96893310177, -129112.974299547, -87758.84959207173, -88213.70759173723, -85685.45707290854, -0.756, -0.292, 0.5760000000000001, 192.0, 0.0, 0.0, 0.0, 0.0, 0.0, 0.0, 0.0, 0.0, 0.0, 1.769680291016669E9, 0.0, 2026-01-29 15:21:31.016
185.0, 68432.23493483484, -119086.89815841892, 54176.20291426217, -181884.90651666006, -129122.56319791832, -87766.71740611999, -88216.27804234959, -85689.9274217996, -0.756, -0.292, 0.5760000000000001, 192.0, 0.0, 0.0, 0.0, 0.0, 0.0, 0.0, 0.0, 0.0, 0.0, 1.769680291016755E9, 0.0, 2026-01-29 15:21:31.016
186.0, 68463.52737707227, -119672.6032701258, 54051.79310462393, -182483.4638814287, -129123.65843339665, -87769.466670688, -88217.66385050582, -85692.36376194522, -0.756, -0.292, 0.5760000000000001, 192.0, 0.0, 0.0, 0.0, 0.0, 0.0, 0.0, 0.0, 0.0, 0.0, 1.769680291016841E9, 0.0, 2026-01-29 15:21:31.016
187.0, 68326.53353530569, -108148.40145688075, 68004.19902851571, -167902.16927554243, -129117.44464843806, -87767.16444100911, -88219.20612087323, -85694.19660499056, -0.756, -0.292, 0.5760000000000001, 192.0, 0.0, 0.0, 0.0, 0.0, 0.0, 0.0, 0.0, 0.0, 0.0, 1.769680291016941E9, 0.0, 2026-01-29 15:21:31.016
188.0, 68202.01196694517, -99571.97005414606, 68330.28862837418, -157280.15092374696, -129111.02969777939, -87763.38699619616, -88218.62497551739, -85694.01779103492, -0.756, -0.292, 0.5760000000000001, 192.0, 0.0, 0.0, 0.0, 0.0, 0.0, 0.0, 0.0, 0.0, 0.0, 1.769680291017062E9, 0.0, 2026-01-29 15:21:31.017
189.0, 68280.31012777211, -107031.23891726005, 67982.47313290514, -166826.8715532865, -129117.44464843806, -87768.79611835434, -88220.9719086852, -85697.75053235896, -0.756, -0.292, 0.5760000000000001, 192.0, 0.0, 0.0, 0.0, 0.0, 0.0, 0.0, 0.0, 0.0, 0.0, 1.769680291017143E9, 0.0, 2026-01-29 15:21:31.017
190.0, 68438.67223723796, -119130.72992929578, 54023.004057765495, -181957.6390931176, -129126.49710494246, -87776.35100798024, -88223.072972664, -85701.63973589418, -0.756, -0.292, 0.5760000000000001, 192.0, 0.0, 0.0, 0.0, 0.0, 0.0, 0.0, 0.0, 0.0, 0.0, 1.769680291017224E9, 0.0, 2026-01-29 15:21:31.017
191.0, 68470.07643819768, -119645.33414189031, 54093.90379117773, -182470.38811092236, -129128.55346543236, -87779.92728709309, -88225.19638838725, -85704.88073884019, -0.756, -0.292, 0.5760000000000001, 192.0, 0.0, 0.0, 0.0, 0.0, 0.0, 0.0, 0.0, 0.0, 0.0, 1.769680291076413E9, 0.0, 2026-01-29 15:21:31.076
192.0, 68329.1710411514, -108092.25387480902, 68015.62076993237, -167847.7204260493, -129118.8304565943, -87774.29464749034, -88223.318841853, -85703.31611672833, -0.756, -0.292, 0.5760000000000001, 192.0, 0.0, 0.0, 0.0, 0.0, 0.0, 0.0, 0.0, 0.0, 0.0, 1.769680291076542E9, 0.0, 2026-01-29 15:21:31.076
193.0, 68203.37542335695, -99583.01181590698, 68331.49562257476, -157313.52207821872, -129109.97916578999, -87768.17026950959, -88220.30135635154, -85700.54450041587, -0.754, -0.292, 0.5760000000000001, 192.0, 232.0, 112.0, 246.0, 224.0, 18.0, 0.0, 0.0, 0.0, 0.0, 1.769680291076626E9, 0.0, 2026-01-29 15:21:31.076
194.0, 68283.19350280685, -107109.98411297609, 67963.1388739513, -166941.69246455343, -129116.7740961044, -87773.7135021345, -88222.91651045281, -85704.54546267337, -0.754, -0.292, 0.5760000000000001, 192.0, 0.0, 0.0, 0.0, 0.0, 0.0, 0.0, 0.0, 0.0, 0.0, 1.769680291076716E9, 0.0, 2026-01-29 15:21:31.076
195.0, 68445.57892627465, -119190.81141839165, 53783.281598482325, -182024.78373346137, -129130.47571545551, -87785.6716854181, -88229.55497855604, -85712.74855288847, -0.754, -0.292, 0.5760000000000001, 192.0, 0.0, 0.0, 0.0, 0.0, 0.0, 0.0, 0.0, 0.0, 0.0, 1.769680291076841E9, 0.0, 2026-01-29 15:21:31.076
196.0, 68477.78779003475, -119641.60140056627, 54100.65401800323, -182451.23266592415, -129134.14140154618, -87790.969048854, -88233.53358906909, -85717.9341576021, -0.754, -0.292, 0.5760000000000001, 192.0, 0.0, 0.0, 0.0, 0.0, 0.0, 0.0, 0.0, 0.0, 0.0, 1.769680291076958E9, 0.0, 2026-01-29 15:21:31.076
197.0, 68337.79881451116, -108046.07517076435, 68036.25143006461, -167806.92849241837, -129126.05007005336, -87786.9233831076, -88233.31007162454, -85718.06826806883, -0.754, -0.292, 0.5760000000000001, 192.0, 0.0, 0.0, 0.0, 0.0, 0.0, 0.0, 0.0, 0.0, 0.0, 1.76968029107704E9, 0.0, 2026-01-29 15:21:31.077
198.0, 68212.42787986135, -99565.04101336491, 68340.63748605699, -157342.1323111215, -129117.39994494915, -87780.8213568713, -88230.4266965898, -85715.56487268984, -0.754, -0.292, 0.5760000000000001, 192.0, 0.0, 0.0, 0.0, 0.0, 0.0, 0.0, 0.0, 0.0, 0.0, 1.769680291077132E9, 0.0, 2026-01-29 15:21:31.077
199.0, 68290.30135754363, -107157.48156994363, 67956.6345163148, -167038.14024187808, -129121.89264558467, -87784.04000807286, -88230.73962101217, -85717.24125352399, -0.754, -0.292, 0.5760000000000001, 192.0, 0.0, 0.0, 0.0, 0.0, 0.0, 0.0, 0.0, 0.0, 0.0, 1.769680291077215E9, 0.0, 2026-01-29 15:21:31.077
200.0, 68450.51866179927, -119260.7053233034, 53603.46181433938, -182088.75442609246, -129133.00146257896, -87793.51714772191, -88234.78528675858, -85723.05270708236, -0.754, -0.292, 0.5760000000000001, 192.0, 0.0, 0.0, 0.0, 0.0, 0.0, 0.0, 0.0, 0.0, 0.0, 1.769680291077296E9, 0.0, 2026-01-29 15:21:31.077
201.0, 68479.28535691326, -119673.81026432637, 54006.30730465738, -182444.0130524651, -129133.76142189043, -87795.90878437863, -88235.79111525907, -85725.15377106116, -0.754, -0.292, 0.5760000000000001, 192.0, 0.0, 0.0, 0.0, 0.0, 0.0, 0.0, 0.0, 0.0, 0.0, 1.769680291077379E9, 0.0, 2026-01-29 15:21:31.077
202.0, 68336.30124763265, -107996.05196667337, 68034.01625561908, -167750.42328243534, -129123.25610199645, -87789.51618546441, -88233.19831290226, -85722.73978265999, -0.754, -0.292, 0.5760000000000001, 192.0, 0.0, 0.0, 0.0, 0.0, 0.0, 0.0, 0.0, 0.0, 0.0, 1.769680291077481E9, 0.0, 2026-01-29 15:21:31.077
203.0, 68211.6008653165, -99498.49987012146, 68339.72106453431, -157356.25861361728, -129115.23182573699, -87784.08471156177, -88230.91843496781, -85720.70577391455, -0.752, -0.292, 0.5760000000000001, 192.0, 232.0, 128.0, 246.0, 224.0, 18.0, 0.0, 0.0, 0.0, 0.0, 1.769680291077587E9, 0.0, 2026-01-29 15:21:31.077
204.0, 68293.14002908945, -107152.63124139683, 67938.57430679492, -167113.0856410367, -129122.36203221823, -87789.9185168646, -88233.7794582581, -85724.90790187215, -0.752, -0.292, 0.5760000000000001, 192.0, 0.0, 0.0, 0.0, 0.0, 0.0, 0.0, 0.0, 0.0, 0.0, 1.769680291077677E9, 0.0, 2026-01-29 15:21:31.077
205.0, 68452.44091182243, -119322.48554497786, 53398.228096750754, -182154.17798211312, -129132.26385501193, -87798.16631056862, -88236.66283329282, -85729.62411995222, -0.752, -0.292, 0.5760000000000001, 192.0, 0.0, 0.0, 0.0, 0.0, 0.0, 0.0, 0.0, 0.0, 0.0, 1.769680291077759E9, 0.0, 2026-01-29 15:21:31.077
206.0, 68481.09584821414, -119716.47974449156, 53986.34719685879, -182439.49800008512, -129133.26968351242, -87800.96027862553, -88238.09334493797, -85732.30632928686, -0.752, -0.292, 0.5760000000000001, 192.0, 0.0, 0.0, 0.0, 0.0, 0.0, 0.0, 0.0, 0.0, 0.0, 1.769680291136042E9, 0.0, 2026-01-29 15:21:31.136
207.0, 68338.24584940026, -107949.00154459495, 68041.63820047834, -167708.49140983718, -129123.65843339665, -87795.43939774507, -88236.41696410382, -85730.987576364, -0.752, -0.292, 0.5760000000000001, 192.0, 0.0, 0.0, 0.0, 0.0, 0.0, 0.0, 0.0, 0.0, 0.0, 1.769680291136154E9, 0.0, 2026-01-29 15:21:31.136
208.0, 68216.02651071866, -99425.85670064173, 68344.12435819201, -157386.65698607647, -129118.00344204945, -87792.35485701023, -88236.4840193372, -85731.34520427528, -0.752, -0.292, 0.5760000000000001, 192.0, 0.0, 0.0, 0.0, 0.0, 0.0, 0.0, 0.0, 0.0, 0.0, 1.769680291136239E9, 0.0, 2026-01-29 15:21:31.136
209.0, 68300.0690698706, -107149.5914041509, 67920.08941413039, -167214.27198818588, -129126.83238110929, -87800.11091233623, -88241.08847869498, -85737.44723051158, -0.752, -0.292, 0.5760000000000001, 192.0, 0.0, 0.0, 0.0, 0.0, 0.0, 0.0, 0.0, 0.0, 0.0, 1.769680291136323E9, 0.0, 2026-01-29 15:21:31.136
210.0, 68459.36995260358, -119372.03936243527, 53070.08213640239, -182233.43726795164, -129136.22011378052, -87807.86696766222, -88243.43541186278, -85741.60465498027, -0.752, -0.292, 0.5760000000000001, 192.0, 0.0, 0.0, 0.0, 0.0, 0.0, 0.0, 0.0, 0.0, 0.0, 1.769680291136461E9, 0.0, 2026-01-29 15:21:31.136
211.0, 68488.02488899528, -119729.82373593138, 53827.44864552601, -182438.20159890671, -129137.40475623665, -87810.75034269695, -88244.88827525238, -85744.33156780382, -0.752, -0.292, 0.5760000000000001, 192.0, 0.0, 0.0, 0.0, 0.0, 0.0, 0.0, 0.0, 0.0, 0.0, 1.769680291136566E9, 0.0, 2026-01-29 15:21:31.136
212.0, 68345.80073902616, -107884.20383741902, 68048.36607555939, -167668.2359180732, -129129.1793142771, -87806.54821473935, -88244.77651653011, -85744.55508524837, -0.752, -0.292, 0.5760000000000001, 192.0, 0.0, 0.0, 0.0, 0.0, 0.0, 0.0, 0.0, 0.0, 0.0, 1.769680291136649E9, 0.0, 2026-01-29 15:21:31.136
213.0, 68220.98859798773, -99356.96862423046, 68349.13114895001, -157403.44314616243, -129120.64094789517, -87800.58029896978, -88241.98254847318, -85742.05168986937, -0.756, -0.296, 0.5720000000000001, 192.0, 232.0, 96.0, 246.0, 192.0, 17.0, 224.0, 0.0, 0.0, 0.0, 1.769680291136803E9, 0.0, 2026-01-29 15:21:31.136
214.0, 68301.7678024492, -107156.00635480958, 67898.31881503091, -167309.1327916542, -129125.55833167533, -87804.11187459373, -88242.49663859566, -85744.06334687035, -0.756, -0.296, 0.5720000000000001, 192.0, 0.0, 0.0, 0.0, 0.0, 0.0, 0.0, 0.0, 0.0, 0.0, 1.769680291136893E9, 0.0, 2026-01-29 15:21:31.136
215.0, 68463.03563869424, -119423.18015374901, 52783.48806899644, -182300.44779782867, -129136.68950041408, -87813.61136598724, -88246.63171131989, -85749.96420740655, -0.756, -0.296, 0.5720000000000001, 192.0, 0.0, 0.0, 0.0, 0.0, 0.0, 0.0, 0.0, 0.0, 0.0, 1.769680291136975E9, 0.0, 2026-01-29 15:21:31.136
216.0, 68489.72362157388, -119735.43402378965, 53706.950391167455, -182424.58938653345, -129136.7789073919, -87815.39950554365, -88247.01169097563, -85751.66293998515, -0.756, -0.296, 0.5720000000000001, 192.0, 0.0, 0.0, 0.0, 0.0, 0.0, 0.0, 0.0, 0.0, 0.0, 1.769680291137062E9, 0.0, 2026-01-29 15:21:31.137
217.0, 68346.89597450447, -107816.7462726529, 68050.80241570502, -167607.14860047682, -129128.62052066572, -87811.3761915417, -88246.94463574227, -85751.93116091861, -0.756, -0.296, 0.5720000000000001, 192.0, 0.0, 0.0, 0.0, 0.0, 0.0, 0.0, 0.0, 0.0, 0.0, 1.769680291137162E9, 0.0, 2026-01-29 15:21:31.137
218.0, 68221.90501951039, -99322.50223428039, 68350.06992221712, -157432.2098412764, -129119.45630543905, -87804.64831646065, -88243.4801153517, -85748.82426843933, -0.756, -0.296, 0.5720000000000001, 192.0, 0.0, 0.0, 0.0, 0.0, 0.0, 0.0, 0.0, 0.0, 0.0, 1.76968029113727E9, 0.0, 2026-01-29 15:21:31.137
219.0, 68304.04768038365, -107212.17628862576, 67863.29363146945, -167419.48335403006, -129124.70896538603, -87808.60457522924, -88244.44124036327, -85751.21590509605, -0.756, -0.296, 0.5720000000000001, 192.0, 0.0, 0.0, 0.0, 0.0, 0.0, 0.0, 0.0, 0.0, 0.0, 1.769680291137358E9, 0.0, 2026-01-29 15:21:31.137
220.0, 68465.24846139533, -119522.62306483068, 52386.58814270356, -182378.9918278446, -129135.39309923568, -87817.74643871146, -88248.08457470949, -85756.66973074315, -0.756, -0.296, 0.5720000000000001, 192.0, 0.0, 0.0, 0.0, 0.0, 0.0, 0.0, 0.0, 0.0, 0.0, 1.769680291137455E9, 0.0, 2026-01-29 15:21:31.137
221.0, 68494.97628152088, -119798.5777018759, 53542.240386276295, -182421.43779056525, -129139.19289579308, -87823.22261610301, -88252.19729568927, -85762.05650115687, -0.756, -0.296, 0.5720000000000001, 192.0, 0.0, 0.0, 0.0, 0.0, 0.0, 0.0, 0.0, 0.0, 0.0, 1.769680291196309E9, 0.0, 2026-01-29 15:21:31.196
222.0, 68350.04757047267, -107780.00000476839, 68053.2611075951, -167560.99224817663, -129129.69340439957, -87817.74643871146, -88250.65502532184, -85761.00596916747, -0.756, -0.296, 0.5720000000000001, 192.0, 0.0, 0.0, 0.0, 0.0, 0.0, 0.0, 0.0, 0.0, 0.0, 1.769680291196436E9, 0.0, 2026-01-29 15:21:31.196
223.0, 68226.33066491254, -99260.94553005046, 68354.45086413037, -157459.92600440097, -129121.53501767338, -87812.09144736428, -88248.19633343177, -85758.86020169976, -0.756, -0.302, 0.5720000000000001, 192.0, 232.0, 96.0, 246.0, 144.0, 17.0, 224.0, 0.0, 0.0, 0.0, 1.76968029119652E9, 0.0, 2026-01-29 15:21:31.196
224.0, 68309.70267173085, -107218.09950090642, 67842.01477074799, -167500.50842768056, -129127.05589855385, -87816.36063055524, -88249.40332763235, -85761.40830056767, -0.756, -0.302, 0.5720000000000001, 192.0, 0.0, 0.0, 0.0, 0.0, 0.0, 0.0, 0.0, 0.0, 0.0, 1.769680291196611E9, 0.0, 2026-01-29 15:21:31.196
225.0, 68472.7586475323, -119578.99416434696, 52096.84247932941, -182454.13839270335, -129139.37170974872, -87827.1341713827, -88254.72304281272, -85768.53850704891, -0.756, -0.302, 0.5720000000000001, 192.0, 0.0, 0.0, 0.0, 0.0, 0.0, 0.0, 0.0, 0.0, 0.0, 1.76968029119674E9, 0.0, 2026-01-29 15:21:31.196
226.0, 68500.45245891243, -119813.30750147195, 53467.00441443973, -182408.54083401454, -129141.36101500524, -87830.73280224, -88256.95821725824, -85772.00302743948, -0.756, -0.302, 0.5720000000000001, 192.0, 0.0, 0.0, 0.0, 0.0, 0.0, 0.0, 0.0, 0.0, 0.0, 1.769680291196879E9, 0.0, 2026-01-29 15:21:31.196
227.0, 68357.64716358748, -107722.33250407368, 68065.71102925671, -167524.67066343673, -129134.56608469083, -87827.983537672, -88258.18756320329, -85773.56764955136, -0.756, -0.302, 0.5720000000000001, 192.0, 0.0, 0.0, 0.0, 0.0, 0.0, 0.0, 0.0, 0.0, 0.0, 1.769680291196961E9, 0.0, 2026-01-29 15:21:31.196
228.0, 68234.82432780556, -99177.79704067673, 68362.92217527893, -157489.0279756818, -129127.10060204276, -87823.11085738074, -88256.46647888023, -85772.09243441731, -0.756, -0.302, 0.5720000000000001, 192.0, 0.0, 0.0, 0.0, 0.0, 0.0, 0.0, 0.0, 0.0, 0.0, 1.769680291197053E9, 0.0, 2026-01-29 15:21:31.197
229.0, 68318.06222415713, -107184.1472010788, 67831.53180259846, -167596.33035616047, -129132.33091024529, -87827.08946789378, -88257.2264381917, -85774.23820188502, -0.756, -0.302, 0.5720000000000001, 192.0, 0.0, 0.0, 0.0, 0.0, 0.0, 0.0, 0.0, 0.0, 0.0, 1.769680291197134E9, 0.0, 2026-01-29 15:21:31.197
230.0, 68478.45834236841, -119607.71615597203, 51832.7342668455, -182512.834073643, -129141.36101500524, -87834.66670926413, -88259.30515042605, -85778.1944606536, -0.756, -0.302, 0.5720000000000001, 192.0, 0.0, 0.0, 0.0, 0.0, 0.0, 0.0, 0.0, 0.0, 0.0, 1.769680291197217E9, 0.0, 2026-01-29 15:21:31.197
231.0, 68505.9733397929, -119848.86912690033, 53294.78422341159, -182407.24443283613, -129143.46207898404, -87838.57826454382, -88261.85324929396, -85781.88249848873, -0.756, -0.302, 0.5720000000000001, 192.0, 0.0, 0.0, 0.0, 0.0, 0.0, 0.0, 0.0, 0.0, 0.0, 1.769680291197303E9, 0.0, 2026-01-29 15:21:31.197
232.0, 68360.12820722202, -107688.84959087963, 68063.72172400019, -167476.033267502, -129134.47667771301, -87833.70558425256, -88260.86977253793, -85781.12253917725, -0.756, -0.302, 0.5720000000000001, 192.0, 0.0, 0.0, 0.0, 0.0, 0.0, 0.0, 0.0, 0.0, 0.0, 1.769680291197416E9, 0.0, 2026-01-29 15:21:31.197
233.0, 68236.2101359618, -99138.9497088134, 68364.30798343515, -157504.29421714475, -129125.69244214207, -87827.29063359388, -88257.71817656973, -85778.12740542024, -0.754, -0.294, 0.5720000000000001, 192.0, 232.0, 112.0, 246.0, 208.0, 17.0, 224.0, 0.0, 0.0, 0.0, 1.769680291197537E9, 0.0, 2026-01-29 15:21:31.197
234.0, 68322.93490444838, -107221.72048350818, 67810.07412792137, -167676.4837117772, -129133.38144223469, -87833.54912204137, -88260.91447602684, -85782.7989200114, -0.754, -0.294, 0.5720000000000001, 192.0, 0.0, 0.0, 0.0, 0.0, 0.0, 0.0, 0.0, 0.0, 0.0, 1.769680291197633E9, 0.0, 2026-01-29 15:21:31.197
235.0, 68486.39321165005, -119680.09110451832, 51604.65706642355, -182566.92529522482, -129145.47373598501, -87844.0320901909, -88266.01067376265, -85789.66090555918, -0.754, -0.294, 0.5720000000000001, 192.0, 0.0, 0.0, 0.0, 0.0, 0.0, 0.0, 0.0, 0.0, 0.0, 1.769680291197719E9, 0.0, 2026-01-29 15:21:31.197
236.0, 68510.8683718286, -119866.75052246459, 53272.946569078755, -182387.03845584852, -129145.227866796, -87845.41789834714, -88266.27889469611, -85791.06906545986, -0.754, -0.294, 0.5720000000000001, 192.0, 0.0, 0.0, 0.0, 0.0, 0.0, 0.0, 0.0, 0.0, 0.0, 1.769680291256644E9, 0.0, 2026-01-29 15:21:31.256
237.0, 68364.30798343515, -107621.5037848358, 68073.48943632716, -167414.20834233862, -129136.3318725028, -87840.47816282252, -88265.40717666235, -85790.51027184848, -0.754, -0.294, 0.5720000000000001, 192.0, 0.0, 0.0, 0.0, 0.0, 0.0, 0.0, 0.0, 0.0, 0.0, 1.769680291256764E9, 0.0, 2026-01-29 15:21:31.256
238.0, 68241.79807207562, -99080.29873136268, 68369.76180908225, -157544.34854320867, -129128.62052066572, -87835.22550287552, -88263.328464428, -85788.76683578096, -0.754, -0.294, 0.5720000000000001, 192.0, 0.0, 0.0, 0.0, 0.0, 0.0, 0.0, 0.0, 0.0, 0.0, 1.769680291256861E9, 0.0, 2026-01-29 15:21:31.256
239.0, 68327.15938415044, -107226.83903298844, 67782.8944066637, -167776.97715484825, -129134.18610503509, -87839.36057559974, -88264.5354586286, -85791.35963813779, -0.754, -0.294, 0.5720000000000001, 192.0, 0.0, 0.0, 0.0, 0.0, 0.0, 0.0, 0.0, 0.0, 0.0, 1.76968029125695E9, 0.0, 2026-01-29 15:21:31.256
240.0, 68487.73431631736, -119733.5564772554, 51270.14085890542, -182633.354679746, -129143.2832650284, -87846.87076173673, -88266.61417086294, -85795.2041381841, -0.754, -0.294, 0.5720000000000001, 192.0, 0.0, 0.0, 0.0, 0.0, 0.0, 0.0, 0.0, 0.0, 0.0, 1.769680291257086E9, 0.0, 2026-01-29 15:21:31.257
241.0, 68513.08119452967, -119907.6542148178, 53130.49890166509, -182382.2551825351, -129143.90911387315, -87849.21769490454, -88267.64235110789, -85797.43931262962, -0.754, -0.294, 0.5720000000000001, 192.0, 0.0, 0.0, 0.0, 0.0, 0.0, 0.0, 0.0, 0.0, 0.0, 1.769680291257203E9, 0.0, 2026-01-29 15:21:31.257
242.0, 68363.72683807932, -107591.23952284332, 68072.64007003786, -167389.17438854868, -129132.71088990103, -87842.02043318993, -88264.46840339524, -85794.57828933935, -0.754, -0.294, 0.5720000000000001, 192.0, 0.0, 0.0, 0.0, 0.0, 0.0, 0.0, 0.0, 0.0, 0.0, 1.76968029125729E9, 0.0, 2026-01-29 15:21:31.257
243.0, 68240.50167089721, -99033.42712323989, 68368.59951837058, -157564.06278181827, -129124.21722700802, -87835.87370346472, -88261.49562138268, -85791.94078349361, -0.75, -0.294, 0.5760000000000001, 192.0, 232.0, 144.0, 246.0, 208.0, 18.0, 0.0, 0.0, 0.0, 0.0, 1.769680291257388E9, 0.0, 2026-01-29 15:21:31.257
244.0, 68329.03693068468, -107254.19756820174, 67758.37454299624, -167852.9730859963, -129132.19679977857, -87842.55687505685, -88265.22836270671, -85796.92522250715, -0.75, -0.294, 0.5760000000000001, 192.0, 0.0, 0.0, 0.0, 0.0, 0.0, 0.0, 0.0, 0.0, 0.0, 1.76968029125753E9, 0.0, 2026-01-29 15:21:31.257
245.0, 68493.21049370892, -119805.43968742367, 50988.91121016875, -182686.52947980518, -129144.87023888473, -87853.6880437956, -88270.86100230945, -85804.41305689968, -0.75, -0.294, 0.5760000000000001, 192.0, 0.0, 0.0, 0.0, 0.0, 0.0, 0.0, 0.0, 0.0, 0.0, 1.769680291257641E9, 0.0, 2026-01-29 15:21:31.257
246.0, 68519.29497948826, -119935.43743317574, 53029.60312719383, -182367.57008642796, -129147.1277650747, -87857.73370954201, -88273.61026687745, -85808.32461217936, -0.75, -0.294, 0.5760000000000001, 192.0, 0.0, 0.0, 0.0, 0.0, 0.0, 0.0, 0.0, 0.0, 0.0, 1.769680291257767E9, 0.0, 2026-01-29 15:21:31.257
247.0, 68370.81234107165, -107547.56421417765, 68081.64782305334, -167348.67302759565, -129137.49416321448, -87852.21282866155, -88272.04564476557, -85807.13996972323, -0.75, -0.294, 0.5760000000000001, 192.0, 0.0, 0.0, 0.0, 0.0, 0.0, 0.0, 0.0, 0.0, 0.0, 1.76968029125787E9, 0.0, 2026-01-29 15:21:31.257
248.0, 68250.44819717982, -98983.35921566, 68378.5460446532, -157583.86642740565, -129131.77211663392, -87848.81536350434, -88271.82212732102, -85807.25172844551, -0.75, -0.294, 0.5760000000000001, 192.0, 0.0, 0.0, 0.0, 0.0, 0.0, 0.0, 0.0, 0.0, 0.0, 1.769680291257985E9, 0.0, 2026-01-29 15:21:31.257
249.0, 68339.72106453431, -107268.34622244195, 67744.5388131784, -167930.4889357673, -129140.08696557129, -87855.85616300776, -88275.6889791118, -85812.61614711478, -0.75, -0.294, 0.5760000000000001, 192.0, 0.0, 0.0, 0.0, 0.0, 0.0, 0.0, 0.0, 0.0, 0.0, 1.769680291258071E9, 0.0, 2026-01-29 15:21:31.258
250.0, 68502.12883974658, -119872.07023764495, 50709.290887032854, -182745.00164330026, -129150.18995406509, -87864.61804683424, -88278.81822333553, -85817.66764136168, -0.75, -0.294, 0.5760000000000001, 192.0, 0.0, 0.0, 0.0, 0.0, 0.0, 0.0, 0.0, 0.0, 0.0, 1.769680291258158E9, 0.0, 2026-01-29 15:21:31.258
251.0, 68527.20749702543, -119978.8221691635, 52885.83670685729, -182367.77125212803, -129151.95574187706, -87868.26138118046, -88281.20985999226, -85821.22156873008, -0.75, -0.294, 0.5760000000000001, 192.0, 0.0, 0.0, 0.0, 0.0, 0.0, 0.0, 0.0, 0.0, 0.0, 1.76968029131709E9, 0.0, 2026-01-29 15:21:31.317
252.0, 68379.6412801315, -107505.31941715711, 68087.6157388229, -167304.86360846326, -129144.08792782879, -87864.39452938968, -88281.47808092572, -85821.73565885254, -0.75, -0.294, 0.5760000000000001, 192.0, 0.0, 0.0, 0.0, 0.0, 0.0, 0.0, 0.0, 0.0, 0.0, 1.7696802913172E9, 0.0, 2026-01-29 15:21:31.317
253.0, 68257.37723796097, -98931.70433422379, 68385.36332671206, -157610.77792772985, -129136.5777416918, -87859.20892467606, -88279.37701694692, -85819.99222278503, -0.754, -0.29, 0.5760000000000001, 192.0, 232.0, 112.0, 246.0, 240.0, 18.0, 0.0, 0.0, 0.0, 0.0, 1.769680291317283E9, 0.0, 2026-01-29 15:21:31.317
254.0, 68346.24777391527, -107288.820420363, 67708.95483600555, -168016.47609668685, -129143.79735515088, -87865.15448870117, -88282.05922628156, -85823.97083329807, -0.754, -0.29, 0.5760000000000001, 192.0, 0.0, 0.0, 0.0, 0.0, 0.0, 0.0, 0.0, 0.0, 0.0, 1.769680291317372E9, 0.0, 2026-01-29 15:21:31.317
255.0, 68508.40967993852, -119943.79698560202, 50289.65923662892, -182819.52235931426, -129153.6321227112, -87873.60344810528, -88284.96495306074, -85828.84351358932, -0.754, -0.29, 0.5760000000000001, 192.0, 0.0, 0.0, 0.0, 0.0, 0.0, 0.0, 0.0, 0.0, 0.0, 1.769680291317512E9, 0.0, 2026-01-29 15:21:31.317
0.0, 68529.08504355968, -120001.28567234108, 52719.58443159872, -182360.6410456468, -129151.50870698795, -87873.17876496063, -88283.44503443778, -85828.44118218914, -0.754, -0.29, 0.5760000000000001, 192.0, 0.0, 0.0, 0.0, 0.0, 0.0, 0.0, 0.0, 0.0, 0.0, 1.76968029131762E9, 0.0, 2026-01-29 15:21:31.317
1.0, 68377.78608534171, -107438.17477681336, 68085.17939867728, -167256.0250468284, -129140.93633186059, -87866.51794511294, -88280.87458382543, -85826.04954553241, -0.754, -0.29, 0.5760000000000001, 192.0, 0.0, 0.0, 0.0, 0.0, 0.0, 0.0, 0.0, 0.0, 0.0, 1.769680291317702E9, 0.0, 2026-01-29 15:21:31.317
2.0, 68259.32183972858, -98869.90176080487, 68387.19616975739, -157631.22977390647, -129136.86831436973, -87864.81921253433, -88282.26039198166, -85827.77062985547, -0.754, -0.29, 0.5760000000000001, 192.0, 0.0, 0.0, 0.0, 0.0, 0.0, 0.0, 0.0, 0.0, 0.0, 1.769680291317793E9, 0.0, 2026-01-29 15:21:31.317
3.0, 68348.6841140609, -107304.332531015, 67674.46609431102, -168108.2300076759, -129143.88676212869, -87870.56361085936, -88284.94260131629, -85831.72688862406, -0.754, -0.29, 0.5760000000000001, 192.0, 0.0, 0.0, 0.0, 0.0, 0.0, 0.0, 0.0, 0.0, 0.0, 1.769680291317874E9, 0.0, 2026-01-29 15:21:31.317
4.0, 68509.84019158366, -120002.78323921959, 49866.98774897907, -182884.00714206783, -129152.44748025507, -87877.64911385169, -88286.46251993925, -85835.10200203682, -0.754, -0.29, 0.5760000000000001, 192.0, 0.0, 0.0, 0.0, 0.0, 0.0, 0.0, 0.0, 0.0, 0.0, 1.769680291317955E9, 0.0, 2026-01-29 15:21:31.317
5.0, 68532.3260465057, -120023.88328598539, 52478.27499845922, -182357.0424147895, -129152.69334944409, -87879.88428829722, -88287.37894146192, -85837.1136590378, -0.754, -0.29, 0.5760000000000001, 192.0, 0.0, 0.0, 0.0, 0.0, 0.0, 0.0, 0.0, 0.0, 0.0, 1.769680291318037E9, 0.0, 2026-01-29 15:21:31.318
6.0, 68383.26226273326, -107384.97762500973, 68085.53702658857, -167208.68405207206, -129145.227866796, -87876.41976790664, -88288.09419728449, -85837.94067358263, -0.754, -0.29, 0.5760000000000001, 192.0, 0.0, 0.0, 0.0, 0.0, 0.0, 0.0, 0.0, 0.0, 0.0, 1.769680291318214E9, 0.0, 2026-01-29 15:21:31.318
7.0, 68262.69695314133, -98813.95534443324, 68390.54893142568, -157643.970268246, -129139.01408183743, -87872.46350913805, -88287.24483099519, -85837.33717648235, -0.752, -0.28800000000000003, 0.5700000000000001, 192.0, 232.0, 128.0, 247.0, 0.0, 17.0, 208.0, 0.0, 0.0, 0.0, 1.769680291318307E9, 0.0, 2026-01-29 15:21:31.318
8.0, 68352.88624201849, -107320.93987714528, 67647.55459398683, -168197.01113665238, -129145.8313638963, -87877.8949830407, -88289.3905984629, -85840.98051082857, -0.752, -0.28800000000000003, 0.5700000000000001, 192.0, 0.0, 0.0, 0.0, 0.0, 0.0, 0.0, 0.0, 0.0, 0.0, 1.76968029131842E9, 0.0, 2026-01-29 15:21:31.318
9.0, 68516.90334283155, -120054.12519623342, 49596.7551585144, -182950.72709926692, -129156.91782914613, -87887.50623315647, -88293.5927264205, -85846.92607485368, -0.752, -0.28800000000000003, 0.5700000000000001, 192.0, 0.0, 0.0, 0.0, 0.0, 0.0, 0.0, 0.0, 0.0, 0.0, 1.769680291318507E9, 0.0, 2026-01-29 15:21:31.318
10.0, 68536.43876748548, -120035.77441403562, 52376.59691293203, -182356.52832466702, -129154.77206167842, -87887.1933087341, -88292.22927000873, -85846.68020566467, -0.752, -0.28800000000000003, 0.5700000000000001, 192.0, 0.0, 0.0, 0.0, 0.0, 0.0, 0.0, 0.0, 0.0, 0.0, 1.769680291377152E9, 0.0, 2026-01-29 15:21:31.377
11.0, 68383.66459413346, -107319.03997886658, 68085.98406147768, -167160.69485672654, -129144.24439003998, -87880.59954411979, -88289.88233684092, -85844.57914168587, -0.752, -0.28800000000000003, 0.5700000000000001, 192.0, 0.0, 0.0, 0.0, 0.0, 0.0, 0.0, 0.0, 0.0, 0.0, 1.769680291377268E9, 0.0, 2026-01-29 15:21:31.377
12.0, 68264.44038920884, -98770.48120146766, 68392.27001574874, -157688.0255565674, -129138.92467485962, -87877.5373551294, -88289.81528160755, -85845.04852831943, -0.752, -0.28800000000000003, 0.5700000000000001, 192.0, 0.0, 0.0, 0.0, 0.0, 0.0, 0.0, 0.0, 0.0, 0.0, 1.769680291377357E9, 0.0, 2026-01-29 15:21:31.377
13.0, 68355.45669263086, -107344.72213324573, 67610.98714005794, -168297.01284134542, -129146.0772330853, -87883.25940170996, -88292.27397349763, -85848.98243534357, -0.752, -0.28800000000000003, 0.5700000000000001, 192.0, 0.0, 0.0, 0.0, 0.0, 0.0, 0.0, 0.0, 0.0, 0.0, 1.769680291377462E9, 0.0, 2026-01-29 15:21:31.377
14.0, 68516.16573526451, -120110.54099923861, 49256.82982883809, -183022.81147513527, -129153.6321227112, -87889.2943727129, -88292.87747059793, -85851.37407200028, -0.752, -0.28800000000000003, 0.5700000000000001, 192.0, 0.0, 0.0, 0.0, 0.0, 0.0, 0.0, 0.0, 0.0, 0.0, 1.769680291377598E9, 0.0, 2026-01-29 15:21:31.377
15.0, 68540.61854369861, -120049.23016419771, 52299.25987711667, -182343.1396297383, -129156.56020123485, -87894.18940474861, -88296.61021192196, -85856.22440054709, -0.752, -0.28800000000000003, 0.5700000000000001, 192.0, 0.0, 0.0, 0.0, 0.0, 0.0, 0.0, 0.0, 0.0, 0.0, 1.769680291377708E9, 0.0, 2026-01-29 15:21:31.377
16.0, 68390.92891108143, -107267.85448406392, 68096.06469822701, -167128.1507167996, -129149.49704998697, -87891.12721575824, -88297.77250263364, -85857.65491219221, -0.752, -0.28800000000000003, 0.5700000000000001, 192.0, 0.0, 0.0, 0.0, 0.0, 0.0, 0.0, 0.0, 0.0, 0.0, 1.769680291377796E9, 0.0, 2026-01-29 15:21:31.377
17.0, 68269.69304915585, -98714.3559711404, 68397.63443441803, -157712.65717895713, -129141.51747721643, -87885.5392796444, -88295.11264504345, -85855.28562727995, -0.758, -0.298, 0.5740000000000001, 192.0, 232.0, 80.0, 246.0, 176.0, 17.0, 240.0, 0.0, 0.0, 0.0, 1.769680291377894E9, 0.0, 2026-01-29 15:21:31.377
18.0, 68361.08933223359, -107346.82319722453, 67583.98623275594, -168374.21576669405, -129147.75361391946, -87890.45666342457, -88296.81137762206, -85858.25840929251, -0.758, -0.298, 0.5740000000000001, 192.0, 0.0, 0.0, 0.0, 0.0, 0.0, 0.0, 0.0, 0.0, 0.0, 1.769680291377989E9, 0.0, 2026-01-29 15:21:31.377
19.0, 68524.88291560208, -120146.03556943365, 49006.75851187212, -183071.98531293694, -129157.96836113553, -87899.24089899551, -88300.097084057, -85863.35460702832, -0.758, -0.298, 0.5740000000000001, 192.0, 0.0, 0.0, 0.0, 0.0, 0.0, 0.0, 0.0, 0.0, 0.0, 1.769680291378075E9, 0.0, 2026-01-29 15:21:31.378
20.0, 68547.50288099085, -120034.12038494593, 52299.21517362776, -182325.59351034087, -129159.66709371413, -87902.83952985282, -88302.60047943599, -85866.95323788562, -0.758, -0.298, 0.5740000000000001, 192.0, 0.0, 0.0, 0.0, 0.0, 0.0, 0.0, 0.0, 0.0, 0.0, 1.769680291378162E9, 0.0, 2026-01-29 15:21:31.378
21.0, 68392.53823668222, -107187.20939006918, 68106.97234952121, -167074.52888185132, -129148.11124183075, -87895.32934371583, -88299.11360730095, -85863.57812447287, -0.758, -0.298, 0.5740000000000001, 192.0, 0.0, 0.0, 0.0, 0.0, 0.0, 0.0, 0.0, 0.0, 0.0, 1.769680291378261E9, 0.0, 2026-01-29 15:21:31.378
22.0, 68271.861168368, -98653.31335703294, 68399.66844316345, -157725.68824597457, -129140.26577952693, -87889.65200062419, -88296.43139796631, -85861.1641360717, -0.758, -0.298, 0.5740000000000001, 192.0, 0.0, 0.0, 0.0, 0.0, 0.0, 0.0, 0.0, 0.0, 0.0, 1.769680291378358E9, 0.0, 2026-01-29 15:21:31.378
23.0, 68364.95618402436, -107368.86201725746, 67561.85800574518, -168455.03967464445, -129147.46304124154, -87895.57521290485, -88299.00184857869, -85865.07569135138, -0.758, -0.298, 0.5740000000000001, 192.0, 0.0, 0.0, 0.0, 0.0, 0.0, 0.0, 0.0, 0.0, 0.0, 1.769680291378468E9, 0.0, 2026-01-29 15:21:31.378
24.0, 68529.59913368215, -120193.98006129028, 48800.787186716465, -183124.95894729602, -129158.01306462445, -87904.85118685379, -88302.82399688054, -85870.6189239763, -0.758, -0.298, 0.5740000000000001, 192.0, 0.0, 0.0, 0.0, 0.0, 0.0, 0.0, 0.0, 0.0, 0.0, 1.769680291378555E9, 0.0, 2026-01-29 15:21:31.378
25.0, 68549.1345583361, -120046.2350304407, 52227.26490822613, -182318.70917304864, -129156.69431170158, -87905.499387443, -88302.2428515247, -85871.17771758768, -0.758, -0.298, 0.5740000000000001, 192.0, 0.0, 0.0, 0.0, 0.0, 0.0, 0.0, 0.0, 0.0, 0.0, 1.769680291437573E9, 0.0, 2026-01-29 15:21:31.437
26.0, 68395.75688788378, -107128.04432249599, 68108.87224779991, -167030.54064876327, -129146.8818958857, -87899.66558214017, -88300.67822941282, -85869.769557687, -0.758, -0.298, 0.5740000000000001, 192.0, 0.0, 0.0, 0.0, 0.0, 0.0, 0.0, 0.0, 0.0, 0.0, 1.769680291437701E9, 0.0, 2026-01-29 15:21:31.437
27.0, 68277.65027018193, -98620.79156885047, 68405.45754497738, -157765.11672319373, -129141.20455279405, -87896.02224779395, -88300.27589801264, -85869.59074373136, -0.758, -0.298, 0.58, 192.0, 232.0, 80.0, 246.0, 176.0, 18.0, 32.0, 0.0, 0.0, 0.0, 1.76968029143779E9, 0.0, 2026-01-29 15:21:31.437
28.0, 68370.70058234937, -107395.52764839264, 67523.52476400432, -168550.86160312436, -129147.39598600818, -87900.96198331857, -88301.72876140222, -85872.54117399946, -0.758, -0.298, 0.58, 192.0, 0.0, 0.0, 0.0, 0.0, 0.0, 0.0, 0.0, 0.0, 0.0, 1.769680291437885E9, 0.0, 2026-01-29 15:21:31.437
29.0, 68533.71185466193, -120243.10919560304, 48439.09125794069, -183192.0365324064, -129156.5378494904, -87908.87450085575, -88304.00863933667, -85876.67624672368, -0.758, -0.298, 0.58, 192.0, 0.0, 0.0, 0.0, 0.0, 0.0, 0.0, 0.0, 0.0, 0.0, 1.769680291438023E9, 0.0, 2026-01-29 15:21:31.438
30.0, 68554.72249444992, -120048.9395915198, 52131.040648346025, -182302.21358564062, -129157.47662275752, -87911.82493112385, -88305.7967788931, -85879.64902873624, -0.758, -0.298, 0.58, 192.0, 0.0, 0.0, 0.0, 0.0, 0.0, 0.0, 0.0, 0.0, 0.0, 1.769680291438132E9, 0.0, 2026-01-29 15:21:31.438
31.0, 68401.32247225314, -107073.37195555831, 68118.59525663797, -166990.03928781024, -129148.22300055301, -87906.77343687695, -88304.85800562597, -85878.91142116922, -0.758, -0.298, 0.58, 192.0, 0.0, 0.0, 0.0, 0.0, 0.0, 0.0, 0.0, 0.0, 0.0, 1.769680291438219E9, 0.0, 2026-01-29 15:21:31.438
32.0, 68284.22168305179, -98593.90242027074, 68411.93955086941, -157801.77358410045, -129142.99269235048, -87903.77830311994, -88304.85800562597, -85879.29140082496, -0.758, -0.298, 0.58, 192.0, 0.0, 0.0, 0.0, 0.0, 0.0, 0.0, 0.0, 0.0, 0.0, 1.769680291438317E9, 0.0, 2026-01-29 15:21:31.438
33.0, 68377.96489929735, -107415.97949456926, 67510.47134524243, -168637.18404021073, -129149.40764300915, -87908.78509387793, -88306.51203471566, -85882.33123807088, -0.758, -0.298, 0.58, 192.0, 0.0, 0.0, 0.0, 0.0, 0.0, 0.0, 0.0, 0.0, 0.0, 1.769680291438417E9, 0.0, 2026-01-29 15:21:31.438
34.0, 68542.54079372178, -120266.84674821458, 48255.5387324737, -183247.3570999333, -129159.91296290315, -87918.03871608243, -88310.26712778416, -85887.62860150679, -0.758, -0.298, 0.58, 192.0, 0.0, 0.0, 0.0, 0.0, 0.0, 0.0, 0.0, 0.0, 0.0, 1.769680291438505E9, 0.0, 2026-01-29 15:21:31.438
35.0, 68563.9314131655, -120047.2855624301, 52097.356569451884, -182297.76558849402, -129161.47758501502, -87921.61499519527, -88312.63641269642, -85891.31663934191, -0.758, -0.298, 0.58, 192.0, 0.0, 0.0, 0.0, 0.0, 0.0, 0.0, 0.0, 0.0, 0.0, 1.769680291438591E9, 0.0, 2026-01-29 15:21:31.438
36.0, 68410.30787352417, -107047.64509769024, 68131.02282655511, -166968.62631662207, -129152.60394246626, -87916.6976114151, -88311.94350861831, -85890.95901143063, -0.758, -0.298, 0.58, 192.0, 0.0, 0.0, 0.0, 0.0, 0.0, 0.0, 0.0, 0.0, 0.0, 1.769680291438694E9, 0.0, 2026-01-29 15:21:31.438
37.0, 68291.53070348868, -98568.44378333614, 68419.27092305076, -157835.92704962817, -129145.56314296284, -87911.62376542375, -88310.0436103396, -85889.34968582985, -0.754, -0.294, 0.5740000000000001, 192.0, 232.0, 112.0, 246.0, 208.0, 17.0, 240.0, 0.0, 0.0, 0.0, 1.769680291438792E9, 0.0, 2026-01-29 15:21:31.438
38.0, 68385.40803020097, -107425.88131736295, 67490.24301651037, -168730.43551807827, -129151.70987268805, -87916.42939048164, -88311.47412198473, -85892.14365388676, -0.754, -0.294, 0.5740000000000001, 192.0, 0.0, 0.0, 0.0, 0.0, 0.0, 0.0, 0.0, 0.0, 0.0, 1.769680291438899E9, 0.0, 2026-01-29 15:21:31.438
39.0, 68552.01793337082, -120291.7912950267, 48073.573180863044, -183304.28699306096, -129164.27155307193, -87927.82878015385, -88317.15146507639, -85899.74324700156, -0.754, -0.294, 0.5740000000000001, 192.0, 0.0, 0.0, 0.0, 0.0, 0.0, 0.0, 0.0, 0.0, 0.0, 1.769680291438986E9, 0.0, 2026-01-29 15:21:31.438
40.0, 68573.16268362555, -120038.30016115906, 52062.957234735164, -182292.24470761357, -129166.43967228409, -87932.008556367, -88320.28070930013, -85903.99007844807, -0.754, -0.294, 0.5740000000000001, 192.0, 0.0, 0.0, 0.0, 0.0, 0.0, 0.0, 0.0, 0.0, 0.0, 1.76968029149802E9, 0.0, 2026-01-29 15:21:31.498
41.0, 68419.20386781738, -106974.48783808803, 68141.34933249347, -166912.07640315013, -129157.63308496871, -87927.26998654247, -88319.76661917767, -85903.69950577016, -0.754, -0.294, 0.5740000000000001, 192.0, 0.0, 0.0, 0.0, 0.0, 0.0, 0.0, 0.0, 0.0, 0.0, 1.769680291498132E9, 0.0, 2026-01-29 15:21:31.498
42.0, 68301.03019488219, -98550.18240811616, 68428.79276618872, -157873.29916635744, -129150.41347150964, -87922.24084404002, -88317.64320345441, -85901.9784214471, -0.754, -0.294, 0.5740000000000001, 192.0, 0.0, 0.0, 0.0, 0.0, 0.0, 0.0, 0.0, 0.0, 0.0, 1.769680291498216E9, 0.0, 2026-01-29 15:21:31.498
43.0, 68396.36038498407, -107490.83548675007, 67464.13617898658, -168829.2972838041, -129157.1413465907, -87927.58291096485, -88319.67721219984, -85905.50999707103, -0.754, -0.294, 0.5740000000000001, 192.0, 0.0, 0.0, 0.0, 0.0, 0.0, 0.0, 0.0, 0.0, 0.0, 1.769680291498298E9, 0.0, 2026-01-29 15:21:31.498
44.0, 68561.56212825324, -120356.92427836946, 47926.29753664703, -183360.34516815486, -129168.27251532943, -87937.26121631399, -88323.9463953908, -85911.65672679624, -0.754, -0.294, 0.5740000000000001, 192.0, 0.0, 0.0, 0.0, 0.0, 0.0, 0.0, 0.0, 0.0, 0.0, 1.769680291498465E9, 0.0, 2026-01-29 15:21:31.498
45.0, 68580.65051801807, -120032.3322453895, 52225.61087913643, -182258.71709093062, -129169.07717812982, -87940.09988785982, -88325.73453494723, -85914.65186055325, -0.754, -0.294, 0.5740000000000001, 192.0, 0.0, 0.0, 0.0, 0.0, 0.0, 0.0, 0.0, 0.0, 0.0, 1.769680291498568E9, 0.0, 2026-01-29 15:21:31.498
46.0, 68424.70239695339, -106922.1400525737, 68161.60001296998, -166855.5935449116, -129158.97418963602, -87933.97550987906, -88323.90169190189, -85913.04253495247, -0.754, -0.294, 0.5740000000000001, 192.0, 0.0, 0.0, 0.0, 0.0, 0.0, 0.0, 0.0, 0.0, 0.0, 1.769680291498666E9, 0.0, 2026-01-29 15:21:31.498
47.0, 68310.46263104232, -98532.16690208518, 68438.26990583776, -157887.49252408656, -129155.35320703426, -87932.43323951165, -88325.28750005813, -85914.67421229772, -0.752, -0.292, 0.5720000000000001, 192.0, 232.0, 128.0, 246.0, 224.0, 17.0, 224.0, 0.0, 0.0, 0.0, 1.769680291498764E9, 0.0, 2026-01-29 15:21:31.498
48.0, 68406.12809731104, -107535.85190008306, 67435.30242863923, -168909.38358418748, -129161.52228850393, -87937.19416108062, -88326.51684600316, -85917.49053209908, -0.752, -0.292, 0.5720000000000001, 192.0, 0.0, 0.0, 0.0, 0.0, 0.0, 0.0, 0.0, 0.0, 0.0, 1.76968029149886E9, 0.0, 2026-01-29 15:21:31.498
49.0, 68571.0839713912, -120422.41488962351, 47599.91736411064, -183429.21089282166, -129172.20642235357, -87946.73835596304, -88330.54016000511, -85923.32433740191, -0.752, -0.292, 0.5720000000000001, 192.0, 0.0, 0.0, 0.0, 0.0, 0.0, 0.0, 0.0, 0.0, 0.0, 1.769680291498946E9, 0.0, 2026-01-29 15:21:31.498
50.0, 68588.31716636625, -120041.69762631628, 52108.97947656864, -182256.10193682933, -129171.78173920892, -87948.504143775, -88331.14365710541, -85925.06777346943, -0.752, -0.292, 0.5720000000000001, 192.0, 0.0, 0.0, 0.0, 0.0, 0.0, 0.0, 0.0, 0.0, 0.0, 1.769680291499032E9, 0.0, 2026-01-29 15:21:31.499
51.0, 68429.86564992258, -106859.64457507666, 68168.8866816624, -166812.0746984571, -129159.91296290315, -87940.56927449338, -88327.47797101474, -85921.64795656776, -0.752, -0.292, 0.5720000000000001, 192.0, 0.0, 0.0, 0.0, 0.0, 0.0, 0.0, 0.0, 0.0, 0.0, 1.769680291499143E9, 0.0, 2026-01-29 15:21:31.499
52.0, 68314.26242759972, -98489.58682889782, 68441.9579436729, -157905.50803011752, -129154.28032330041, -87936.99299538053, -88326.98623263673, -85921.5809013344, -0.752, -0.292, 0.5720000000000001, 192.0, 0.0, 0.0, 0.0, 0.0, 0.0, 0.0, 0.0, 0.0, 0.0, 1.76968029149924E9, 0.0, 2026-01-29 15:21:31.499
53.0, 68409.48085897934, -107563.8362841411, 67415.58819002965, -168991.52624506073, -129159.37652103622, -87940.79279193793, -88327.32150880355, -85923.36904089083, -0.752, -0.292, 0.5720000000000001, 192.0, 0.0, 0.0, 0.0, 0.0, 0.0, 0.0, 0.0, 0.0, 0.0, 1.769680291499339E9, 0.0, 2026-01-29 15:21:31.499
54.0, 68573.54266328129, -120476.66257341654, 47433.26275745186, -183476.52953583354, -129168.92071591863, -87949.04058564194, -88330.07077337155, -85927.95114850416, -0.752, -0.292, 0.5720000000000001, 192.0, 0.0, 0.0, 0.0, 0.0, 0.0, 0.0, 0.0, 0.0, 0.0, 1.769680291499443E9, 0.0, 2026-01-29 15:21:31.499
55.0, 68592.56399781276, -120072.20775749777, 52091.38865368231, -182243.74142214554, -129170.59709675278, -87952.72862347706, -88332.77533445065, -85931.77329680602, -0.752, -0.292, 0.5720000000000001, 192.0, 0.0, 0.0, 0.0, 0.0, 0.0, 0.0, 0.0, 0.0, 0.0, 1.76968029155815E9, 0.0, 2026-01-29 15:21:31.558
56.0, 68436.57117325916, -106833.53773755286, 68178.341469567, -166766.5218432572, -129161.47758501502, -87947.67712923016, -88332.01537513916, -85931.0803927279, -0.752, -0.292, 0.5720000000000001, 192.0, 0.0, 0.0, 0.0, 0.0, 0.0, 0.0, 0.0, 0.0, 0.0, 1.769680291558264E9, 0.0, 2026-01-29 15:21:31.558
57.0, 68320.40915732493, -98480.53437239342, 68448.14937688701, -157941.87431834632, -129154.77206167842, -87943.005614639, -88330.2495873272, -85929.69458457167, -0.756, -0.298, 0.5740000000000001, 192.0, 232.0, 96.0, 246.0, 176.0, 17.0, 240.0, 0.0, 0.0, 0.0, 1.769680291558353E9, 0.0, 2026-01-29 15:21:31.558
58.0, 68418.08628059462, -107618.93333422343, 67390.68834670643, -169079.30154553673, -129161.43288152611, -87948.19121935264, -88332.01537513916, -85932.86853228432, -0.756, -0.298, 0.5740000000000001, 192.0, 0.0, 0.0, 0.0, 0.0, 0.0, 0.0, 0.0, 0.0, 0.0, 1.769680291558502E9, 0.0, 2026-01-29 15:21:31.558
59.0, 68581.9916226854, -120533.45835607748, 47271.167906661976, -183530.15137078182, -129170.97707640853, -87956.32725433436, -88334.80934319609, -85937.47299164212, -0.756, -0.298, 0.5740000000000001, 192.0, 0.0, 0.0, 0.0, 0.0, 0.0, 0.0, 0.0, 0.0, 0.0, 1.769680291558646E9, 0.0, 2026-01-29 15:21:31.558
60.0, 68598.8895414936, -120067.17861499533, 52139.713125194685, -182229.10102952732, -129171.35705606427, -87958.78594622445, -88336.26220658567, -85939.8869800433, -0.756, -0.298, 0.5740000000000001, 192.0, 0.0, 0.0, 0.0, 0.0, 0.0, 0.0, 0.0, 0.0, 0.0, 1.769680291558755E9, 0.0, 2026-01-29 15:21:31.558
61.0, 68441.8014814617, -106771.75751587839, 68190.5455220396, -166731.13903178443, -129162.0363786264, -87953.60034151081, -88335.18932285182, -85939.037613754, -0.756, -0.298, 0.5740000000000001, 192.0, 0.0, 0.0, 0.0, 0.0, 0.0, 0.0, 0.0, 0.0, 0.0, 1.769680291558862E9, 0.0, 2026-01-29 15:21:31.558
62.0, 68323.31488410413, -98448.90665398916, 68451.03275192175, -157970.86453090483, -129152.7827564219, -87946.53719026294, -88331.07660187205, -85935.14841021877, -0.756, -0.298, 0.5740000000000001, 192.0, 0.0, 0.0, 0.0, 0.0, 0.0, 0.0, 0.0, 0.0, 0.0, 1.76968029155897E9, 0.0, 2026-01-29 15:21:31.558
63.0, 68422.93660914143, -107640.56982285618, 67357.27248874576, -169154.40340690655, -129160.96349489255, -87953.33212057735, -88334.40701179589, -85939.86462829883, -0.756, -0.298, 0.5740000000000001, 192.0, 0.0, 0.0, 0.0, 0.0, 0.0, 0.0, 0.0, 0.0, 0.0, 1.769680291559056E9, 0.0, 2026-01-29 15:21:31.559
64.0, 68587.53485531031, -120570.91987978457, 46976.41545252984, -183588.31060985455, -129171.20059385308, -87962.27281835947, -88337.78212520864, -85945.09493650138, -0.756, -0.298, 0.5740000000000001, 192.0, 0.0, 0.0, 0.0, 0.0, 0.0, 0.0, 0.0, 0.0, 0.0, 1.769680291559144E9, 0.0, 2026-01-29 15:21:31.559
65.0, 68603.44929736249, -120069.86082432995, 52086.091290246404, -182220.0485730229, -129170.75355896397, -87963.83744047135, -88338.36327056447, -85946.77131733553, -0.756, -0.298, 0.5740000000000001, 192.0, 0.0, 0.0, 0.0, 0.0, 0.0, 0.0, 0.0, 0.0, 0.0, 1.769680291559236E9, 0.0, 2026-01-29 15:21:31.559
66.0, 68445.53422278575, -106745.36010567666, 68199.21799888826, -166713.27998796463, -129160.82938442582, -87957.84717295732, -88336.70924147479, -85945.34080569039, -0.756, -0.298, 0.5740000000000001, 192.0, 0.0, 0.0, 0.0, 0.0, 0.0, 0.0, 0.0, 0.0, 0.0, 1.769680291559351E9, 0.0, 2026-01-29 15:21:31.559
67.0, 68331.71914001933, -98433.32748810381, 68459.50406307032, -157992.3892608153, -129156.06846285683, -87954.98614966705, -88337.04451764161, -85945.98900627959, -0.756, -0.294, 0.5740000000000001, 192.0, 232.0, 96.0, 246.0, 208.0, 17.0, 240.0, 0.0, 0.0, 0.0, 1.76968029155948E9, 0.0, 2026-01-29 15:21:31.559
68.0, 68433.7995569467, -107679.6183204196, 67331.76914832224, -169225.50430601888, -129166.23850658399, -87963.63627477126, -88342.23012235525, -85952.49336391609, -0.756, -0.294, 0.5740000000000001, 192.0, 0.0, 0.0, 0.0, 0.0, 0.0, 0.0, 0.0, 0.0, 0.0, 1.769680291559603E9, 0.0, 2026-01-29 15:21:31.559
69.0, 68598.75543102688, -120630.39787178015, 46688.52498394549, -183637.3950406784, -129176.69912298908, -87972.80048999793, -88345.94051193482, -85958.01424479655, -0.756, -0.294, 0.5740000000000001, 192.0, 0.0, 0.0, 0.0, 0.0, 0.0, 0.0, 0.0, 0.0, 0.0, 1.769680291559689E9, 0.0, 2026-01-29 15:21:31.559
70.0, 68613.23936143391, -120085.12706579293, 51961.83794281935, -182219.78035208947, -129175.78270146642, -87973.94042896514, -88346.09697414601, -85959.2882942305, -0.756, -0.294, 0.5740000000000001, 192.0, 0.0, 0.0, 0.0, 0.0, 0.0, 0.0, 0.0, 0.0, 0.0, 1.769680291618394E9, 0.0, 2026-01-29 15:21:31.618
71.0, 68455.59250779063, -106688.92195092702, 68206.9517024698, -166674.92439447934, -129166.86435542874, -87968.88893471826, -88345.35936657898, -85958.86361108585, -0.756, -0.294, 0.5740000000000001, 192.0, 0.0, 0.0, 0.0, 0.0, 0.0, 0.0, 0.0, 0.0, 0.0, 1.769680291618521E9, 0.0, 2026-01-29 15:21:31.618
72.0, 68343.31969539162, -98410.79692969286, 68471.0152114648, -158045.4523021522, -129163.01985538243, -87967.07844341737, -88346.47695380176, -85960.40588145326, -0.756, -0.294, 0.5740000000000001, 192.0, 0.0, 0.0, 0.0, 0.0, 0.0, 0.0, 0.0, 0.0, 0.0, 1.769680291618661E9, 0.0, 2026-01-29 15:21:31.618
73.0, 68443.72373148486, -107720.11968137261, 67303.94122647539, -169336.9724556175, -129170.66415198614, -87973.38163535377, -88349.31562534758, -85964.60800941086, -0.756, -0.294, 0.5740000000000001, 192.0, 0.0, 0.0, 0.0, 0.0, 0.0, 0.0, 0.0, 0.0, 0.0, 1.769680291618763E9, 0.0, 2026-01-29 15:21:31.618
74.0, 68610.33363465471, -120671.30156413336, 46485.034702424375, -183706.32782057856, -129182.82350096984, -87984.33399013686, -88354.72474750577, -85971.84997461438, -0.756, -0.294, 0.5740000000000001, 192.0, 0.0, 0.0, 0.0, 0.0, 0.0, 0.0, 0.0, 0.0, 0.0, 1.76968029161891E9, 0.0, 2026-01-29 15:21:31.618
75.0, 68622.94001852752, -120076.96867906675, 51958.39577417324, -182211.510206641, -129180.56597477985, -87984.3116383924, -88353.58480853854, -85971.82762286993, -0.756, -0.294, 0.5740000000000001, 192.0, 0.0, 0.0, 0.0, 0.0, 0.0, 0.0, 0.0, 0.0, 0.0, 1.76968029161903E9, 0.0, 2026-01-29 15:21:31.619
76.0, 68464.46615033939, -106620.54796463823, 68219.55808634259, -166620.78846940858, -129171.49116653099, -87979.23779240105, -88352.84720097152, -85971.22412576963, -0.756, -0.294, 0.5740000000000001, 192.0, 0.0, 0.0, 0.0, 0.0, 0.0, 0.0, 0.0, 0.0, 0.0, 1.769680291619137E9, 0.0, 2026-01-29 15:21:31.619
77.0, 68348.92998324991, -98387.26054278143, 68476.67020281199, -158070.62036640887, -129164.27155307193, -87974.09689117633, -88350.54497129262, -85969.1901170242, -0.752, -0.292, 0.5760000000000001, 192.0, 232.0, 128.0, 246.0, 224.0, 18.0, 0.0, 0.0, 0.0, 0.0, 1.769680291619245E9, 0.0, 2026-01-29 15:21:31.619
78.0, 68449.69164725443, -107772.60157735368, 67267.5302347577, -169424.7924595824, -129171.49116653099, -87979.93069647918, -88352.86955271597, -85973.05696881497, -0.752, -0.292, 0.5760000000000001, 192.0, 0.0, 0.0, 0.0, 0.0, 0.0, 0.0, 0.0, 0.0, 0.0, 1.769680291619337E9, 0.0, 2026-01-29 15:21:31.619
79.0, 68616.03332949082, -120719.44722169009, 46304.11968280312, -183759.81554506012, -129183.60581202577, -87990.8159960289, -88358.2563231297, -85980.32128576294, -0.752, -0.292, 0.5760000000000001, 192.0, 0.0, 0.0, 0.0, 0.0, 0.0, 0.0, 0.0, 0.0, 0.0, 1.769680291619445E9, 0.0, 2026-01-29 15:21:31.619
80.0, 68631.32192269826, -120044.9386292623, 52109.515918435565, -182172.48406082203, -129184.90221320419, -87994.3252199084, -88360.71501501978, -85983.85286138688, -0.752, -0.292, 0.5760000000000001, 192.0, 0.0, 0.0, 0.0, 0.0, 0.0, 0.0, 0.0, 0.0, 0.0, 1.769680291619532E9, 0.0, 2026-01-29 15:21:31.619
81.0, 68469.5623480752, -106537.93591713143, 68240.52402264166, -166561.39988439082, -129172.96638166504, -87986.4127023712, -88357.13873590693, -85980.58950669641, -0.752, -0.292, 0.5760000000000001, 192.0, 0.0, 0.0, 0.0, 0.0, 0.0, 0.0, 0.0, 0.0, 0.0, 1.769680291619639E9, 0.0, 2026-01-29 15:21:31.619
82.0, 68355.30023041967, -98354.47053366549, 68482.90633951502, -158086.64656718334, -129166.05969262836, -87981.47296684659, -88355.08237541704, -85978.93547760672, -0.752, -0.292, 0.5760000000000001, 192.0, 0.0, 0.0, 0.0, 0.0, 0.0, 0.0, 0.0, 0.0, 0.0, 1.769680291619746E9, 0.0, 2026-01-29 15:21:31.619
83.0, 68456.55363280221, -107811.8959441061, 67244.53028971318, -169519.9661874731, -129173.01108515395, -87986.9714959826, -88357.11638416248, -85982.42234974174, -0.752, -0.292, 0.5760000000000001, 192.0, 0.0, 0.0, 0.0, 0.0, 0.0, 0.0, 0.0, 0.0, 0.0, 1.769680291619852E9, 0.0, 2026-01-29 15:21:31.619
84.0, 68620.66014059307, -120755.21001281858, 46189.81286165868, -183815.51609224273, -129182.62233526974, -87995.4204553867, -88360.11151791949, -85987.11621607735, -0.752, -0.292, 0.5760000000000001, 192.0, 0.0, 0.0, 0.0, 0.0, 0.0, 0.0, 0.0, 0.0, 0.0, 1.76968029161994E9, 0.0, 2026-01-29 15:21:31.619
85.0, 68635.52405065585, -120020.35171036146, 52216.983105776686, -182155.6979007361, -129184.3434195928, -87999.19790019965, -88362.97254120976, -85991.0948265904, -0.752, -0.292, 0.5760000000000001, 192.0, 0.0, 0.0, 0.0, 0.0, 0.0, 0.0, 0.0, 0.0, 0.0, 1.769680291678862E9, 0.0, 2026-01-29 15:21:31.678
86.0, 68477.07253421219, -106476.9827100018, 68259.56770891759, -166516.89756118032, -129176.3414950778, -87995.06282747541, -88363.39722435441, -85991.60891671288, -0.752, -0.292, 0.5760000000000001, 192.0, 0.0, 0.0, 0.0, 0.0, 0.0, 0.0, 0.0, 0.0, 0.0, 1.769680291678973E9, 0.0, 2026-01-29 15:21:31.678
87.0, 68365.96201252485, -98340.72421082547, 68493.61282510911, -158114.89917217483, -129172.09466363129, -87992.82765302989, -88363.97836971025, -85992.5923934689, -0.75, -0.296, 0.578, 192.0, 232.0, 144.0, 246.0, 192.0, 18.0, 16.0, 0.0, 0.0, 0.0, 1.769680291679058E9, 0.0, 2026-01-29 15:21:31.679
88.0, 68469.29412714174, -107862.76851448638, 67232.50505119623, -169596.09622908788, -129180.49891954649, -87999.51082462202, -88367.33113137855, -85997.26390806006, -0.75, -0.296, 0.578, 192.0, 0.0, 0.0, 0.0, 0.0, 0.0, 0.0, 0.0, 0.0, 0.0, 1.76968029167915E9, 0.0, 2026-01-29 15:21:31.679
89.0, 68633.89237331062, -120806.37315587678, 46122.51175910375, -183865.4945928448, -129190.53485280692, -88008.47387414859, -88370.77330002467, -86002.56127149597, -0.75, -0.296, 0.578, 192.0, 0.0, 0.0, 0.0, 0.0, 0.0, 0.0, 0.0, 0.0, 0.0, 1.769680291679294E9, 0.0, 2026-01-29 15:21:31.679
90.0, 68646.47640543895, -120017.7812597491, 52285.334740321014, -182146.39957504268, -129190.42309408465, -88010.53023463849, -88371.80148026961, -86004.7517424526, -0.75, -0.296, 0.578, 192.0, 0.0, 0.0, 0.0, 0.0, 0.0, 0.0, 0.0, 0.0, 0.0, 1.769680291679376E9, 0.0, 2026-01-29 15:21:31.679
91.0, 68483.37572614857, -106425.90897392143, 68271.34707824554, -166464.59447915488, -129177.99552416749, -88002.19303395666, -88367.77816626766, -86001.08605636192, -0.75, -0.296, 0.578, 192.0, 0.0, 0.0, 0.0, 0.0, 0.0, 0.0, 0.0, 0.0, 0.0, 1.769680291679508E9, 0.0, 2026-01-29 15:21:31.679
92.0, 68369.40418117096, -98338.44433289103, 68497.07734549968, -158132.08766366096, -129170.41828279714, -87996.51569086501, -88364.93949472184, -85998.58266098294, -0.75, -0.296, 0.578, 192.0, 0.0, 0.0, 0.0, 0.0, 0.0, 0.0, 0.0, 0.0, 0.0, 1.76968029167959E9, 0.0, 2026-01-29 15:21:31.679
93.0, 68469.78586551975, -107902.97930276148, 67208.47692590677, -169653.71902629366, -129175.17920436613, -87999.73434206657, -88364.69362553283, -85999.65554471679, -0.75, -0.296, 0.578, 192.0, 0.0, 0.0, 0.0, 0.0, 0.0, 0.0, 0.0, 0.0, 0.0, 1.769680291679704E9, 0.0, 2026-01-29 15:21:31.679
94.0, 68634.02648377734, -120845.30989471792, 46012.71999033928, -183910.57806141116, -129184.96926843755, -88008.36211542632, -88367.80051801211, -86004.57292849696, -0.75, -0.296, 0.578, 192.0, 0.0, 0.0, 0.0, 0.0, 0.0, 0.0, 0.0, 0.0, 0.0, 1.769680291679832E9, 0.0, 2026-01-29 15:21:31.679
95.0, 68647.14695777261, -120014.830829481, 52348.27725270716, -182139.22466507254, -129185.75157949349, -88011.26784220552, -88369.6557128019, -86007.56806225397, -0.75, -0.296, 0.578, 192.0, 0.0, 0.0, 0.0, 0.0, 0.0, 0.0, 0.0, 0.0, 0.0, 1.769680291679929E9, 0.0, 2026-01-29 15:21:31.679
96.0, 68487.17552270598, -106385.89935134642, 68281.80769465062, -166455.87729881733, -129176.94499217809, -88006.41751365871, -88369.29808489062, -86007.27748957605, -0.75, -0.296, 0.578, 192.0, 0.0, 0.0, 0.0, 0.0, 0.0, 0.0, 0.0, 0.0, 0.0, 1.769680291680034E9, 0.0, 2026-01-29 15:21:31.680
97.0, 68376.95907079686, -98305.69902726401, 68504.54282814775, -158163.15658845386, -129172.60875375377, -88004.07058049091, -88369.72276803527, -86008.05980063198, -0.758, -0.3, 0.58, 192.0, 232.0, 80.0, 246.0, 160.0, 18.0, 32.0, 0.0, 0.0, 0.0, 1.769680291680133E9, 0.0, 2026-01-29 15:21:31.680
98.0, 68479.64298482455, -107922.38061694869, 67178.48088484776, -169723.3670620164, -129179.26957360144, -88009.30088869344, -88371.28739014715, -86011.09963787791, -0.758, -0.3, 0.58, 192.0, 0.0, 0.0, 0.0, 0.0, 0.0, 0.0, 0.0, 0.0, 0.0, 1.769680291680241E9, 0.0, 2026-01-29 15:21:31.680
99.0, 68643.39186470411, -120880.24567130157, 45714.43596058321, -183953.69457646544, -129188.63495452821, -88017.50397890854, -88374.08135820406, -86015.61469025788, -0.758, -0.3, 0.58, 192.0, 0.0, 0.0, 0.0, 0.0, 0.0, 0.0, 0.0, 0.0, 0.0, 1.769680291680323E9, 0.0, 2026-01-29 15:21:31.680
100.0, 68657.2052427775, -120008.66174801133, 52240.89947234386, -182131.33449927982, -129190.6913150181, -88021.79551384396, -88377.38941638345, -86020.04033566003, -0.758, -0.3, 0.58, 192.0, 0.0, 0.0, 0.0, 0.0, 0.0, 0.0, 0.0, 0.0, 0.0, 1.769680291739224E9, 0.0, 2026-01-29 15:21:31.739
101.0, 68495.60213036563, -106310.57397253203, 68290.368412777, -166408.08926917188, -129181.28123060241, -88016.3193364524, -88376.3612361385, -86019.16861762627, -0.758, -0.3, 0.58, 192.0, 0.0, 0.0, 0.0, 0.0, 0.0, 0.0, 0.0, 0.0, 0.0, 1.769680291739423E9, 0.0, 2026-01-29 15:21:31.739
102.0, 68383.99987030028, -98251.20547428197, 68511.51657241781, -158188.2799492216, -129175.38037006622, -88012.31837419492, -88375.13189019346, -86018.29689959252, -0.758, -0.3, 0.58, 192.0, 0.0, 0.0, 0.0, 0.0, 0.0, 0.0, 0.0, 0.0, 0.0, 1.769680291739595E9, 0.0, 2026-01-29 15:21:31.739
103.0, 68487.60020585063, -107921.39714019265, 67160.13010264994, -169813.84692357146, -129182.37646608074, -88017.9733655421, -88377.05414021661, -86021.58260602744, -0.758, -0.3, 0.58, 192.0, 0.0, 0.0, 0.0, 0.0, 0.0, 0.0, 0.0, 0.0, 0.0, 1.769680291739745E9, 0.0, 2026-01-29 15:21:31.739
104.0, 68653.31603924227, -120892.00268888507, 45626.21362521811, -184009.9762690039, -129193.37352435275, -88027.96459531362, -88381.52448910767, -86027.77403924156, -0.758, -0.3, 0.58, 192.0, 0.0, 0.0, 0.0, 0.0, 0.0, 0.0, 0.0, 0.0, 0.0, 1.769680291739945E9, 0.0, 2026-01-29 15:21:31.739
105.0, 68664.51426321438, -119985.25947156662, 52348.344307940526, -182113.76602813794, -129193.41822784166, -88030.1327145258, -88382.84324203053, -86030.2103793872, -0.758, -0.3, 0.58, 192.0, 0.0, 0.0, 0.0, 0.0, 0.0, 0.0, 0.0, 0.0, 0.0, 1.769680291740079E9, 0.0, 2026-01-29 15:21:31.740
106.0, 68501.45828741293, -106248.078495035, 68305.94757866235, -166361.1729575602, -129182.6446870142, -88023.33778421138, -88380.47395711827, -86027.9528531972, -0.758, -0.3, 0.58, 192.0, 0.0, 0.0, 0.0, 0.0, 0.0, 0.0, 0.0, 0.0, 0.0, 1.769680291740289E9, 0.0, 2026-01-29 15:21:31.740
107.0, 68389.92308258094, -98222.81875882373, 68517.50683993183, -158228.4907374967, -129176.31914333334, -88018.86743532031, -88378.79757628412, -86026.63410027434, -0.75, -0.294, 0.5760000000000001, 192.0, 232.0, 144.0, 246.0, 208.0, 18.0, 0.0, 0.0, 0.0, 0.0, 1.769680291740473E9, 0.0, 2026-01-29 15:21:31.740
108.0, 68493.41165940902, -107953.04721034136, 67095.82413385203, -169906.85253225, -129182.39881782519, -88023.36013595584, -88379.73634955125, -86028.93632995324, -0.75, -0.294, 0.5760000000000001, 192.0, 0.0, 0.0, 0.0, 0.0, 0.0, 0.0, 0.0, 0.0, 0.0, 1.769680291740653E9, 0.0, 2026-01-29 15:21:31.740
109.0, 68656.3558764882, -120936.81793651795, 45189.393483328044, -184083.37939779513, -129190.8477772293, -88030.5797494149, -88381.56919259658, -86032.51260906609, -0.75, -0.294, 0.5760000000000001, 192.0, 0.0, 0.0, 0.0, 0.0, 0.0, 0.0, 0.0, 0.0, 0.0, 1.769680291740802E9, 0.0, 2026-01-29 15:21:31.740
110.0, 68666.21299579299, -119972.20605280473, 52244.654565412355, -182097.0245715409, -129190.26663187346, -88032.09966803786, -88382.19504144133, -86034.52426606706, -0.75, -0.294, 0.5760000000000001, 192.0, 0.0, 0.0, 0.0, 0.0, 0.0, 0.0, 0.0, 0.0, 0.0, 1.769680291740951E9, 0.0, 2026-01-29 15:21:31.740
111.0, 68503.98403453638, -106164.01358413859, 68309.50150603075, -166295.61529107278, -129181.05771315786, -88026.89171157977, -88381.45743387431, -86033.98782420014, -0.75, -0.294, 0.5760000000000001, 192.0, 0.0, 0.0, 0.0, 0.0, 0.0, 0.0, 0.0, 0.0, 0.0, 1.769680291741116E9, 0.0, 2026-01-29 15:21:31.741
112.0, 68393.3428994826, -98182.42915659299, 68521.01606381132, -158246.12626387196, -129174.86627994374, -88022.51076966654, -88380.04927397362, -86032.78082999955, -0.75, -0.294, 0.5760000000000001, 192.0, 0.0, 0.0, 0.0, 0.0, 0.0, 0.0, 0.0, 0.0, 0.0, 1.769680291741285E9, 0.0, 2026-01-29 15:21:31.741
113.0, 68498.75372633383, -107996.3425393513, 67063.9281945143, -170000.6851554734, -129181.77296898044, -88027.91989182471, -88381.77035829668, -86035.97712945666, -0.75, -0.294, 0.5760000000000001, 192.0, 0.0, 0.0, 0.0, 0.0, 0.0, 0.0, 0.0, 0.0, 0.0, 1.769680291741462E9, 0.0, 2026-01-29 15:21:31.741
114.0, 68665.52009171488, -120990.7079923997, 44988.987742541765, -184143.70675608, -129193.68644877512, -88038.87224660782, -88387.02301824368, -86043.17439117127, -0.75, -0.294, 0.5760000000000001, 192.0, 0.0, 0.0, 0.0, 0.0, 0.0, 0.0, 0.0, 0.0, 0.0, 1.769680291741607E9, 0.0, 2026-01-29 15:21:31.741
115.0, 68676.04776335333, -119957.14097704184, 52275.343510549494, -182074.7175305745, -129194.2452423865, -88041.59915943137, -88388.90056477793, -86046.05776620601, -0.75, -0.294, 0.5760000000000001, 192.0, 0.0, 0.0, 0.0, 0.0, 0.0, 0.0, 0.0, 0.0, 0.0, 1.76968029179936E9, 0.0, 2026-01-29 15:21:31.799
116.0, 68512.99178755186, -106090.3422344139, 68325.99709343877, -166245.5920869818, -129185.01397192646, -88036.25709250655, -88388.20766069982, -86045.25310340562, -0.75, -0.294, 0.5760000000000001, 192.0, 0.0, 0.0, 0.0, 0.0, 0.0, 0.0, 0.0, 0.0, 0.0, 1.769680291799556E9, 0.0, 2026-01-29 15:21:31.799
117.0, 68401.76950714225, -98148.27569106528, 68529.39796798205, -158262.77831349114, -129177.79435846739, -88030.95972907064, -88385.61485834299, -86043.04028070453, -0.75, -0.296, 0.5760000000000001, 192.0, 232.0, 144.0, 246.0, 192.0, 18.0, 0.0, 0.0, 0.0, 0.0, 1.769680291799727E9, 0.0, 2026-01-29 15:21:31.799
118.0, 68506.28626421526, -108038.69909509411, 67034.24507787765, -170088.90749083846, -129183.13642539221, -88034.7818773725, -88385.74896880973, -86044.53784758304, -0.75, -0.296, 0.5760000000000001, 192.0, 0.0, 0.0, 0.0, 0.0, 0.0, 0.0, 0.0, 0.0, 0.0, 1.769680291799877E9, 0.0, 2026-01-29 15:21:31.799
119.0, 68673.09733308523, -121048.66606577231, 44790.05721688953, -184201.21779456353, -129194.98284995352, -88045.5330664555, -88391.00162875673, -86051.64570231983, -0.75, -0.296, 0.5760000000000001, 192.0, 0.0, 0.0, 0.0, 0.0, 0.0, 0.0, 0.0, 0.0, 0.0, 1.769680291800064E9, 0.0, 2026-01-29 15:21:31.800
120.0, 68681.50158900041, -119965.18760504575, 52257.39505975188, -182070.53775436137, -129194.2452423865, -88047.00828158954, -88391.73923632374, -86053.47854536517, -0.75, -0.296, 0.5760000000000001, 192.0, 0.0, 0.0, 0.0, 0.0, 0.0, 0.0, 0.0, 0.0, 0.0, 1.769680291800206E9, 0.0, 2026-01-29 15:21:31.800
121.0, 68517.03745329827, -106025.8798034048, 68332.00971269724, -166199.54749340386, -129183.96343993706, -88040.74979314207, -88389.95109676733, -86051.71275755319, -0.75, -0.296, 0.5760000000000001, 192.0, 0.0, 0.0, 0.0, 0.0, 0.0, 0.0, 0.0, 0.0, 0.0, 1.769680291800422E9, 0.0, 2026-01-29 15:21:31.800
122.0, 68408.00564384529, -98096.3078852067, 68535.678808174, -158274.62473805246, -129178.71077999006, -88037.21821751812, -88389.23584094475, -86051.22101917518, -0.75, -0.296, 0.5760000000000001, 192.0, 0.0, 0.0, 0.0, 0.0, 0.0, 0.0, 0.0, 0.0, 0.0, 1.769680291800597E9, 0.0, 2026-01-29 15:21:31.800
123.0, 68512.58945615166, -108021.30943790787, 67030.04294992005, -170125.83257267866, -129183.62816377023, -88040.57097918642, -88388.98997175574, -86052.42801337577, -0.75, -0.296, 0.5760000000000001, 192.0, 0.0, 0.0, 0.0, 0.0, 0.0, 0.0, 0.0, 0.0, 0.0, 1.769680291800759E9, 0.0, 2026-01-29 15:21:31.800
124.0, 68677.63473720965, -121054.18694665277, 44760.55291420852, -184230.3868210777, -129193.68644877512, -88049.60108394636, -88392.34273342404, -86057.6136180894, -0.75, -0.296, 0.5760000000000001, 192.0, 0.0, 0.0, 0.0, 0.0, 0.0, 0.0, 0.0, 0.0, 0.0, 1.769680291800907E9, 0.0, 2026-01-29 15:21:31.800
125.0, 68686.84365592524, -119951.4636339502, 52311.06159818907, -182068.23552468247, -129193.97702145303, -88052.17153455873, -88394.08616949155, -86060.45228963523, -0.75, -0.296, 0.5760000000000001, 192.0, 0.0, 0.0, 0.0, 0.0, 0.0, 0.0, 0.0, 0.0, 0.0, 1.769680291801057E9, 0.0, 2026-01-29 15:21:31.801
126.0, 68522.69244464547, -105952.78959903594, 68343.14088143597, -166176.25697568143, -129184.96926843755, -88047.12004031183, -88393.4156171579, -86060.09466172394, -0.75, -0.296, 0.5760000000000001, 192.0, 0.0, 0.0, 0.0, 0.0, 0.0, 0.0, 0.0, 0.0, 0.0, 1.769680291801225E9, 0.0, 2026-01-29 15:21:31.801
127.0, 68412.4983444808, -98005.11276782904, 68540.01504659833, -158284.90654050192, -129178.4425590566, -88042.33676699839, -88391.62747760148, -86058.7088535677, -0.756, -0.296, 0.5760000000000001, 192.0, 232.0, 96.0, 246.0, 192.0, 18.0, 0.0, 0.0, 0.0, 0.0, 1.769680291801395E9, 0.0, 2026-01-29 15:21:31.801
128.0, 68521.03841555577, -107985.27842584591, 67014.08380437897, -170174.98405873586, -129186.8468149718, -88049.1764008017, -88394.7120183363, -86063.24625769214, -0.756, -0.296, 0.5760000000000001, 192.0, 0.0, 0.0, 0.0, 0.0, 0.0, 0.0, 0.0, 0.0, 0.0, 1.769680291801592E9, 0.0, 2026-01-29 15:21:31.801
129.0, 68687.1118768587, -121059.05962694403, 44674.18577363322, -184269.07769072984, -129197.70976277707, -88058.87705789531, -88398.84709106054, -86069.23652520616, -0.756, -0.296, 0.5760000000000001, 192.0, 0.0, 0.0, 0.0, 0.0, 0.0, 0.0, 0.0, 0.0, 0.0, 1.769680291801744E9, 0.0, 2026-01-29 15:21:31.801
130.0, 68697.21486535251, -119919.81356380148, 52402.68139871138, -182045.7720215049, -129199.22968140003, -88062.65450270826, -88402.0210387732, -86073.39394967485, -0.756, -0.296, 0.5760000000000001, 192.0, 0.0, 0.0, 0.0, 0.0, 0.0, 0.0, 0.0, 0.0, 0.0, 1.769680291859726E9, 0.0, 2026-01-29 15:21:31.859
131.0, 68532.10252906114, -105877.48657196602, 68360.44113164439, -166125.58557100125, -129189.75254175098, -88057.06656659444, -88401.17167248389, -86072.58928687446, -0.756, -0.296, 0.5760000000000001, 192.0, 0.0, 0.0, 0.0, 0.0, 0.0, 0.0, 0.0, 0.0, 0.0, 1.769680291859919E9, 0.0, 2026-01-29 15:21:31.859
132.0, 68422.82485041916, -97975.16143025893, 68550.40860777005, -158288.99690973724, -129183.85168121479, -88052.95384561465, -88399.62940211646, -86071.65051360732, -0.756, -0.296, 0.5760000000000001, 192.0, 0.0, 0.0, 0.0, 0.0, 0.0, 0.0, 0.0, 0.0, 0.0, 1.769680291860093E9, 0.0, 2026-01-29 15:21:31.860
133.0, 68529.84500287117, -108024.751606554, 66983.12663830837, -170250.24238231688, -129190.15487315117, -88057.67006369474, -88400.63523061696, -86074.0645020085, -0.756, -0.296, 0.5760000000000001, 192.0, 0.0, 0.0, 0.0, 0.0, 0.0, 0.0, 0.0, 0.0, 0.0, 1.769680291860259E9, 0.0, 2026-01-29 15:21:31.860
134.0, 68693.32566181727, -121103.45019143228, 44421.8345787328, -184328.22040655857, -129198.26855638846, -88064.86732540934, -88402.19985272884, -86077.39491193235, -0.756, -0.296, 0.5760000000000001, 192.0, 0.0, 0.0, 0.0, 0.0, 0.0, 0.0, 0.0, 0.0, 0.0, 1.769680291860443E9, 0.0, 2026-01-29 15:21:31.860
135.0, 68701.75226947693, -119923.61336035888, 52321.410455871875, -182054.89153324265, -129198.58148081083, -88067.57188648843, -88404.122102752, -86080.3676939449, -0.756, -0.296, 0.5760000000000001, 192.0, 0.0, 0.0, 0.0, 0.0, 0.0, 0.0, 0.0, 0.0, 0.0, 1.769680291860644E9, 0.0, 2026-01-29 15:21:31.860
136.0, 68536.9305058635, -105825.78698704089, 68365.17970146891, -166091.43210547353, -129189.66313477316, -88062.65450270826, -88403.74212309625, -86080.21123173372, -0.756, -0.296, 0.5760000000000001, 192.0, 0.0, 0.0, 0.0, 0.0, 0.0, 0.0, 0.0, 0.0, 0.0, 1.769680291860863E9, 0.0, 2026-01-29 15:21:31.860
137.0, 68428.43513827743, -97957.83882830606, 68555.97419213942, -158328.29127648965, -129183.91873644815, -88058.5864852174, -88402.57983238457, -86079.25010672213, -0.752, -0.3, 0.5760000000000001, 192.0, 232.0, 128.0, 246.0, 160.0, 18.0, 0.0, 0.0, 0.0, 0.0, 1.769680291861035E9, 0.0, 2026-01-29 15:21:31.861
138.0, 68538.24925878635, -108072.62904317726, 66949.82253906997, -170338.08473802623, -129191.96536445206, -88065.04613936497, -88405.19498648585, -86083.40753119082, -0.752, -0.3, 0.5760000000000001, 192.0, 0.0, 0.0, 0.0, 0.0, 0.0, 0.0, 0.0, 0.0, 0.0, 1.769680291861243E9, 0.0, 2026-01-29 15:21:31.861
139.0, 68703.92038868909, -121152.04288387811, 44243.02062309034, -184387.45252936514, -129202.0460012014, -88074.00918889156, -88408.6148033875, -86088.57078416, -0.752, -0.3, 0.5760000000000001, 192.0, 0.0, 0.0, 0.0, 0.0, 0.0, 0.0, 0.0, 0.0, 0.0, 1.769680291861429E9, 0.0, 2026-01-29 15:21:31.861
140.0, 68712.70462426003, -119905.06141246099, 52360.570712157576, -182041.7710592474, -129203.36475412427, -88077.76428196004, -88411.60993714452, -86092.6164499064, -0.752, -0.3, 0.5760000000000001, 192.0, 0.0, 0.0, 0.0, 0.0, 0.0, 0.0, 0.0, 0.0, 0.0, 1.769680291861579E9, 0.0, 2026-01-29 15:21:31.861
141.0, 68545.29005828977, -105752.29445127184, 68378.09900976408, -166043.10763396116, -129192.43475108562, -88070.85759292336, -88409.24065223226, -86090.44833069424, -0.752, -0.3, 0.5760000000000001, 192.0, 0.0, 0.0, 0.0, 0.0, 0.0, 0.0, 0.0, 0.0, 0.0, 1.769680291861765E9, 0.0, 2026-01-29 15:21:31.861
142.0, 68436.41471104798, -97954.97780501579, 68563.97611665442, -158381.22020735982, -129185.75157949349, -88065.7390434431, -88407.00547778672, -86088.59313590445, -0.752, -0.3, 0.5760000000000001, 192.0, 0.0, 0.0, 0.0, 0.0, 0.0, 0.0, 0.0, 0.0, 0.0, 1.769680291861944E9, 0.0, 2026-01-29 15:21:31.861
143.0, 68549.31337229173, -108141.94180273317, 66914.93146597523, -170445.52957362292, -129196.18984415411, -88074.61268599186, -88412.07932377807, -86095.05279005204, -0.752, -0.3, 0.5760000000000001, 192.0, 0.0, 0.0, 0.0, 0.0, 0.0, 0.0, 0.0, 0.0, 0.0, 1.769680291862324E9, 0.0, 2026-01-29 15:21:31.862
144.0, 68714.20219113854, -121210.42564039536, 44028.19800713039, -184443.9353876037, -129205.73403903653, -88083.21810760714, -88415.09680927954, -86099.88076685439, -0.752, -0.3, 0.5760000000000001, 192.0, 0.0, 0.0, 0.0, 0.0, 0.0, 0.0, 0.0, 0.0, 0.0, 1.769680291862508E9, 0.0, 2026-01-29 15:21:31.862
145.0, 68719.43249934107, -119888.20819714168, 52443.47333234231, -182007.1482070861, -129204.12471343574, -88084.00041866308, -88415.09680927954, -86101.0207058216, -0.752, -0.3, 0.5760000000000001, 192.0, 0.0, 0.0, 0.0, 0.0, 0.0, 0.0, 0.0, 0.0, 0.0, 1.76968029192022E9, 0.0, 2026-01-29 15:21:31.920
146.0, 68551.8838229041, -105685.82036326175, 68395.84629486159, -165992.99502289237, -129193.68644877512, -88077.63017149332, -88413.17455925638, -86099.38902847636, -0.752, -0.3, 0.5760000000000001, 192.0, 0.0, 0.0, 0.0, 0.0, 0.0, 0.0, 0.0, 0.0, 0.0, 1.769680291920426E9, 0.0, 2026-01-29 15:21:31.920
147.0, 68443.29904834021, -97931.35201112652, 68570.77104696883, -158394.96653019983, -129186.37742833824, -88072.10929061286, -88410.44764643285, -86096.93033658629, -0.756, -0.3, 0.5760000000000001, 192.0, 232.0, 96.0, 246.0, 160.0, 18.0, 0.0, 0.0, 0.0, 0.0, 1.769680291920599E9, 0.0, 2026-01-29 15:21:31.920
148.0, 68555.88478516159, -108189.86394284535, 66880.86740742534, -170530.3991473197, -129195.87691973173, -88080.04415989449, -88414.53801566816, -86102.49592095565, -0.756, -0.3, 0.5760000000000001, 192.0, 0.0, 0.0, 0.0, 0.0, 0.0, 0.0, 0.0, 0.0, 0.0, 1.769680291920783E9, 0.0, 2026-01-29 15:21:31.920
149.0, 68722.40528135363, -121255.59851593955, 43856.78247890264, -184501.06644643148, -129207.2986611484, -88090.50477629958, -88419.23188200378, -86109.11203731442, -0.756, -0.3, 0.5760000000000001, 192.0, 0.0, 0.0, 0.0, 0.0, 0.0, 0.0, 0.0, 0.0, 0.0, 1.769680291920959E9, 0.0, 2026-01-29 15:21:31.920
150.0, 68726.42859535558, -119875.78062722452, 52496.737539379305, -181994.87709938016, -129205.4434663586, -88090.9965146776, -88418.96366107032, -86109.93905185927, -0.756, -0.3, 0.5760000000000001, 192.0, 0.0, 0.0, 0.0, 0.0, 0.0, 0.0, 0.0, 0.0, 0.0, 1.769680291921176E9, 0.0, 2026-01-29 15:21:31.921
151.0, 68556.51063400634, -105626.99057185538, 68406.66453917796, -165940.9601618004, -129193.17235865265, -88082.68166574022, -88415.27562323518, -86106.38512449087, -0.756, -0.3, 0.5760000000000001, 192.0, 0.0, 0.0, 0.0, 0.0, 0.0, 0.0, 0.0, 0.0, 0.0, 1.769680291921374E9, 0.0, 2026-01-29 15:21:31.921
152.0, 68448.2611356093, -97929.13918842546, 68575.688430749, -158424.47083288085, -129185.75157949349, -88076.93726741521, -88412.34754471155, -86103.65821166732, -0.756, -0.3, 0.5760000000000001, 192.0, 0.0, 0.0, 0.0, 0.0, 0.0, 0.0, 0.0, 0.0, 0.0, 1.769680291921553E9, 0.0, 2026-01-29 15:21:31.921
153.0, 68559.23754682989, -108252.8958622093, 66840.12017728332, -170608.65260465772, -129192.77002725245, -88082.3910930623, -88414.0686290346, -86106.72040065771, -0.756, -0.3, 0.5760000000000001, 192.0, 0.0, 0.0, 0.0, 0.0, 0.0, 0.0, 0.0, 0.0, 0.0, 1.769680291921734E9, 0.0, 2026-01-29 15:21:31.921
154.0, 68725.60158081073, -121312.05902243365, 43639.83644721943, -184548.809772588, -129203.85649250228, -88092.40467457828, -88418.51662618121, -86113.00124084966, -0.756, -0.3, 0.5760000000000001, 192.0, 0.0, 0.0, 0.0, 0.0, 0.0, 0.0, 0.0, 0.0, 0.0, 1.769680291921909E9, 0.0, 2026-01-29 15:21:31.921
155.0, 68729.06610120132, -119877.41230456976, 52448.05543995565, -181993.55834645728, -129201.88953899022, -88092.6952472562, -88418.24840524774, -86113.80590365003, -0.756, -0.3, 0.5760000000000001, 192.0, 0.0, 0.0, 0.0, 0.0, 0.0, 0.0, 0.0, 0.0, 0.0, 1.769680291922085E9, 0.0, 2026-01-29 15:21:31.922
156.0, 68560.28807881929, -105571.89352177305, 68409.70437642389, -165912.64050157554, -129191.27246037395, -88086.25794485307, -88416.28145173567, -86112.01776409362, -0.756, -0.3, 0.5760000000000001, 192.0, 0.0, 0.0, 0.0, 0.0, 0.0, 0.0, 0.0, 0.0, 0.0, 1.769680291922269E9, 0.0, 2026-01-29 15:21:31.922
157.0, 68456.35246710212, -97905.33458058054, 68583.690355264, -158458.82546410864, -129187.91969870565, -88084.71567448565, -88417.37668721398, -86113.4259239943, -0.752, -0.304, 0.5720000000000001, 192.0, 232.0, 128.0, 246.0, 128.0, 17.0, 224.0, 0.0, 0.0, 0.0, 1.769680291922466E9, 0.0, 2026-01-29 15:21:31.922
158.0, 68571.39689581358, -108279.98617648914, 66818.7742613285, -170675.3725618568, -129198.73794302202, -88093.9469449457, -88422.65169890544, -86120.1761508198, -0.752, -0.304, 0.5720000000000001, 192.0, 0.0, 0.0, 0.0, 0.0, 0.0, 0.0, 0.0, 0.0, 0.0, 1.769680291922671E9, 0.0, 2026-01-29 15:21:31.922
159.0, 68736.57628733829, -121349.9899327743, 43423.4492091476, -184594.42968302127, -129208.77387628244, -88102.90999447227, -88426.116219296, -86125.40645902234, -0.752, -0.304, 0.5720000000000001, 192.0, 0.0, 0.0, 0.0, 0.0, 0.0, 0.0, 0.0, 0.0, 0.0, 1.769680291922834E9, 0.0, 2026-01-29 15:21:31.922
160.0, 68739.30320016184, -119875.91473769126, 52417.7241227298, -181981.71192189597, -129206.51635009247, -88102.97704970563, -88425.60212917354, -86125.89819740035, -0.752, -0.304, 0.5720000000000001, 192.0, 0.0, 0.0, 0.0, 0.0, 0.0, 0.0, 0.0, 0.0, 0.0, 1.769680291923009E9, 0.0, 2026-01-29 15:21:31.923
161.0, 68572.46977954743, -105531.63803000904, 68425.08237660913, -165889.64055653103, -129198.31325987737, -88098.81962523695, -88426.116219296, -86126.43463926729, -0.752, -0.304, 0.5720000000000001, 192.0, 0.0, 0.0, 0.0, 0.0, 0.0, 0.0, 0.0, 0.0, 0.0, 1.769680291980378E9, 0.0, 2026-01-29 15:21:31.980
162.0, 68467.8636154966, -97897.22089734327, 68595.26855889184, -158484.66408069897, -129193.61939354175, -88095.80213973549, -88425.71388789582, -86126.50169450065, -0.752, -0.304, 0.5720000000000001, 192.0, 0.0, 0.0, 0.0, 0.0, 0.0, 0.0, 0.0, 0.0, 0.0, 1.769680291980605E9, 0.0, 2026-01-29 15:21:31.980
163.0, 68579.42117207304, -108332.75864514812, 66787.8170952579, -170754.87771688437, -129200.28021338943, -88100.80893049347, -88426.87617860749, -86129.07214511301, -0.752, -0.304, 0.5720000000000001, 192.0, 0.0, 0.0, 0.0, 0.0, 0.0, 0.0, 0.0, 0.0, 0.0, 1.769680291980783E9, 0.0, 2026-01-29 15:21:31.980
164.0, 68744.19823219755, -121399.56610197618, 43208.33602050973, -184643.60352082294, -129209.86911176075, -88109.43670385322, -88429.9160158534, -86133.833066682, -0.752, -0.304, 0.5720000000000001, 192.0, 0.0, 0.0, 0.0, 0.0, 0.0, 0.0, 0.0, 0.0, 0.0, 1.769680291980978E9, 0.0, 2026-01-29 15:21:31.980
165.0, 68746.09813047625, -119868.8962899323, 52375.54638094263, -181981.06372130677, -129207.47747510404, -88109.48140734213, -88429.33487049758, -86134.21304633774, -0.752, -0.304, 0.5720000000000001, 192.0, 0.0, 0.0, 0.0, 0.0, 0.0, 0.0, 0.0, 0.0, 0.0, 1.769680291981262E9, 0.0, 2026-01-29 15:21:31.981
166.0, 68576.31427959375, -105472.20474150238, 68429.9997603893, -165860.96326839487, -129196.90509997668, -88102.88764272782, -88427.39026872997, -86132.4249067813, -0.752, -0.304, 0.5720000000000001, 192.0, 0.0, 0.0, 0.0, 0.0, 0.0, 0.0, 0.0, 0.0, 0.0, 1.769680291981476E9, 0.0, 2026-01-29 15:21:31.981
167.0, 68471.55165333171, -97876.14320232192, 68598.97894847143, -158518.43756657097, -129191.8983092187, -88099.55723280397, -88426.78677162968, -86132.11198235894, -0.752, -0.3, 0.5740000000000001, 192.0, 232.0, 128.0, 246.0, 160.0, 17.0, 240.0, 0.0, 0.0, 0.0, 1.769680291981653E9, 0.0, 2026-01-29 15:21:31.981
168.0, 68586.32786110972, -108368.58849150997, 66755.89880417571, -170843.61414237192, -129201.15193142318, -88107.22388115214, -88430.63127167599, -86137.3869940504, -0.752, -0.3, 0.5740000000000001, 192.0, 0.0, 0.0, 0.0, 0.0, 0.0, 0.0, 0.0, 0.0, 0.0, 1.769680291981865E9, 0.0, 2026-01-29 15:21:31.981
169.0, 68753.2283369575, -121433.29488435923, 43123.7793712353, -184694.76666388116, -129212.88659726223, -88117.93036674624, -88435.83922813406, -86144.49484878717, -0.752, -0.3, 0.5740000000000001, 192.0, 0.0, 0.0, 0.0, 0.0, 0.0, 0.0, 0.0, 0.0, 0.0, 1.769680291982033E9, 0.0, 2026-01-29 15:21:31.982
170.0, 68756.49169164797, -119859.62031598334, 52509.187461040914, -181964.9034100656, -129212.73013505104, -88120.07613421394, -88437.53796071267, -86147.11000288845, -0.752, -0.3, 0.5740000000000001, 192.0, 0.0, 0.0, 0.0, 0.0, 0.0, 0.0, 0.0, 0.0, 0.0, 1.769680291982201E9, 0.0, 2026-01-29 15:21:31.982
171.0, 68582.50571280786, -105423.72380777882, 68445.02013266327, -165802.5358083887, -129198.55912906637, -88109.77198002004, -88431.92767285439, -86141.6338254969, -0.752, -0.3, 0.5740000000000001, 192.0, 0.0, 0.0, 0.0, 0.0, 0.0, 0.0, 0.0, 0.0, 0.0, 1.76968029198239E9, 0.0, 2026-01-29 15:21:31.982
172.0, 68476.64785106754, -97876.97021686676, 68604.05279446278, -158549.10415996364, -129192.12182666325, -88104.85459623988, -88429.6254431755, -86139.7339272182, -0.752, -0.3, 0.5740000000000001, 192.0, 0.0, 0.0, 0.0, 0.0, 0.0, 0.0, 0.0, 0.0, 0.0, 1.769680291982585E9, 0.0, 2026-01-29 15:21:31.982
173.0, 68592.27342513483, -108433.6991231083, 66699.1924284926, -170928.01432943516, -129201.77778026793, -88113.05768645498, -88433.8275711331, -86145.41127030985, -0.752, -0.3, 0.5740000000000001, 192.0, 0.0, 0.0, 0.0, 0.0, 0.0, 0.0, 0.0, 0.0, 0.0, 1.769680291982766E9, 0.0, 2026-01-29 15:21:31.982
174.0, 68756.64815385916, -121499.18782701348, 42783.541117136614, -184755.31753961058, -129211.3443268948, -88121.66310807028, -88437.04622233465, -86150.37335757892, -0.752, -0.3, 0.5740000000000001, 192.0, 0.0, 0.0, 0.0, 0.0, 0.0, 0.0, 0.0, 0.0, 0.0, 1.769680291982934E9, 0.0, 2026-01-29 15:21:31.982
175.0, 68760.1797294831, -119859.0391706275, 52477.3362251921, -181947.6478633461, -129212.21604492856, -88125.03822148303, -88439.79548690266, -86154.17315413633, -0.752, -0.3, 0.5740000000000001, 192.0, 0.0, 0.0, 0.0, 0.0, 0.0, 0.0, 0.0, 0.0, 0.0, 1.769680291983117E9, 0.0, 2026-01-29 15:21:31.983
176.0, 68589.81473324476, -105375.30992928862, 68456.59833629112, -165766.77301726022, -129202.53773957942, -88119.4502853692, -88438.74495491326, -86153.39084308039, -0.752, -0.3, 0.5740000000000001, 192.0, 0.0, 0.0, 0.0, 0.0, 0.0, 0.0, 0.0, 0.0, 0.0, 1.769680292040596E9, 0.0, 2026-01-29 15:21:32.040
177.0, 68484.35920290461, -97877.77487966715, 68611.67473932204, -158573.8698928201, -129195.89927147618, -88114.28703240003, -88436.28626302317, -86151.31213084604, -0.752, -0.296, 0.5760000000000001, 192.0, 232.0, 128.0, 246.0, 192.0, 18.0, 0.0, 0.0, 0.0, 0.0, 1.769680292040784E9, 0.0, 2026-01-29 15:21:32.040
178.0, 68601.5941025727, -108511.61730427948, 66642.35194234275, -171024.5068102487, -129206.40459137018, -88123.18302669324, -88441.15894331443, -86157.70472976027, -0.752, -0.296, 0.5760000000000001, 192.0, 0.0, 0.0, 0.0, 0.0, 0.0, 0.0, 0.0, 0.0, 0.0, 1.769680292040967E9, 0.0, 2026-01-29 15:21:32.040
179.0, 68767.22052898652, -121571.45101683748, 42478.64097102177, -184823.80328462165, -129217.37929789774, -88133.19660820921, -88445.60694046103, -86163.9855699522, -0.752, -0.296, 0.5760000000000001, 192.0, 0.0, 0.0, 0.0, 0.0, 0.0, 0.0, 0.0, 0.0, 0.0, 1.769680292041134E9, 0.0, 2026-01-29 15:21:32.041
180.0, 68764.85124407426, -119854.36765603634, 52452.346974891065, -181937.6342818301, -129213.17716994014, -88131.38611690832, -88443.21530380432, -86162.6891687738, -0.752, -0.296, 0.5760000000000001, 192.0, 0.0, 0.0, 0.0, 0.0, 0.0, 0.0, 0.0, 0.0, 0.0, 1.769680292041348E9, 0.0, 2026-01-29 15:21:32.041
181.0, 68590.35117511167, -105304.27608540966, 68460.12991191506, -165723.0083016167, -129200.03434420042, -88122.15484644829, -88438.83436189109, -86158.21881988274, -0.752, -0.296, 0.5760000000000001, 192.0, 0.0, 0.0, 0.0, 0.0, 0.0, 0.0, 0.0, 0.0, 0.0, 1.769680292041556E9, 0.0, 2026-01-29 15:21:32.041
182.0, 68487.42139189498, -97861.90514110388, 68614.78163180132, -158617.43344276352, -129195.45223658708, -88119.20441618019, -88438.40967874644, -86158.04000592709, -0.752, -0.296, 0.5760000000000001, 192.0, 0.0, 0.0, 0.0, 0.0, 0.0, 0.0, 0.0, 0.0, 0.0, 1.769680292041723E9, 0.0, 2026-01-29 15:21:32.041
183.0, 68603.98573922942, -108564.3227177051, 66622.25772407744, -171117.4453636939, -129204.66115530267, -88126.804009295, -88442.05301309265, -86163.09150017399, -0.752, -0.296, 0.5760000000000001, 192.0, 0.0, 0.0, 0.0, 0.0, 0.0, 0.0, 0.0, 0.0, 0.0, 1.769680292041901E9, 0.0, 2026-01-29 15:21:32.041
184.0, 68768.69574412057, -121601.33529917423, 42480.33970360037, -184863.388224052, -129214.67473681865, -88135.81176231048, -88445.56223697212, -86168.52297407664, -0.752, -0.296, 0.5760000000000001, 192.0, 0.0, 0.0, 0.0, 0.0, 0.0, 0.0, 0.0, 0.0, 0.0, 1.769680292042049E9, 0.0, 2026-01-29 15:21:32.042
185.0, 68769.16513075413, -119820.86239109783, 52620.36503796161, -181914.61198504115, -129214.02653622944, -88137.46579140017, -88446.83628640608, -86170.78050026661, -0.752, -0.296, 0.5760000000000001, 192.0, 0.0, 0.0, 0.0, 0.0, 0.0, 0.0, 0.0, 0.0, 0.0, 1.769680292042204E9, 0.0, 2026-01-29 15:21:32.042
186.0, 68596.47555309243, -105242.20529105727, 68476.15611268951, -165671.77810332517, -129202.80596051288, -88130.29088143002, -88444.377594516, -86168.36651186545, -0.752, -0.296, 0.5760000000000001, 192.0, 0.0, 0.0, 0.0, 0.0, 0.0, 0.0, 0.0, 0.0, 0.0, 1.769680292042378E9, 0.0, 2026-01-29 15:21:32.042
187.0, 68493.79163906474, -97868.09657431801, 68621.17423071555, -158652.27981236932, -129197.53094882143, -88126.53578836154, -88443.26000729323, -86167.67360778734, -0.756, -0.29, 0.5760000000000001, 192.0, 232.0, 96.0, 246.0, 240.0, 18.0, 0.0, 0.0, 0.0, 0.0, 1.769680292042557E9, 0.0, 2026-01-29 15:21:32.042
188.0, 68610.33363465471, -108625.63355274602, 66579.47648518998, -171198.91747223347, -129205.68933554762, -88133.19660820921, -88445.91986488341, -86171.7863287671, -0.756, -0.29, 0.5760000000000001, 192.0, 0.0, 0.0, 0.0, 0.0, 0.0, 0.0, 0.0, 0.0, 0.0, 1.769680292042765E9, 0.0, 2026-01-29 15:21:32.042
189.0, 68773.18844475609, -121649.12332881968, 42390.44098740113, -184911.57858509762, -129213.95948099608, -88140.55033213501, -88447.77505967321, -86175.38495962441, -0.756, -0.29, 0.5760000000000001, 192.0, 0.0, 0.0, 0.0, 0.0, 0.0, 0.0, 0.0, 0.0, 0.0, 1.769680292042935E9, 0.0, 2026-01-29 15:21:32.042
190.0, 68771.84734008877, -119814.782716606, 52776.82724914876, -181896.685885988, -129211.92547225064, -88140.90796004629, -88447.61859746202, -86176.27902940262, -0.756, -0.29, 0.5760000000000001, 192.0, 0.0, 0.0, 0.0, 0.0, 0.0, 0.0, 0.0, 0.0, 0.0, 1.769680292043106E9, 0.0, 2026-01-29 15:21:32.043
191.0, 68599.4930385939, -105217.79718611207, 68487.10846747262, -165657.62944908495, -129201.28604188992, -88134.2024367097, -88445.67399569441, -86174.46853810175, -0.756, -0.29, 0.5760000000000001, 192.0, 0.0, 0.0, 0.0, 0.0, 0.0, 0.0, 0.0, 0.0, 0.0, 1.769680292101296E9, 0.0, 2026-01-29 15:21:32.101
192.0, 68497.5690838777, -97883.67574020335, 68624.95167552849, -158687.34969941972, -129196.12278892075, -88130.55910236349, -88444.66816719391, -86173.75328227917, -0.756, -0.29, 0.5760000000000001, 192.0, 0.0, 0.0, 0.0, 0.0, 0.0, 0.0, 0.0, 0.0, 0.0, 1.76968029210141E9, 0.0, 2026-01-29 15:21:32.101
193.0, 68615.58629460172, -108669.62178583405, 66556.5659471233, -171261.59176368616, -129205.21994891405, -88138.22575071166, -88448.24444630677, -86178.84948001498, -0.756, -0.29, 0.5760000000000001, 192.0, 0.0, 0.0, 0.0, 0.0, 0.0, 0.0, 0.0, 0.0, 0.0, 1.76968029210149E9, 0.0, 2026-01-29 15:21:32.101
194.0, 68782.9338053386, -121680.63928850167, 42256.710500325025, -184950.24710300533, -129218.13925720922, -88150.22863748415, -88454.77115568772, -86187.23138418572, -0.756, -0.29, 0.5760000000000001, 192.0, 0.0, 0.0, 0.0, 0.0, 0.0, 0.0, 0.0, 0.0, 0.0, 1.769680292101568E9, 0.0, 2026-01-29 15:21:32.101
195.0, 68782.0397355604, -119810.51353341503, 52791.53469700035, -181891.54498476328, -129216.84285603081, -88151.34622470693, -88455.37465278801, -86188.93011676433, -0.756, -0.29, 0.5760000000000001, 192.0, 0.0, 0.0, 0.0, 0.0, 0.0, 0.0, 0.0, 0.0, 0.0, 1.769680292101718E9, 0.0, 2026-01-29 15:21:32.101
196.0, 68610.0430619768, -105192.6291218554, 68501.59239787965, -165647.7499780357, -129206.65046055919, -88145.11008800389, -88453.78767893168, -86187.56666035255, -0.756, -0.29, 0.5760000000000001, 192.0, 0.0, 0.0, 0.0, 0.0, 0.0, 0.0, 0.0, 0.0, 0.0, 1.769680292101833E9, 0.0, 2026-01-29 15:21:32.101
197.0, 68508.18616249396, -97886.11208034899, 68635.63580937813, -158713.4565369435, -129201.10722793428, -88141.17618097976, -88452.42422251991, -86186.58318359652, -0.756, -0.29, 0.5720000000000001, 192.0, 232.0, 96.0, 246.0, 240.0, 17.0, 224.0, 0.0, 0.0, 0.0, 1.769680292101911E9, 0.0, 2026-01-29 15:21:32.101
198.0, 68626.04691100681, -108710.72664388736, 66552.14030172114, -171327.17178191803, -129209.82440827184, -88148.32873920545, -88455.48641151028, -86191.16529120985, -0.756, -0.29, 0.5720000000000001, 192.0, 0.0, 0.0, 0.0, 0.0, 0.0, 0.0, 0.0, 0.0, 0.0, 1.769680292102016E9, 0.0, 2026-01-29 15:21:32.102
199.0, 68789.97460484202, -121698.36422185472, 42240.50548559493, -184979.59494347512, -129219.16743745416, -88156.82240209848, -88458.43684177838, -86195.88150928993, -0.756, -0.29, 0.5720000000000001, 192.0, 0.0, 0.0, 0.0, 0.0, 0.0, 0.0, 0.0, 0.0, 0.0, 1.769680292102093E9, 0.0, 2026-01-29 15:21:32.102
200.0, 68789.01347983045, -119784.09377146886, 52843.05546796983, -181879.20682182396, -129218.4968851205, -88158.52113467708, -88459.66618772343, -86198.00492501319, -0.756, -0.29, 0.5720000000000001, 192.0, 0.0, 0.0, 0.0, 0.0, 0.0, 0.0, 0.0, 0.0, 0.0, 1.769680292102176E9, 0.0, 2026-01-29 15:21:32.102
201.0, 68618.60378010318, -105149.42319982329, 68512.29888347375, -165609.6849572283, -129209.86911176075, -88153.84962008592, -88459.75559470124, -86198.2954976911, -0.756, -0.29, 0.5720000000000001, 192.0, 0.0, 0.0, 0.0, 0.0, 0.0, 0.0, 0.0, 0.0, 0.0, 1.769680292102276E9, 0.0, 2026-01-29 15:21:32.102
202.0, 68517.99857830985, -97919.43853133185, 68645.53763217184, -158765.49139803546, -129204.72821053604, -88150.29569271753, -88458.70506271184, -86197.71435233526, -0.756, -0.29, 0.5720000000000001, 192.0, 0.0, 0.0, 0.0, 0.0, 0.0, 0.0, 0.0, 0.0, 0.0, 1.769680292102376E9, 0.0, 2026-01-29 15:21:32.102
203.0, 68635.45699542249, -108786.52140933531, 66515.57284779225, -171418.12103010667, -129212.3948588842, -88156.37536720936, -88460.78377494619, -86201.29063144811, -0.756, -0.29, 0.5720000000000001, 192.0, 0.0, 0.0, 0.0, 0.0, 0.0, 0.0, 0.0, 0.0, 0.0, 1.769680292102494E9, 0.0, 2026-01-29 15:21:32.102
204.0, 68802.58098871482, -121738.55265838536, 42198.77477869687, -185029.84166501067, -129225.47062939056, -88168.46766095968, -88467.46694653833, -86209.73959085222, -0.756, -0.29, 0.5720000000000001, 192.0, 0.0, 0.0, 0.0, 0.0, 0.0, 0.0, 0.0, 0.0, 0.0, 1.769680292102577E9, 0.0, 2026-01-29 15:21:32.102
205.0, 68800.14464856918, -119758.27750662298, 53027.77028414849, -181854.10581280064, -129223.9060072787, -88169.27232376007, -88467.89162968298, -86211.21480598627, -0.756, -0.29, 0.5720000000000001, 192.0, 0.0, 0.0, 0.0, 0.0, 0.0, 0.0, 0.0, 0.0, 0.0, 1.769680292102676E9, 0.0, 2026-01-29 15:21:32.102
206.0, 68623.40940516107, -105094.7508328856, 68526.29107550277, -165562.8804043389, -129209.33266989383, -88158.67759688826, -88462.01312089124, -86205.4033524279, -0.756, -0.29, 0.5720000000000001, 192.0, 0.0, 0.0, 0.0, 0.0, 0.0, 0.0, 0.0, 0.0, 0.0, 1.76968029216148E9, 0.0, 2026-01-29 15:21:32.161
207.0, 68521.41839521151, -97934.07892395007, 68648.82333860676, -158794.39220361618, -129202.0460012014, -88152.97790205215, -88458.74976620077, -86202.4976256487, -0.758, -0.29, 0.5680000000000001, 192.0, 232.0, 80.0, 246.0, 240.0, 17.0, 192.0, 0.0, 0.0, 0.0, 1.769680292161591E9, 0.0, 2026-01-29 15:21:32.161
208.0, 68639.63677163563, -108853.50958746787, 66479.89946364159, -171494.1169612547, -129209.69029780512, -88158.94581782173, -88460.73907145728, -86205.96214603927, -0.758, -0.29, 0.5680000000000001, 192.0, 0.0, 0.0, 0.0, 0.0, 0.0, 0.0, 0.0, 0.0, 0.0, 1.769680292161689E9, 0.0, 2026-01-29 15:21:32.161
209.0, 68802.87156139273, -121773.71195241356, 42089.47474831042, -185069.5830666522, -129218.87686477625, -88167.17125978127, -88463.5330395142, -86210.54425365261, -0.758, -0.29, 0.5680000000000001, 192.0, 0.0, 0.0, 0.0, 0.0, 0.0, 0.0, 0.0, 0.0, 0.0, 1.769680292161772E9, 0.0, 2026-01-29 15:21:32.161
210.0, 68804.14561082669, -119724.57107598438, 53182.46670752367, -181827.0154985208, -129221.6484810887, -88172.40156798382, -88468.45042329436, -86216.4004106999, -0.758, -0.29, 0.5680000000000001, 192.0, 0.0, 0.0, 0.0, 0.0, 0.0, 0.0, 0.0, 0.0, 0.0, 1.76968029216191E9, 0.0, 2026-01-29 15:21:32.161
211.0, 68631.38897793162, -105046.38165788433, 68544.95478212295, -165535.5218691256, -129211.47843736154, -88166.14307953634, -88467.01991164923, -86214.96989905476, -0.758, -0.29, 0.5680000000000001, 192.0, 0.0, 0.0, 0.0, 0.0, 0.0, 0.0, 0.0, 0.0, 0.0, 1.769680292162031E9, 0.0, 2026-01-29 15:21:32.162
212.0, 68530.96259009393, -97938.34810714104, 68658.36753348917, -158833.19483199058, -129204.9964314695, -88161.22569575616, -88464.44946103686, -86212.82413158705, -0.758, -0.29, 0.5680000000000001, 192.0, 0.0, 0.0, 0.0, 0.0, 0.0, 0.0, 0.0, 0.0, 0.0, 1.769680292162113E9, 0.0, 2026-01-29 15:21:32.162
213.0, 68650.32090548526, -108909.59011430624, 66465.437884979, -171585.8485204993, -129213.35598389579, -88167.9088673483, -88467.1316703715, -86216.93685256683, -0.758, -0.29, 0.5680000000000001, 192.0, 0.0, 0.0, 0.0, 0.0, 0.0, 0.0, 0.0, 0.0, 0.0, 1.769680292162213E9, 0.0, 2026-01-29 15:21:32.162
214.0, 68817.02021563295, -121796.8013044359, 42072.509774268845, -185113.8842241626, -129226.31999567986, -88180.00116109863, -88473.74778673027, -86225.34110848203, -0.758, -0.29, 0.5680000000000001, 192.0, 0.0, 0.0, 0.0, 0.0, 0.0, 0.0, 0.0, 0.0, 0.0, 1.769680292162297E9, 0.0, 2026-01-29 15:21:32.162
215.0, 68813.51099175346, -119693.18922676913, 53253.45584791373, -181806.72011455538, -129225.02359450146, -88181.14110006584, -88474.41833906392, -86227.12924803844, -0.758, -0.29, 0.5680000000000001, 192.0, 0.0, 0.0, 0.0, 0.0, 0.0, 0.0, 0.0, 0.0, 0.0, 1.769680292162384E9, 0.0, 2026-01-29 15:21:32.162
216.0, 68637.49100416792, -104989.38470952329, 68553.64961071606, -165488.98553716965, -129211.90312050619, -88171.73101565016, -88470.01504540624, -86222.72595438074, -0.758, -0.29, 0.5680000000000001, 192.0, 0.0, 0.0, 0.0, 0.0, 0.0, 0.0, 0.0, 0.0, 0.0, 1.769680292162488E9, 0.0, 2026-01-29 15:21:32.162
217.0, 68541.55731696574, -97950.70862182482, 68669.02931559435, -158876.42310576714, -129209.0420972159, -88170.45696621621, -88471.19968786236, -86224.33527998153, -0.758, -0.292, 0.5680000000000001, 192.0, 232.0, 80.0, 246.0, 224.0, 17.0, 192.0, 0.0, 0.0, 0.0, 1.769680292162619E9, 0.0, 2026-01-29 15:21:32.162
218.0, 68662.70377191351, -108970.54332143585, 66421.80727980225, -171677.91535591072, -129218.51923686496, -88178.36948375338, -88474.84302220857, -86229.61029167299, -0.758, -0.292, 0.5680000000000001, 192.0, 0.0, 0.0, 0.0, 0.0, 0.0, 0.0, 0.0, 0.0, 0.0, 1.769680292162735E9, 0.0, 2026-01-29 15:21:32.162
219.0, 68828.64312274971, -121835.71569153259, 41962.807412482194, -185161.87341950816, -129231.05856550438, -88190.0594461035, -88481.12386240052, -86237.54516095461, -0.758, -0.292, 0.5680000000000001, 192.0, 0.0, 0.0, 0.0, 0.0, 0.0, 0.0, 0.0, 0.0, 0.0, 1.769680292162826E9, 0.0, 2026-01-29 15:21:32.162
220.0, 68822.76461395796, -119671.46333115856, 53399.412739206884, -181786.58119280115, -129228.28694919193, -88189.6124112144, -88480.40860657796, -86237.81338188809, -0.758, -0.292, 0.5680000000000001, 192.0, 0.0, 0.0, 0.0, 0.0, 0.0, 0.0, 0.0, 0.0, 0.0, 1.769680292162932E9, 0.0, 2026-01-29 15:21:32.162
221.0, 68648.26454499537, -104947.78811309197, 68572.02274465833, -165460.7105804337, -129216.90991126419, -88182.12457682188, -88477.70404549886, -86235.24293127573, -0.758, -0.292, 0.5680000000000001, 192.0, 0.0, 0.0, 0.0, 0.0, 0.0, 0.0, 0.0, 0.0, 0.0, 1.769680292221831E9, 0.0, 2026-01-29 15:21:32.221
222.0, 68551.79441592627, -97956.87770329449, 68679.33346978825, -158909.36957709427, -129213.11011470678, -88179.88940237634, -88477.8381559656, -86235.71231790929, -0.758, -0.292, 0.5680000000000001, 192.0, 0.0, 0.0, 0.0, 0.0, 0.0, 0.0, 0.0, 0.0, 0.0, 1.769680292221943E9, 0.0, 2026-01-29 15:21:32.221
223.0, 68673.14203657414, -109015.15740336865, 66397.84620974615, -171737.61686535084, -129222.34138516682, -88187.42194025779, -88481.30267635616, -86240.71910866727, -0.758, -0.292, 0.5680000000000001, 192.0, 0.0, 0.0, 0.0, 0.0, 0.0, 0.0, 0.0, 0.0, 0.0, 1.769680292222027E9, 0.0, 2026-01-29 15:21:32.222
224.0, 68836.06390190887, -121858.20154645463, 41833.61432953052, -185198.15030075912, -129231.99733877151, -88196.20617582872, -88484.65543802446, -86245.860009892, -0.758, -0.292, 0.5680000000000001, 192.0, 0.0, 0.0, 0.0, 0.0, 0.0, 0.0, 0.0, 0.0, 0.0, 1.769680292222109E9, 0.0, 2026-01-29 15:21:32.222
225.0, 68830.20774486157, -119647.47990935802, 53448.9665566643, -181772.09726239412, -129229.47159164806, -88196.04971361754, -88484.20840313536, -86246.35174827001, -0.758, -0.292, 0.5680000000000001, 192.0, 0.0, 0.0, 0.0, 0.0, 0.0, 0.0, 0.0, 0.0, 0.0, 1.769680292222247E9, 0.0, 2026-01-29 15:21:32.222
226.0, 68656.3558764882, -104915.26632490949, 68586.01493668735, -165454.4967954751, -129218.92156826516, -88189.27713504758, -88482.33085660111, -86244.51890522467, -0.758, -0.292, 0.5680000000000001, 192.0, 0.0, 0.0, 0.0, 0.0, 0.0, 0.0, 0.0, 0.0, 0.0, 1.769680292222368E9, 0.0, 2026-01-29 15:21:32.222
227.0, 68558.4328840295, -97981.15169777295, 68686.0166413804, -158968.51229292303, -129212.97600424004, -88184.9632483677, -88480.43095832241, -86243.04369009062, -0.756, -0.294, 0.5720000000000001, 192.0, 232.0, 96.0, 246.0, 208.0, 17.0, 224.0, 0.0, 0.0, 0.0, 1.769680292222464E9, 0.0, 2026-01-29 15:21:32.222
228.0, 68679.28876629935, -109073.47310465254, 66390.69365152046, -171829.0578519175, -129221.38026015525, -88191.75817868211, -88483.00140893477, -86247.13405932595, -0.756, -0.294, 0.5720000000000001, 192.0, 0.0, 0.0, 0.0, 0.0, 0.0, 0.0, 0.0, 0.0, 0.0, 1.769680292222574E9, 0.0, 2026-01-29 15:21:32.222
229.0, 68841.09304441132, -121889.85161660334, 41810.346163552545, -185233.53311223187, -129230.20919921508, -88199.76010319711, -88485.46010082486, -86251.42559426137, -0.756, -0.294, 0.5720000000000001, 192.0, 0.0, 0.0, 0.0, 0.0, 0.0, 0.0, 0.0, 0.0, 0.0, 1.769680292222656E9, 0.0, 2026-01-29 15:21:32.222
230.0, 68834.63339026373, -119642.36135987776, 53471.16183890842, -181764.98940765733, -129227.7058038361, -88199.76010319711, -88485.2365833803, -86252.16320182839, -0.756, -0.294, 0.5720000000000001, 192.0, 0.0, 0.0, 0.0, 0.0, 0.0, 0.0, 0.0, 0.0, 0.0, 1.769680292222737E9, 0.0, 2026-01-29 15:21:32.222
231.0, 68660.69211491253, -104882.69983323812, 68591.24524488988, -165423.07024277095, -129217.31224266438, -88193.4122077718, -88483.64960952397, -86250.5091727387, -0.756, -0.294, 0.5720000000000001, 192.0, 0.0, 0.0, 0.0, 0.0, 0.0, 0.0, 0.0, 0.0, 0.0, 1.769680292222818E9, 0.0, 2026-01-29 15:21:32.222
232.0, 68564.55726201025, -97987.633703665, 68692.00690889441, -159009.34893004288, -129212.77483853995, -88190.4617775037, -88482.97905719031, -86250.26330354968, -0.756, -0.294, 0.5720000000000001, 192.0, 0.0, 0.0, 0.0, 0.0, 0.0, 0.0, 0.0, 0.0, 0.0, 1.769680292222934E9, 0.0, 2026-01-29 15:21:32.222
233.0, 68684.98846113545, -109101.34572998832, 66333.74140664833, -171894.23553874917, -129220.26267293247, -88196.16147233981, -88484.61073453556, -86253.54900998462, -0.756, -0.294, 0.5720000000000001, 192.0, 0.0, 0.0, 0.0, 0.0, 0.0, 0.0, 0.0, 0.0, 0.0, 1.769680292223035E9, 0.0, 2026-01-29 15:21:32.223
234.0, 68849.38554160424, -121903.70969816562, 41731.10922945848, -185265.80903122533, -129231.86322830478, -88206.89030967836, -88490.04220843819, -86260.6121612325, -0.756, -0.294, 0.5720000000000001, 192.0, 0.0, 0.0, 0.0, 0.0, 0.0, 0.0, 0.0, 0.0, 0.0, 1.769680292223117E9, 0.0, 2026-01-29 15:21:32.223
235.0, 68845.51868981346, -119619.87550495572, 53657.597739410136, -181732.9370061084, -129232.62318761626, -88210.13131262438, -88492.99263870629, -86264.4119577899, -0.756, -0.294, 0.5720000000000001, 192.0, 0.0, 0.0, 0.0, 0.0, 0.0, 0.0, 0.0, 0.0, 0.0, 1.769680292223216E9, 0.0, 2026-01-29 15:21:32.223
236.0, 68669.81162665029, -104849.10516132179, 68607.31614915325, -165393.0965534564, -129220.5979490993, -88202.03998113156, -88489.72928401582, -86261.08154786605, -0.756, -0.294, 0.5720000000000001, 192.0, 0.0, 0.0, 0.0, 0.0, 0.0, 0.0, 0.0, 0.0, 0.0, 1.769680292282082E9, 0.0, 2026-01-29 15:21:32.282
237.0, 68575.71078249345, -98008.08554984159, 68703.20513286653, -159056.15348293228, -129217.6028153423, -88200.49771076415, -88490.60100204957, -86262.26619032219, -0.758, -0.294, 0.5740000000000001, 192.0, 232.0, 80.0, 246.0, 208.0, 17.0, 240.0, 0.0, 0.0, 0.0, 1.769680292282193E9, 0.0, 2026-01-29 15:21:32.282
238.0, 68698.82419095328, -109167.86452148731, 66295.58697886312, -171979.7309612907, -129227.28112069145, -88208.58904225696, -88494.55726081817, -86267.69766422483, -0.758, -0.294, 0.5740000000000001, 192.0, 0.0, 0.0, 0.0, 0.0, 0.0, 0.0, 0.0, 0.0, 0.0, 1.769680292282286E9, 0.0, 2026-01-29 15:21:32.282
239.0, 68860.6061173208, -121948.34613184287, 41540.51590448808, -185316.72630509452, -129236.53474289594, -88216.99329817216, -88497.46298759735, -86272.52564102717, -0.758, -0.294, 0.5740000000000001, 192.0, 0.0, 0.0, 0.0, 0.0, 0.0, 0.0, 0.0, 0.0, 0.0, 1.769680292282368E9, 0.0, 2026-01-29 15:21:32.282
240.0, 68854.41468410667, -119598.61899597872, 53722.97659194191, -181715.23442449982, -129235.75243184001, -88218.78143772858, -88498.9382027314, -86274.9619811728, -0.758, -0.294, 0.5740000000000001, 192.0, 0.0, 0.0, 0.0, 0.0, 0.0, 0.0, 0.0, 0.0, 0.0, 1.769680292282529E9, 0.0, 2026-01-29 15:21:32.282
241.0, 68678.28293779885, -104808.7379108355, 68622.33652142722, -165365.04511416497, -129223.9507107676, -88210.84656844696, -88495.85366199657, -86271.87744043797, -0.758, -0.294, 0.5740000000000001, 192.0, 0.0, 0.0, 0.0, 0.0, 0.0, 0.0, 0.0, 0.0, 0.0, 1.769680292282647E9, 0.0, 2026-01-29 15:21:32.282
242.0, 68583.98092794191, -98034.30414608767, 68711.45292657054, -159097.14658226332, -129219.9497485101, -88208.25376609013, -88495.67484804093, -86272.05625439361, -0.758, -0.294, 0.5740000000000001, 192.0, 0.0, 0.0, 0.0, 0.0, 0.0, 0.0, 0.0, 0.0, 0.0, 1.769680292282731E9, 0.0, 2026-01-29 15:21:32.282
243.0, 68705.99910092344, -109239.39010374428, 66271.82707450713, -172064.08644486504, -129228.10813523628, -88214.8698824489, -88498.0888364421, -86276.14662362894, -0.758, -0.294, 0.5740000000000001, 192.0, 0.0, 0.0, 0.0, 0.0, 0.0, 0.0, 0.0, 0.0, 0.0, 1.769680292282831E9, 0.0, 2026-01-29 15:21:32.282
244.0, 68867.57986159086, -121988.46751314015, 41480.702636325674, -185353.56197995687, -129237.38410918524, -88223.36354534193, -88501.12867368803, -86281.0193039202, -0.758, -0.294, 0.5740000000000001, 192.0, 0.0, 0.0, 0.0, 0.0, 0.0, 0.0, 0.0, 0.0, 0.0, 1.769680292282912E9, 0.0, 2026-01-29 15:21:32.282
245.0, 68859.62264056476, -119585.94555687257, 53781.694624626, -181692.41329341094, -129235.43950741763, -88223.76587674211, -88501.30748764366, -86282.22629812078, -0.758, -0.294, 0.5740000000000001, 192.0, 0.0, 0.0, 0.0, 0.0, 0.0, 0.0, 0.0, 0.0, 0.0, 1.769680292282994E9, 0.0, 2026-01-29 15:21:32.282
246.0, 68685.4131442801, -104775.29970113037, 68632.70773085448, -165321.14628805476, -129225.62709160175, -88217.97677492819, -88500.30165914318, -86281.35458008702, -0.758, -0.294, 0.5740000000000001, 192.0, 0.0, 0.0, 0.0, 0.0, 0.0, 0.0, 0.0, 0.0, 0.0, 1.769680292283076E9, 0.0, 2026-01-29 15:21:32.283
247.0, 68591.53581756781, -98064.45664935787, 68718.96311270751, -159128.41667275628, -129221.38026015525, -88215.11575163792, -88499.85462425408, -86281.39928357593, -0.76, -0.294, 0.58, 192.0, 232.0, 64.0, 246.0, 208.0, 18.0, 32.0, 0.0, 0.0, 0.0, 1.769680292283191E9, 0.0, 2026-01-29 15:21:32.283
248.0, 68715.43153708357, -109310.73687204563, 66238.81354794664, -172134.4273846659, -129230.99151027102, -88223.09532440845, -88503.5873655781, -86286.69664701184, -0.76, -0.294, 0.58, 192.0, 0.0, 0.0, 0.0, 0.0, 0.0, 0.0, 0.0, 0.0, 0.0, 1.769680292283306E9, 0.0, 2026-01-29 15:21:32.283
249.0, 68875.29121342793, -122031.36051074989, 41421.96225189713, -185391.22466936408, -129238.61345513028, -88230.04671693406, -88505.08493245661, -86289.96000170232, -0.76, -0.294, 0.58, 192.0, 0.0, 0.0, 0.0, 0.0, 0.0, 0.0, 0.0, 0.0, 0.0, 1.769680292283388E9, 0.0, 2026-01-29 15:21:32.283
250.0, 68866.93166100164, -119574.41205673362, 53921.3259722383, -181681.9303252614, -129237.02648127396, -88230.8737314789, -88505.73313304581, -86291.61403079201, -0.76, -0.294, 0.58, 192.0, 0.0, 0.0, 0.0, 0.0, 0.0, 0.0, 0.0, 0.0, 0.0, 1.769680292283506E9, 0.0, 2026-01-29 15:21:32.283
251.0, 68691.3140048163, -104746.06361938282, 68644.84472809371, -165297.49814242104, -129226.07412649086, -88223.81058023103, -88503.52031034474, -86289.55767030212, -0.76, -0.294, 0.58, 192.0, 0.0, 0.0, 0.0, 0.0, 0.0, 0.0, 0.0, 0.0, 0.0, 1.769680292342432E9, 0.0, 2026-01-29 15:21:32.342
252.0, 68596.96729147044, -98096.44199567342, 68724.46164184352, -159174.23774888966, -129220.91087352167, -88220.18959762927, -88502.04509521069, -86288.55184180163, -0.76, -0.294, 0.58, 192.0, 0.0, 0.0, 0.0, 0.0, 0.0, 0.0, 0.0, 0.0, 0.0, 1.769680292342577E9, 0.0, 2026-01-29 15:21:32.342
253.0, 68720.72890051948, -109380.13903857936, 66222.02738786071, -172209.03750765772, -129230.09744049281, -88227.74448725516, -88505.39785687899, -86293.31276337062, -0.76, -0.294, 0.58, 192.0, 0.0, 0.0, 0.0, 0.0, 0.0, 0.0, 0.0, 0.0, 0.0, 1.76968029234267E9, 0.0, 2026-01-29 15:21:32.342
254.0, 68882.57788212036, -122075.03581941556, 41409.825254657895, -185431.41310589472, -129240.22278073107, -88236.9757577152, -88509.33176390312, -86298.92305122889, -0.76, -0.294, 0.58, 192.0, 0.0, 0.0, 0.0, 0.0, 0.0, 0.0, 0.0, 0.0, 0.0, 1.769680292342753E9, 0.0, 2026-01-29 15:21:32.342
255.0, 68875.20180645012, -119560.03988504886, 54046.27222374347, -181660.04796743966, -129240.02161503097, -88239.14387692737, -88511.36577264855, -86302.00759196373, -0.76, -0.294, 0.58, 192.0, 0.0, 0.0, 0.0, 0.0, 0.0, 0.0, 0.0, 0.0, 0.0, 1.769680292342888E9, 0.0, 2026-01-29 15:21:32.342
0.0, 68700.3664613207, -104721.96843886, 68661.00503933491, -165276.9121857777, -129230.07508874836, -88233.1759611578, -88510.0917232146, -86300.95705997433, -0.76, -0.294, 0.58, 192.0, 0.0, 0.0, 0.0, 0.0, 0.0, 0.0, 0.0, 0.0, 0.0, 1.769680292343008E9, 0.0, 2026-01-29 15:21:32.343
1.0, 68608.1431636981, -98125.6110221876, 68735.63751407118, -159204.5690661155, -129226.09647823531, -88230.76197275663, -88509.93526100341, -86301.13587392996, -0.754, -0.302, 0.578, 192.0, 232.0, 112.0, 246.0, 144.0, 18.0, 16.0, 0.0, 0.0, 0.0, 1.76968029234309E9, 0.0, 2026-01-29 15:21:32.343
2.0, 68731.59184832477, -109444.26619342163, 66213.7348906678, -172273.8128630892, -129234.47838240606, -88237.35573737095, -88512.48335987132, -86305.13683618746, -0.754, -0.302, 0.578, 192.0, 0.0, 0.0, 0.0, 0.0, 0.0, 0.0, 0.0, 0.0, 0.0, 1.769680292343197E9, 0.0, 2026-01-29 15:21:32.343
3.0, 68893.53023690346, -122106.50707560864, 41473.863002522354, -185458.65988238572, -129244.91664706668, -88246.98933923118, -88516.75254306228, -86311.23886242376, -0.754, -0.302, 0.578, 192.0, 0.0, 0.0, 0.0, 0.0, 0.0, 0.0, 0.0, 0.0, 0.0, 1.769680292343278E9, 0.0, 2026-01-29 15:21:32.343
4.0, 68885.41655366619, -119540.68327435057, 54196.96768486115, -181635.1704758609, -129244.73783311104, -88249.40332763235, -88518.92066227444, -86314.41281013642, -0.754, -0.302, 0.578, 192.0, 0.0, 0.0, 0.0, 0.0, 0.0, 0.0, 0.0, 0.0, 0.0, 1.76968029234336E9, 0.0, 2026-01-29 15:21:32.343
5.0, 68708.43544106906, -104696.35333971422, 68673.83494065225, -165252.6605430437, -129232.91376029418, -88241.51316183963, -88515.85847328407, -86311.41767637941, -0.754, -0.302, 0.578, 192.0, 0.0, 0.0, 0.0, 0.0, 0.0, 0.0, 0.0, 0.0, 0.0, 1.76968029234345E9, 0.0, 2026-01-29 15:21:32.343
6.0, 68615.698053324, -98173.71197625542, 68743.30416241934, -159270.01497388066, -129227.81756255837, -88237.75806877115, -88514.4950168723, -86310.34479264556, -0.754, -0.302, 0.578, 192.0, 0.0, 0.0, 0.0, 0.0, 0.0, 0.0, 0.0, 0.0, 0.0, 1.769680292343564E9, 0.0, 2026-01-29 15:21:32.343
7.0, 68741.4266158851, -109522.20672633729, 66181.45897167432, -172369.70184680246, -129238.09936500782, -88246.25173166416, -88518.78655180772, -86316.20094969285, -0.754, -0.302, 0.578, 192.0, 0.0, 0.0, 0.0, 0.0, 0.0, 0.0, 0.0, 0.0, 0.0, 1.769680292343664E9, 0.0, 2026-01-29 15:21:32.343
8.0, 68901.44275444064, -122137.91127656834, 41397.28592601847, -185499.1835950832, -129246.97300755656, -88254.2760079236, -88521.33465067562, -86320.73835381727, -0.754, -0.302, 0.578, 192.0, 0.0, 0.0, 0.0, 0.0, 0.0, 0.0, 0.0, 0.0, 0.0, 1.769680292343745E9, 0.0, 2026-01-29 15:21:32.343
9.0, 68891.09389675784, -119524.210038687, 54276.60695035541, -181629.31431881362, -129244.93899881114, -88254.8795050239, -88521.75933382027, -86322.12416197351, -0.754, -0.302, 0.578, 192.0, 0.0, 0.0, 0.0, 0.0, 0.0, 0.0, 0.0, 0.0, 0.0, 1.769680292343843E9, 0.0, 2026-01-29 15:21:32.343
10.0, 68715.05155742784, -104665.32911841026, 68684.40731577961, -165237.43900506964, -129233.89723705022, -88247.77165028712, -88519.45710414137, -86319.97839450579, -0.754, -0.302, 0.578, 192.0, 0.0, 0.0, 0.0, 0.0, 0.0, 0.0, 0.0, 0.0, 0.0, 1.769680292402703E9, 0.0, 2026-01-29 15:21:32.402
11.0, 68622.15770747158, -98200.26584866832, 68749.60735435574, -159328.84476528704, -129227.97402476956, -88243.2789496516, -88517.19957795138, -86318.27966192718, -0.756, -0.304, 0.5740000000000001, 192.0, 232.0, 96.0, 246.0, 128.0, 17.0, 240.0, 0.0, 0.0, 0.0, 1.769680292402814E9, 0.0, 2026-01-29 15:21:32.402
12.0, 68746.63457234319, -109570.53119784966, 66151.84291027104, -172446.88242040665, -129236.71355685158, -88250.29739741057, -88520.08295298612, -86322.66060384043, -0.756, -0.304, 0.5740000000000001, 192.0, 0.0, 0.0, 0.0, 0.0, 0.0, 0.0, 0.0, 0.0, 0.0, 1.769680292402905E9, 0.0, 2026-01-29 15:21:32.402
13.0, 68907.58948416584, -122158.05019832257, 41379.87391708779, -185542.97066247114, -129246.72713836755, -88259.5286678706, -88523.97215652134, -86328.40500216544, -0.756, -0.304, 0.5740000000000001, 192.0, 0.0, 0.0, 0.0, 0.0, 0.0, 0.0, 0.0, 0.0, 0.0, 1.769680292402985E9, 0.0, 2026-01-29 15:21:32.402
14.0, 68896.23479798256, -119502.79706749882, 54413.39962642189, -181615.90327214042, -129244.02257728847, -88259.46161263724, -88523.68158384343, -86329.12025798802, -0.756, -0.304, 0.5740000000000001, 192.0, 0.0, 0.0, 0.0, 0.0, 0.0, 0.0, 0.0, 0.0, 0.0, 1.769680292403156E9, 0.0, 2026-01-29 15:21:32.403
15.0, 68720.88536273067, -104640.63044078714, 68695.80670545182, -165221.41280429516, -129234.00899577248, -88253.31488291203, -88522.40753440947, -86327.91326378743, -0.756, -0.304, 0.5740000000000001, 192.0, 0.0, 0.0, 0.0, 0.0, 0.0, 0.0, 0.0, 0.0, 0.0, 1.769680292403288E9, 0.0, 2026-01-29 15:21:32.403
16.0, 68630.33844594222, -98228.5408054043, 68757.78809282638, -159379.20324554484, -129229.6057021148, -88250.31974915502, -88521.58051986463, -86327.53328413168, -0.756, -0.304, 0.5740000000000001, 192.0, 0.0, 0.0, 0.0, 0.0, 0.0, 0.0, 0.0, 0.0, 0.0, 1.769680292403369E9, 0.0, 2026-01-29 15:21:32.403
17.0, 68752.75895032394, -109616.59814317206, 66159.19663419684, -172523.19127597706, -129235.79713532892, -88254.90185676835, -88521.91579603146, -86329.41083066593, -0.756, -0.304, 0.5740000000000001, 192.0, 0.0, 0.0, 0.0, 0.0, 0.0, 0.0, 0.0, 0.0, 0.0, 1.769680292403489E9, 0.0, 2026-01-29 15:21:32.403
18.0, 68912.73038539058, -122166.49915772668, 41423.191597842175, -185569.36807267286, -129245.27427497796, -88263.66374059484, -88525.35796467758, -86334.59643537956, -0.756, -0.304, 0.5740000000000001, 192.0, 0.0, 0.0, 0.0, 0.0, 0.0, 0.0, 0.0, 0.0, 0.0, 1.769680292403571E9, 0.0, 2026-01-29 15:21:32.403
19.0, 68901.75567886302, -119476.91374741957, 54457.58902521003, -181612.93049012788, -129243.39672844372, -88264.3342929285, -88525.84970305559, -86336.00459528025, -0.756, -0.304, 0.5740000000000001, 192.0, 0.0, 0.0, 0.0, 0.0, 0.0, 0.0, 0.0, 0.0, 0.0, 1.769680292403654E9, 0.0, 2026-01-29 15:21:32.403
20.0, 68728.1720314231, -104604.53237349182, 68704.83681021175, -165221.05517638387, -129235.03717601743, -88259.8862957819, -88526.22968271133, -86336.45163016935, -0.756, -0.304, 0.5740000000000001, 192.0, 0.0, 0.0, 0.0, 0.0, 0.0, 0.0, 0.0, 0.0, 0.0, 1.769680292403735E9, 0.0, 2026-01-29 15:21:32.403
21.0, 68639.5026611689, -98238.57673866472, 68767.06406677533, -159428.15356590194, -129232.28791144943, -88258.50048762566, -88527.01199376727, -86337.59156913658, -0.75, -0.304, 0.5740000000000001, 192.0, 232.0, 144.0, 246.0, 128.0, 17.0, 240.0, 0.0, 0.0, 0.0, 1.769680292403836E9, 0.0, 2026-01-29 15:21:32.403
22.0, 68762.75018009546, -109654.46199827934, 66158.77195105219, -172594.51569253395, -129238.97108304157, -88263.61903710593, -88527.88371180103, -86339.84909532656, -0.75, -0.304, 0.5740000000000001, 192.0, 0.0, 0.0, 0.0, 0.0, 0.0, 0.0, 0.0, 0.0, 0.0, 1.769680292403937E9, 0.0, 2026-01-29 15:21:32.403
23.0, 68920.59819943884, -122170.67893393981, 41550.57418949297, -185596.5030904416, -129246.54832441191, -88270.54807788707, -88529.35892693508, -86343.02304303921, -0.75, -0.304, 0.5740000000000001, 192.0, 0.0, 0.0, 0.0, 0.0, 0.0, 0.0, 0.0, 0.0, 0.0, 1.769680292404018E9, 0.0, 2026-01-29 15:21:32.404
24.0, 68909.22116151109, -119451.3433517627, 54630.97150694985, -181605.37560050198, -129244.8495918333, -88271.33038894301, -88529.98477577983, -86344.72177561781, -0.75, -0.304, 0.5740000000000001, 192.0, 0.0, 0.0, 0.0, 0.0, 0.0, 0.0, 0.0, 0.0, 0.0, 1.7696802924041E9, 0.0, 2026-01-29 15:21:32.404
25.0, 68735.48105185998, -104586.7403849054, 68716.50442081744, -165222.01630139546, -129236.24417021802, -88266.56946737402, -88530.20829322438, -86345.0347000402, -0.75, -0.304, 0.5740000000000001, 192.0, 0.0, 0.0, 0.0, 0.0, 0.0, 0.0, 0.0, 0.0, 0.0, 1.769680292462101E9, 0.0, 2026-01-29 15:21:32.462
26.0, 68644.7553211159, -98266.53877097831, 68772.3837819557, -159492.3477759776, -129230.92445503766, -88262.54615337208, -88528.42015366795, -86343.53713316169, -0.75, -0.304, 0.5740000000000001, 192.0, 0.0, 0.0, 0.0, 0.0, 0.0, 0.0, 0.0, 0.0, 0.0, 1.769680292462211E9, 0.0, 2026-01-29 15:21:32.462
27.0, 68769.81333134334, -109683.45221083787, 66199.4744777053, -172642.63899834623, -129239.5522283974, -88269.3857871754, -88531.01295602477, -86347.7839646082, -0.75, -0.304, 0.5740000000000001, 192.0, 0.0, 0.0, 0.0, 0.0, 0.0, 0.0, 0.0, 0.0, 0.0, 1.769680292462294E9, 0.0, 2026-01-29 15:21:32.462
28.0, 68929.7177111766, -122144.54974467156, 42062.11621309712, -185585.21545949168, -129250.03519654695, -88279.24290648018, -88535.50565666029, -86354.06480480013, -0.75, -0.304, 0.5740000000000001, 192.0, 0.0, 0.0, 0.0, 0.0, 0.0, 0.0, 0.0, 0.0, 0.0, 1.769680292462375E9, 0.0, 2026-01-29 15:21:32.462
29.0, 68916.59723718134, -119374.98979270337, 55127.53786176895, -181542.88012300493, -129247.24122849003, -88279.01938903563, -88535.25978747128, -86354.71300538933, -0.75, -0.304, 0.5740000000000001, 192.0, 0.0, 0.0, 0.0, 0.0, 0.0, 0.0, 0.0, 0.0, 0.0, 1.769680292462515E9, 0.0, 2026-01-29 15:21:32.462
30.0, 68741.6277815852, -104555.73851534587, 68737.55976409433, -165225.7490427195, -129237.07118476287, -88272.87265931042, -88533.8963310595, -86353.37190072202, -0.75, -0.304, 0.5740000000000001, 192.0, 0.0, 0.0, 0.0, 0.0, 0.0, 0.0, 0.0, 0.0, 0.0, 1.769680292462617E9, 0.0, 2026-01-29 15:21:32.462
31.0, 68652.77959737535, -98349.17317022958, 68780.29629949288, -159609.04623377876, -129232.24320796052, -88269.40813891985, -88532.5999298811, -86352.4331274549, -0.75, -0.304, 0.5740000000000001, 192.0, 0.0, 0.0, 0.0, 0.0, 0.0, 0.0, 0.0, 0.0, 0.0, 1.769680292462699E9, 0.0, 2026-01-29 15:21:32.462
32.0, 68775.44597094608, -109730.145005005, 66431.79850957377, -172708.37547878927, -129238.97108304157, -88274.34787444447, -88533.27048221475, -86354.64595015597, -0.75, -0.298, 0.5740000000000001, 192.0, 232.0, 144.0, 246.0, 176.0, 17.0, 240.0, 0.0, 0.0, 0.0, 1.76968029246279E9, 0.0, 2026-01-29 15:21:32.462
33.0, 68930.79059491046, -121994.36837367635, 44174.110194934634, -185422.85238776833, -129247.37533895676, -88281.94746755928, -88535.70682236039, -86358.78102288021, -0.75, -0.298, 0.5740000000000001, 192.0, 0.0, 0.0, 0.0, 0.0, 0.0, 0.0, 0.0, 0.0, 0.0, 1.76968029246288E9, 0.0, 2026-01-29 15:21:32.462
34.0, 68918.67594941569, -119195.25941553825, 56543.923204412844, -181362.52389699506, -129246.92830406765, -88284.04853153808, -88537.76318285026, -86361.7314531483, -0.75, -0.298, 0.5740000000000001, 192.0, 0.0, 0.0, 0.0, 0.0, 0.0, 0.0, 0.0, 0.0, 0.0, 1.76968029246296E9, 0.0, 2026-01-29 15:21:32.462
35.0, 68748.40036015515, -104605.82877467023, 68776.4294477021, -165308.5622559264, -129239.06049001939, -88280.1369762584, -88538.61254913957, -86362.55846769315, -0.75, -0.298, 0.5740000000000001, 192.0, 0.0, 0.0, 0.0, 0.0, 0.0, 0.0, 0.0, 0.0, 0.0, 1.769680292463041E9, 0.0, 2026-01-29 15:21:32.463
36.0, 68663.12845505816, -98566.85680947981, 68790.71221240905, -159869.28759447188, -129235.66302486218, -88278.10296751297, -88538.52314216175, -86362.91609560444, -0.75, -0.298, 0.5740000000000001, 192.0, 0.0, 0.0, 0.0, 0.0, 0.0, 0.0, 0.0, 0.0, 0.0, 1.769680292463134E9, 0.0, 2026-01-29 15:21:32.463
37.0, 68786.01834607344, -109853.75015184286, 66455.1337307851, -172852.56658227046, -129243.73200461055, -88284.65202863837, -88540.75831660729, -86366.7829473952, -0.75, -0.298, 0.5740000000000001, 192.0, 0.0, 0.0, 0.0, 0.0, 0.0, 0.0, 0.0, 0.0, 0.0, 1.769680292463236E9, 0.0, 2026-01-29 15:21:32.463
38.0, 68939.30660954793, -122000.13512374583, 44385.870621904214, -185428.66384132672, -129251.82333610336, -88291.9834008197, -88542.99349105281, -86370.80626139716, -0.75, -0.298, 0.5740000000000001, 192.0, 0.0, 0.0, 0.0, 0.0, 0.0, 0.0, 0.0, 0.0, 0.0, 1.769680292463318E9, 0.0, 2026-01-29 15:21:32.463
39.0, 68927.30372277542, -119172.70650538284, 56706.50979358075, -181340.2615595176, -129251.86803959229, -88294.4420927098, -88545.36277596507, -86374.22607829882, -0.75, -0.298, 0.5740000000000001, 192.0, 0.0, 0.0, 0.0, 0.0, 0.0, 0.0, 0.0, 0.0, 0.0, 1.769680292463407E9, 0.0, 2026-01-29 15:21:32.463
40.0, 68757.16224398163, -104610.65675147258, 68789.37110774172, -165327.40477650223, -129243.44143193263, -88289.90468858537, -88545.56394166517, -86374.5837062101, -0.75, -0.298, 0.5740000000000001, 192.0, 0.0, 0.0, 0.0, 0.0, 0.0, 0.0, 0.0, 0.0, 0.0, 1.769680292522486E9, 0.0, 2026-01-29 15:21:32.522
41.0, 68670.2586615394, -98630.22400501062, 68797.86477063475, -159966.58473808583, -129237.69703360762, -88285.43433969431, -88543.17230500845, -86372.54969746468, -0.75, -0.298, 0.5740000000000001, 192.0, 0.0, 0.0, 0.0, 0.0, 0.0, 0.0, 0.0, 0.0, 0.0, 1.769680292522592E9, 0.0, 2026-01-29 15:21:32.522
42.0, 68793.19325604358, -109870.08927703969, 66577.88951133365, -172881.93677448473, -129246.07893777835, -88292.07280779754, -88545.74275562081, -86376.50595623326, -0.752, -0.296, 0.5760000000000001, 192.0, 232.0, 128.0, 246.0, 192.0, 18.0, 0.0, 0.0, 0.0, 0.0, 1.769680292522672E9, 0.0, 2026-01-29 15:21:32.522
43.0, 68947.06266487393, -121912.11395408082, 45619.86572979281, -185342.2967007514, -129255.93605708315, -88301.25937476866, -88549.81077311168, -86382.25035455827, -0.752, -0.296, 0.5760000000000001, 192.0, 0.0, 0.0, 0.0, 0.0, 0.0, 0.0, 0.0, 0.0, 0.0, 1.769680292522758E9, 0.0, 2026-01-29 15:21:32.522
44.0, 68932.66814144471, -119062.35594300699, 57566.02377486513, -181249.8711049403, -129254.4608419491, -88302.33225850252, -88550.83895335662, -86384.12790109252, -0.752, -0.296, 0.5760000000000001, 192.0, 0.0, 0.0, 0.0, 0.0, 0.0, 0.0, 0.0, 0.0, 0.0, 1.769680292522901E9, 0.0, 2026-01-29 15:21:32.522
45.0, 68760.96204053903, -104659.56236834078, 68809.30886379587, -165441.28691450204, -129242.97204529907, -88294.73266538771, -88547.93322657743, -86381.31158129116, -0.752, -0.296, 0.5760000000000001, 192.0, 0.0, 0.0, 0.0, 0.0, 0.0, 0.0, 0.0, 0.0, 0.0, 1.76968029252302E9, 0.0, 2026-01-29 15:21:32.523
46.0, 68678.8640831547, -98818.53745204657, 68806.35843352777, -160231.9222965148, -129240.62511213127, -88293.57037467604, -88548.8496481001, -86382.63033421402, -0.752, -0.296, 0.5760000000000001, 192.0, 0.0, 0.0, 0.0, 0.0, 0.0, 0.0, 0.0, 0.0, 0.0, 1.769680292523103E9, 0.0, 2026-01-29 15:21:32.523
47.0, 68801.23988404749, -109924.06873989926, 66790.38754587025, -172983.86072920094, -129250.39282445823, -88301.61700267995, -88552.85061035761, -86388.15121509448, -0.752, -0.296, 0.5760000000000001, 192.0, 0.0, 0.0, 0.0, 0.0, 0.0, 0.0, 0.0, 0.0, 0.0, 1.769680292523203E9, 0.0, 2026-01-29 15:21:32.523
48.0, 68950.68364747569, -121760.30090574038, 47376.22110560192, -185210.08613229825, -129259.04294956243, -88309.5965754505, -88555.75633713679, -86392.93448840792, -0.752, -0.296, 0.5760000000000001, 192.0, 0.0, 0.0, 0.0, 0.0, 0.0, 0.0, 0.0, 0.0, 0.0, 1.769680292523285E9, 0.0, 2026-01-29 15:21:32.523
49.0, 68935.26094380152, -118898.33884219395, 58612.15247060687, -181105.25531831448, -129257.14305128373, -88310.26712778416, -88556.33748249263, -86394.52146226424, -0.752, -0.296, 0.5760000000000001, 192.0, 0.0, 0.0, 0.0, 0.0, 0.0, 0.0, 0.0, 0.0, 0.0, 1.769680292523366E9, 0.0, 2026-01-29 15:21:32.523
50.0, 68765.54414815237, -104603.39243452459, 68831.79471871791, -165417.07997525693, -129246.63773138974, -88303.40514223637, -88554.23641851383, -86392.50980526327, -0.752, -0.296, 0.5760000000000001, 192.0, 0.0, 0.0, 0.0, 0.0, 0.0, 0.0, 0.0, 0.0, 0.0, 1.769680292523459E9, 0.0, 2026-01-29 15:21:32.523
51.0, 68682.708583201, -98848.3323274055, 68810.24763706299, -160287.1758088083, -129242.34619645432, -88300.342953246, -88553.23059001334, -86391.92865990743, -0.752, -0.296, 0.5760000000000001, 192.0, 0.0, 0.0, 0.0, 0.0, 0.0, 0.0, 0.0, 0.0, 0.0, 1.769680292523562E9, 0.0, 2026-01-29 15:21:32.523
52.0, 68801.99984335898, -109964.81597004128, 66830.21835448961, -173038.73426183872, -129248.98466455755, -88305.48385447072, -88554.21406676937, -86394.40970354197, -0.752, -0.292, 0.578, 192.0, 232.0, 128.0, 246.0, 224.0, 18.0, 16.0, 0.0, 0.0, 0.0, 1.769680292523685E9, 0.0, 2026-01-29 15:21:32.523
53.0, 68952.69530447666, -121748.92386781263, 47822.7866080745, -185196.18334724705, -129259.40057747372, -88315.22921505323, -88558.77382263826, -86400.75759896728, -0.752, -0.292, 0.578, 192.0, 0.0, 0.0, 0.0, 0.0, 0.0, 0.0, 0.0, 0.0, 0.0, 1.76968029252384E9, 0.0, 2026-01-29 15:21:32.523
54.0, 68937.22789731358, -118862.57605106547, 58906.48024159435, -181077.11447204524, -129258.2606385065, -88316.65972669837, -88560.11492730558, -86403.10453213508, -0.752, -0.292, 0.578, 192.0, 0.0, 0.0, 0.0, 0.0, 0.0, 0.0, 0.0, 0.0, 0.0, 1.769680292523922E9, 0.0, 2026-01-29 15:21:32.523
55.0, 68767.68991562008, -104590.47312622942, 68838.76846298797, -165421.3491584479, -129247.62120814578, -88309.88714812841, -88557.99151158232, -86401.02581990074, -0.752, -0.292, 0.578, 192.0, 0.0, 0.0, 0.0, 0.0, 0.0, 0.0, 0.0, 0.0, 0.0, 1.769680292582651E9, 0.0, 2026-01-29 15:21:32.582
56.0, 68686.55308324732, -98885.36916796795, 68814.11448885375, -160350.72181829475, -129244.64842613322, -88308.12136031645, -88558.14797379352, -86401.62931700103, -0.752, -0.292, 0.578, 192.0, 0.0, 0.0, 0.0, 0.0, 0.0, 0.0, 0.0, 0.0, 0.0, 1.769680292582763E9, 0.0, 2026-01-29 15:21:32.582
57.0, 68806.4925439945, -110009.74297639645, 66794.41085987221, -173100.0003933907, -129251.75628087, -88313.77635166363, -88559.55613369419, -86404.55739552468, -0.752, -0.292, 0.578, 192.0, 0.0, 0.0, 0.0, 0.0, 0.0, 0.0, 0.0, 0.0, 0.0, 1.769680292582847E9, 0.0, 2026-01-29 15:21:32.582
58.0, 68952.8741184323, -121775.67890592563, 47668.51486784397, -185234.44953375455, -129257.99241757304, -88319.43134301083, -88560.13727905003, -86406.83727345911, -0.752, -0.292, 0.578, 192.0, 0.0, 0.0, 0.0, 0.0, 0.0, 0.0, 0.0, 0.0, 0.0, 1.76968029258293E9, 0.0, 2026-01-29 15:21:32.582
59.0, 68934.41157751222, -118853.32242886096, 58896.22079088936, -181071.52653593142, -129253.74558612652, -88317.77731392113, -88558.37149123807, -86406.01025891426, -0.752, -0.292, 0.578, 192.0, 0.0, 0.0, 0.0, 0.0, 0.0, 0.0, 0.0, 0.0, 0.0, 1.769680292583068E9, 0.0, 2026-01-29 15:21:32.583
60.0, 68764.00187778496, -104564.63450963909, 68835.77332923094, -165410.26269319805, -129242.21208598759, -88310.11066557297, -88555.28695050323, -86403.05982864618, -0.752, -0.292, 0.578, 192.0, 0.0, 0.0, 0.0, 0.0, 0.0, 0.0, 0.0, 0.0, 0.0, 1.769680292583187E9, 0.0, 2026-01-29 15:21:32.583
61.0, 68681.83686516725, -98912.43713050331, 68809.42062251814, -160408.90340911192, -129237.51821965197, -88306.69084867131, -88553.76703188027, -86402.07635189014, -0.752, -0.292, 0.578, 192.0, 0.0, 0.0, 0.0, 0.0, 0.0, 0.0, 0.0, 0.0, 0.0, 1.76968029258327E9, 0.0, 2026-01-29 15:21:32.583
62.0, 68804.95027362708, -110060.2802706099, 66800.4681826196, -173174.4764059158, -129247.3529872123, -88315.07275284204, -88557.9021046045, -86407.86545370406, -0.75, -0.294, 0.5760000000000001, 192.0, 232.0, 144.0, 246.0, 208.0, 18.0, 0.0, 0.0, 0.0, 0.0, 1.76968029258337E9, 0.0, 2026-01-29 15:21:32.583
63.0, 68957.00919115654, -121780.26101353897, 47951.26443520361, -185243.7702111924, -129259.89231585173, -88326.6956599588, -88564.60762794109, -86416.4485235749, -0.75, -0.294, 0.5760000000000001, 192.0, 0.0, 0.0, 0.0, 0.0, 0.0, 0.0, 0.0, 0.0, 0.0, 1.769680292583478E9, 0.0, 2026-01-29 15:21:32.583
64.0, 68942.34644679385, -118817.73845168811, 59165.045221453336, -181029.12527669972, -129260.27229550747, -88329.601386738, -88567.64746518701, -86420.38243059903, -0.75, -0.294, 0.5760000000000001, 192.0, 0.0, 0.0, 0.0, 0.0, 0.0, 0.0, 0.0, 0.0, 0.0, 1.76968029258356E9, 0.0, 2026-01-29 15:21:32.583
65.0, 68772.58494765579, -104567.51788467383, 68849.20672764859, -165435.85544059938, -129249.2081820021, -88322.18060757883, -88564.96525585238, -86417.76727649776, -0.75, -0.294, 0.5760000000000001, 192.0, 0.0, 0.0, 0.0, 0.0, 0.0, 0.0, 0.0, 0.0, 0.0, 1.769680292583641E9, 0.0, 2026-01-29 15:21:32.583
66.0, 68690.44228678255, -98986.95784651731, 68818.22720983354, -160510.626198128, -129243.5531906549, -88317.57614822104, -88562.48421221784, -86415.75561949678, -0.75, -0.294, 0.5760000000000001, 192.0, 0.0, 0.0, 0.0, 0.0, 0.0, 0.0, 0.0, 0.0, 0.0, 1.769680292583741E9, 0.0, 2026-01-29 15:21:32.583
67.0, 68812.30399755288, -110130.75532087748, 66859.96852635962, -173244.61618001654, -129252.51624018149, -88324.90752040238, -88565.81462214168, -86420.53889281022, -0.75, -0.294, 0.5760000000000001, 192.0, 0.0, 0.0, 0.0, 0.0, 0.0, 0.0, 0.0, 0.0, 0.0, 1.769680292583855E9, 0.0, 2026-01-29 15:21:32.583
68.0, 68959.02084815751, -121761.6867138966, 48492.131947533126, -185207.49332994144, -129260.94284784113, -88332.70827921729, -88568.58623845414, -86425.07629693464, -0.75, -0.294, 0.5760000000000001, 192.0, 0.0, 0.0, 0.0, 0.0, 0.0, 0.0, 0.0, 0.0, 0.0, 1.769680292583936E9, 0.0, 2026-01-29 15:21:32.583
69.0, 68939.50777524803, -118771.60445113236, 59500.79077491651, -180983.23714533297, -129257.07599605036, -88331.3448228055, -88567.26748553128, -86424.74102076782, -0.75, -0.294, 0.5760000000000001, 192.0, 0.0, 0.0, 0.0, 0.0, 0.0, 0.0, 0.0, 0.0, 0.0, 1.769680292584017E9, 0.0, 2026-01-29 15:21:32.584
70.0, 68771.40030519967, -104577.64322491208, 68852.51478582797, -165452.26162102958, -129246.92830406765, -88324.86281691348, -88565.41229074149, -86422.97523295585, -0.75, -0.294, 0.5760000000000001, 192.0, 0.0, 0.0, 0.0, 0.0, 0.0, 0.0, 0.0, 0.0, 0.0, 1.769680292642494E9, 0.0, 2026-01-29 15:21:32.642
71.0, 68693.43742053956, -99072.31915859213, 68820.90941916817, -160606.98456847484, -129244.71548136658, -88323.78993317962, -88566.23930528633, -86424.29398587871, -0.75, -0.294, 0.5760000000000001, 192.0, 0.0, 0.0, 0.0, 0.0, 0.0, 0.0, 0.0, 0.0, 0.0, 1.769680292642604E9, 0.0, 2026-01-29 15:21:32.642
72.0, 68813.57804698683, -110187.55110353841, 66915.80318400898, -173305.412924935, -129252.1586122702, -88329.601386738, -88568.0497965872, -86427.55734056918, -0.756, -0.292, 0.578, 192.0, 232.0, 96.0, 246.0, 224.0, 18.0, 16.0, 0.0, 0.0, 0.0, 1.769680292642687E9, 0.0, 2026-01-29 15:21:32.642
73.0, 68960.33960108037, -121729.29903618086, 49355.646891075005, -185157.33601538374, -129261.54634494142, -88338.27386358666, -88571.84959314461, -86433.01116621628, -0.756, -0.292, 0.578, 192.0, 0.0, 0.0, 0.0, 0.0, 0.0, 0.0, 0.0, 0.0, 0.0, 1.769680292642778E9, 0.0, 2026-01-29 15:21:32.642
74.0, 68941.36297003782, -118691.94283389364, 60172.7512684764, -180893.20431866698, -129258.93119084016, -88338.18445660883, -88571.84959314461, -86433.99464297232, -0.756, -0.292, 0.578, 192.0, 0.0, 0.0, 0.0, 0.0, 0.0, 0.0, 0.0, 0.0, 0.0, 1.769680292642918E9, 0.0, 2026-01-29 15:21:32.642
75.0, 68775.75889536845, -104661.21639743047, 68867.04341972392, -165569.87650035342, -129249.23053374655, -88332.23889258371, -88570.44143324393, -86432.83235226064, -0.756, -0.292, 0.578, 192.0, 0.0, 0.0, 0.0, 0.0, 0.0, 0.0, 0.0, 0.0, 0.0, 1.769680292643039E9, 0.0, 2026-01-29 15:21:32.643
76.0, 68699.04770839783, -99294.11551882215, 68826.58676225982, -160880.61462409672, -129246.39186220073, -88330.71897396076, -88570.64259894403, -86433.52525633875, -0.756, -0.292, 0.578, 192.0, 0.0, 0.0, 0.0, 0.0, 0.0, 0.0, 0.0, 0.0, 0.0, 1.769680292643119E9, 0.0, 2026-01-29 15:21:32.643
77.0, 68819.63536973421, -110239.45185416364, 67237.69065590986, -173357.4254342825, -129256.45014720561, -88339.23498859823, -88575.13529957955, -86439.4484686194, -0.756, -0.292, 0.578, 192.0, 0.0, 0.0, 0.0, 0.0, 0.0, 0.0, 0.0, 0.0, 0.0, 1.76968029264322E9, 0.0, 2026-01-29 15:21:32.643
78.0, 68958.84203420187, -121545.70180722498, 51824.7323423305, -184947.34137622613, -129262.08278680836, -88344.30883458958, -88575.33646527964, -86441.3483668981, -0.756, -0.292, 0.578, 192.0, 0.0, 0.0, 0.0, 0.0, 0.0, 0.0, 0.0, 0.0, 0.0, 1.769680292643301E9, 0.0, 2026-01-29 15:21:32.643
79.0, 68939.30660954793, -118561.52040499693, 61376.16918995014, -180750.15315415303, -129258.75237688451, -88343.48182004473, -88574.53180247925, -86441.5495325982, -0.756, -0.292, 0.578, 192.0, 0.0, 0.0, 0.0, 0.0, 0.0, 0.0, 0.0, 0.0, 0.0, 1.769680292643382E9, 0.0, 2026-01-29 15:21:32.643
80.0, 68775.80359885735, -104747.44942753905, 68878.80043730742, -165676.94135629432, -129248.91760932418, -88337.24568334171, -88572.78836641174, -86439.8060965307, -0.756, -0.292, 0.578, 192.0, 0.0, 0.0, 0.0, 0.0, 0.0, 0.0, 0.0, 0.0, 0.0, 1.769680292643486E9, 0.0, 2026-01-29 15:21:32.643
81.0, 68698.31010083081, -99445.28036657338, 68825.8491546928, -161047.00100982204, -129244.4025569442, -88333.91527341786, -88571.33550302214, -86438.66615756348, -0.756, -0.292, 0.578, 192.0, 0.0, 0.0, 0.0, 0.0, 0.0, 0.0, 0.0, 0.0, 0.0, 1.769680292643588E9, 0.0, 2026-01-29 15:21:32.643
82.0, 68817.62371273324, -110290.70440419966, 67295.71578451584, -173415.20469369946, -129254.21497276009, -88342.27482584416, -88575.69409319092, -86444.61172158859, -0.764, -0.298, 0.5760000000000001, 192.0, 232.0, 32.0, 246.0, 176.0, 18.0, 0.0, 0.0, 0.0, 0.0, 1.769680292643687E9, 0.0, 2026-01-29 15:21:32.643
83.0, 68959.55729002444, -121524.9817401149, 52263.27356854363, -184925.0566870042, -129263.08861530885, -88350.72378524826, -88579.1586135815, -86449.86438153558, -0.764, -0.298, 0.5760000000000001, 192.0, 0.0, 0.0, 0.0, 0.0, 0.0, 0.0, 0.0, 0.0, 0.0, 1.769680292643794E9, 0.0, 2026-01-29 15:21:32.643
84.0, 68941.25121131554, -118524.93059932359, 61572.90924464575, -180721.6099764836, -129261.79221413043, -88351.90842770439, -88580.47736650436, -86451.89839028101, -0.764, -0.298, 0.5760000000000001, 192.0, 0.0, 0.0, 0.0, 0.0, 0.0, 0.0, 0.0, 0.0, 0.0, 1.769680292643875E9, 0.0, 2026-01-29 15:21:32.643
85.0, 68776.25063374647, -104658.24361541792, 68880.76739081948, -165601.12423910192, -129251.21983900308, -88345.0017386677, -88578.1080815921, -86449.5067536243, -0.764, -0.298, 0.5760000000000001, 192.0, 0.0, 0.0, 0.0, 0.0, 0.0, 0.0, 0.0, 0.0, 0.0, 1.769680292702709E9, 0.0, 2026-01-29 15:21:32.702
86.0, 68699.78531596487, -99387.47875541195, 68827.30201808238, -161011.32762567134, -129247.59885640131, -88342.69950898881, -88577.4598810029, -86449.41734664647, -0.764, -0.298, 0.5760000000000001, 192.0, 0.0, 0.0, 0.0, 0.0, 0.0, 0.0, 0.0, 0.0, 0.0, 1.769680292702821E9, 0.0, 2026-01-29 15:21:32.702
87.0, 68818.07074762235, -110344.12507344784, 67213.43901317586, -173477.96839212996, -129255.42196696067, -88349.11445964748, -88579.73975893734, -86453.21714320387, -0.764, -0.298, 0.5760000000000001, 192.0, 0.0, 0.0, 0.0, 0.0, 0.0, 0.0, 0.0, 0.0, 0.0, 1.769680292702905E9, 0.0, 2026-01-29 15:21:32.702
88.0, 68960.40665631375, -121603.27990094185, 51893.285142574925, -184989.7202837134, -129264.65323742072, -88357.87634347395, -88583.58425898365, -86458.71567233988, -0.764, -0.298, 0.5760000000000001, 192.0, 0.0, 0.0, 0.0, 0.0, 0.0, 0.0, 0.0, 0.0, 0.0, 1.76968029270299E9, 0.0, 2026-01-29 15:21:32.702
89.0, 68940.55830723743, -118552.62441070372, 61505.541086857455, -180735.0210231568, -129262.12749029727, -88357.76458475168, -88583.58425898365, -86459.83325956264, -0.764, -0.298, 0.5760000000000001, 192.0, 0.0, 0.0, 0.0, 0.0, 0.0, 0.0, 0.0, 0.0, 0.0, 1.769680292703124E9, 0.0, 2026-01-29 15:21:32.703
90.0, 68774.61895640123, -104669.48654287893, 68879.0016030075, -165611.4507450403, -129250.4598796916, -88349.78501198113, -88580.164442082, -86456.52520138327, -0.764, -0.298, 0.5760000000000001, 192.0, 0.0, 0.0, 0.0, 0.0, 0.0, 0.0, 0.0, 0.0, 0.0, 1.769680292703241E9, 0.0, 2026-01-29 15:21:32.703
91.0, 68700.50057178743, -99445.01214563992, 68827.9502186716, -161081.55680674993, -129248.96231281309, -88349.40503232539, -88581.52789849376, -86458.38039617306, -0.764, -0.298, 0.5760000000000001, 192.0, 0.0, 0.0, 0.0, 0.0, 0.0, 0.0, 0.0, 0.0, 0.0, 1.769680292703323E9, 0.0, 2026-01-29 15:21:32.703
92.0, 68820.88706742371, -110412.05202484752, 67194.75295481122, -173540.46386962698, -129258.77472862897, -88357.78693649614, -88585.81943342918, -86464.01303577579, -0.76, -0.296, 0.5740000000000001, 192.0, 232.0, 64.0, 246.0, 192.0, 17.0, 240.0, 0.0, 0.0, 0.0, 1.769680292703433E9, 0.0, 2026-01-29 15:21:32.703
93.0, 68961.14426388076, -121643.15541305012, 51804.45931010954, -185018.15170266054, -129266.35196999932, -88364.69362553283, -88587.94284915243, -86467.83518407764, -0.76, -0.296, 0.5740000000000001, 192.0, 0.0, 0.0, 0.0, 0.0, 0.0, 0.0, 0.0, 0.0, 0.0, 1.769680292703522E9, 0.0, 2026-01-29 15:21:32.703
94.0, 68942.59231598287, -118529.93739008158, 61530.485633669574, -180709.22711005536, -129266.15080429922, -88366.99585521172, -88590.40154104252, -86471.16559400149, -0.76, -0.296, 0.5740000000000001, 192.0, 0.0, 0.0, 0.0, 0.0, 0.0, 0.0, 0.0, 0.0, 0.0, 1.769680292703603E9, 0.0, 2026-01-29 15:21:32.703
95.0, 68779.40222971466, -104621.07266438875, 68884.8130565659, -165591.2224163082, -129257.90301059521, -88362.4584510873, -88590.28978232024, -86471.23264923485, -0.76, -0.296, 0.5740000000000001, 192.0, 0.0, 0.0, 0.0, 0.0, 0.0, 0.0, 0.0, 0.0, 0.0, 1.769680292703685E9, 0.0, 2026-01-29 15:21:32.703
96.0, 68703.74157473345, -99430.3717530217, 68831.25827685097, -161112.84924898736, -129254.48319369355, -88360.13386966394, -88589.84274743113, -86471.27735272376, -0.76, -0.296, 0.5740000000000001, 192.0, 0.0, 0.0, 0.0, 0.0, 0.0, 0.0, 0.0, 0.0, 0.0, 1.769680292703788E9, 0.0, 2026-01-29 15:21:32.703
97.0, 68820.97647440154, -110454.85561547944, 67117.66178818487, -173621.35483281076, -129260.6075716743, -88364.5595150661, -88590.49094802034, -86473.24430623584, -0.76, -0.296, 0.5740000000000001, 192.0, 0.0, 0.0, 0.0, 0.0, 0.0, 0.0, 0.0, 0.0, 0.0, 1.769680292703887E9, 0.0, 2026-01-29 15:21:32.703
98.0, 68961.77011272551, -121688.95413743904, 51419.450511866875, -185070.74535736386, -129268.69890316713, -88372.00264596971, -88593.17315735498, -86477.60289640461, -0.76, -0.296, 0.5740000000000001, 192.0, 0.0, 0.0, 0.0, 0.0, 0.0, 0.0, 0.0, 0.0, 0.0, 1.769680292703989E9, 0.0, 2026-01-29 15:21:32.703
99.0, 68941.81000492693, -118512.92771255109, 61429.20987954258, -180692.53035694725, -129267.78248164446, -88373.47786110376, -88594.78248295576, -86480.15099527252, -0.76, -0.296, 0.5740000000000001, 192.0, 0.0, 0.0, 0.0, 0.0, 0.0, 0.0, 0.0, 0.0, 0.0, 1.76968029270407E9, 0.0, 2026-01-29 15:21:32.704
